id,x_studio_sequence,x_active,x_studio_normal_rate,x_studio_charge_name,x_studio_charge_group,x_studio_concessional_rate,x_studio_tariff_date_ids/id,x_studio_misc_charge_line_id/id,x_studio_charge_value,x_studio_company_id/id
tariff_rates_id_17121,10,1,20.0,CID,Duty,0.0,Jinasena_MasterData_Purchase.tariff_date_id_743,,0.0,Jinasena_MasterData_Common.res_company_jinasena_agricultural_machinery_pvt_ltd
tariff_rates_id_17122,10,1,0.0,EIC,Duty,0.0,Jinasena_MasterData_Purchase.tariff_date_id_743,,0.0,Jinasena_MasterData_Common.res_company_jinasena_agricultural_machinery_pvt_ltd
tariff_rates_id_17123,10,1,0.0,ESC,Duty,0.0,Jinasena_MasterData_Purchase.tariff_date_id_743,,0.0,Jinasena_MasterData_Common.res_company_jinasena_agricultural_machinery_pvt_ltd
tariff_rates_id_17124,10,1,0.0,Excise,Duty,0.0,Jinasena_MasterData_Purchase.tariff_date_id_743,,0.0,Jinasena_MasterData_Common.res_company_jinasena_agricultural_machinery_pvt_ltd
tariff_rates_id_17125,10,1,10.0,PAL,Duty,0.0,Jinasena_MasterData_Purchase.tariff_date_id_743,,0.0,Jinasena_MasterData_Common.res_company_jinasena_agricultural_machinery_pvt_ltd
tariff_rates_id_17126,10,1,0.0,RIDL,Duty,0.0,Jinasena_MasterData_Purchase.tariff_date_id_743,,0.0,Jinasena_MasterData_Common.res_company_jinasena_agricultural_machinery_pvt_ltd
tariff_rates_id_17127,10,1,0.0,SRL,Duty,0.0,Jinasena_MasterData_Purchase.tariff_date_id_743,,0.0,Jinasena_MasterData_Common.res_company_jinasena_agricultural_machinery_pvt_ltd
tariff_rates_id_17128,10,1,0.0,Surcharge,Duty,0.0,Jinasena_MasterData_Purchase.tariff_date_id_743,,0.0,Jinasena_MasterData_Common.res_company_jinasena_agricultural_machinery_pvt_ltd
tariff_rates_id_17129,10,1,0.0,NBT,Taxes,0.0,Jinasena_MasterData_Purchase.tariff_date_id_743,,0.0,Jinasena_MasterData_Common.res_company_jinasena_agricultural_machinery_pvt_ltd
tariff_rates_id_17130,10,1,0.0,NBT-N,Taxes,0.0,Jinasena_MasterData_Purchase.tariff_date_id_743,,0.0,Jinasena_MasterData_Common.res_company_jinasena_agricultural_machinery_pvt_ltd
tariff_rates_id_17131,10,1,2.5,SSCL,Taxes,0.0,Jinasena_MasterData_Purchase.tariff_date_id_743,,0.0,Jinasena_MasterData_Common.res_company_jinasena_agricultural_machinery_pvt_ltd
tariff_rates_id_17132,10,1,18.0,VAT-on-Item,Taxes,0.0,Jinasena_MasterData_Purchase.tariff_date_id_743,,0.0,Jinasena_MasterData_Common.res_company_jinasena_agricultural_machinery_pvt_ltd
tariff_rates_id_17133,10,1,18.0,VAT-on-GL,Taxes,0.0,Jinasena_MasterData_Purchase.tariff_date_id_743,,0.0,Jinasena_MasterData_Common.res_company_jinasena_agricultural_machinery_pvt_ltd
tariff_rates_id_17134,10,1,0.0,CID,Duty,0.0,Jinasena_MasterData_Purchase.tariff_date_id_744,,0.0,Jinasena_MasterData_Common.res_company_jinasena_agricultural_machinery_pvt_ltd
tariff_rates_id_17135,10,1,0.0,EIC,Duty,0.0,Jinasena_MasterData_Purchase.tariff_date_id_744,,0.0,Jinasena_MasterData_Common.res_company_jinasena_agricultural_machinery_pvt_ltd
tariff_rates_id_17136,10,1,0.0,ESC,Duty,0.0,Jinasena_MasterData_Purchase.tariff_date_id_744,,0.0,Jinasena_MasterData_Common.res_company_jinasena_agricultural_machinery_pvt_ltd
tariff_rates_id_17137,10,1,0.0,Excise,Duty,0.0,Jinasena_MasterData_Purchase.tariff_date_id_744,,0.0,Jinasena_MasterData_Common.res_company_jinasena_agricultural_machinery_pvt_ltd
tariff_rates_id_17138,10,1,10.0,PAL,Duty,0.0,Jinasena_MasterData_Purchase.tariff_date_id_744,,0.0,Jinasena_MasterData_Common.res_company_jinasena_agricultural_machinery_pvt_ltd
tariff_rates_id_17139,10,1,0.0,RIDL,Duty,0.0,Jinasena_MasterData_Purchase.tariff_date_id_744,,0.0,Jinasena_MasterData_Common.res_company_jinasena_agricultural_machinery_pvt_ltd
tariff_rates_id_17140,10,1,0.0,SRL,Duty,0.0,Jinasena_MasterData_Purchase.tariff_date_id_744,,0.0,Jinasena_MasterData_Common.res_company_jinasena_agricultural_machinery_pvt_ltd
tariff_rates_id_17141,10,1,0.0,Surcharge,Duty,0.0,Jinasena_MasterData_Purchase.tariff_date_id_744,,0.0,Jinasena_MasterData_Common.res_company_jinasena_agricultural_machinery_pvt_ltd
tariff_rates_id_17142,10,1,0.0,NBT,Taxes,0.0,Jinasena_MasterData_Purchase.tariff_date_id_744,,0.0,Jinasena_MasterData_Common.res_company_jinasena_agricultural_machinery_pvt_ltd
tariff_rates_id_17143,10,1,0.0,NBT-N,Taxes,0.0,Jinasena_MasterData_Purchase.tariff_date_id_744,,0.0,Jinasena_MasterData_Common.res_company_jinasena_agricultural_machinery_pvt_ltd
tariff_rates_id_17144,10,1,2.5,SSCL,Taxes,0.0,Jinasena_MasterData_Purchase.tariff_date_id_744,,0.0,Jinasena_MasterData_Common.res_company_jinasena_agricultural_machinery_pvt_ltd
tariff_rates_id_17145,10,1,18.0,VAT-on-Item,Taxes,0.0,Jinasena_MasterData_Purchase.tariff_date_id_744,,0.0,Jinasena_MasterData_Common.res_company_jinasena_agricultural_machinery_pvt_ltd
tariff_rates_id_17146,10,1,18.0,VAT-on-GL,Taxes,0.0,Jinasena_MasterData_Purchase.tariff_date_id_744,,0.0,Jinasena_MasterData_Common.res_company_jinasena_agricultural_machinery_pvt_ltd
tariff_rates_id_17147,10,1,20.0,CID,Duty,0.0,Jinasena_MasterData_Purchase.tariff_date_id_745,,0.0,Jinasena_MasterData_Common.res_company_jinasena_agricultural_machinery_pvt_ltd
tariff_rates_id_17148,10,1,10.0,EIC,Duty,0.0,Jinasena_MasterData_Purchase.tariff_date_id_745,,0.0,Jinasena_MasterData_Common.res_company_jinasena_agricultural_machinery_pvt_ltd
tariff_rates_id_17149,10,1,0.0,ESC,Duty,0.0,Jinasena_MasterData_Purchase.tariff_date_id_745,,0.0,Jinasena_MasterData_Common.res_company_jinasena_agricultural_machinery_pvt_ltd
tariff_rates_id_17150,10,1,0.0,Excise,Duty,0.0,Jinasena_MasterData_Purchase.tariff_date_id_745,,0.0,Jinasena_MasterData_Common.res_company_jinasena_agricultural_machinery_pvt_ltd
tariff_rates_id_17151,10,1,7.5,PAL,Duty,0.0,Jinasena_MasterData_Purchase.tariff_date_id_745,,0.0,Jinasena_MasterData_Common.res_company_jinasena_agricultural_machinery_pvt_ltd
tariff_rates_id_17152,10,1,0.0,RIDL,Duty,0.0,Jinasena_MasterData_Purchase.tariff_date_id_745,,0.0,Jinasena_MasterData_Common.res_company_jinasena_agricultural_machinery_pvt_ltd
tariff_rates_id_17153,10,1,0.0,SRL,Duty,0.0,Jinasena_MasterData_Purchase.tariff_date_id_745,,0.0,Jinasena_MasterData_Common.res_company_jinasena_agricultural_machinery_pvt_ltd
tariff_rates_id_17154,10,1,0.0,Surcharge,Duty,0.0,Jinasena_MasterData_Purchase.tariff_date_id_745,,0.0,Jinasena_MasterData_Common.res_company_jinasena_agricultural_machinery_pvt_ltd
tariff_rates_id_17155,10,1,0.0,NBT,Taxes,0.0,Jinasena_MasterData_Purchase.tariff_date_id_745,,0.0,Jinasena_MasterData_Common.res_company_jinasena_agricultural_machinery_pvt_ltd
tariff_rates_id_17156,10,1,0.0,NBT-N,Taxes,0.0,Jinasena_MasterData_Purchase.tariff_date_id_745,,0.0,Jinasena_MasterData_Common.res_company_jinasena_agricultural_machinery_pvt_ltd
tariff_rates_id_17157,10,1,2.5,SSCL,Taxes,0.0,Jinasena_MasterData_Purchase.tariff_date_id_745,,0.0,Jinasena_MasterData_Common.res_company_jinasena_agricultural_machinery_pvt_ltd
tariff_rates_id_17158,10,1,18.0,VAT-on-Item,Taxes,0.0,Jinasena_MasterData_Purchase.tariff_date_id_745,,0.0,Jinasena_MasterData_Common.res_company_jinasena_agricultural_machinery_pvt_ltd
tariff_rates_id_17159,10,1,18.0,VAT-on-GL,Taxes,0.0,Jinasena_MasterData_Purchase.tariff_date_id_745,,0.0,Jinasena_MasterData_Common.res_company_jinasena_agricultural_machinery_pvt_ltd
tariff_rates_id_17160,10,1,20.0,CID,Duty,0.0,Jinasena_MasterData_Purchase.tariff_date_id_746,,0.0,Jinasena_MasterData_Common.res_company_jinasena_agricultural_machinery_pvt_ltd
tariff_rates_id_17161,10,1,4.0,EIC,Duty,0.0,Jinasena_MasterData_Purchase.tariff_date_id_746,,0.0,Jinasena_MasterData_Common.res_company_jinasena_agricultural_machinery_pvt_ltd
tariff_rates_id_17162,10,1,0.0,ESC,Duty,0.0,Jinasena_MasterData_Purchase.tariff_date_id_746,,0.0,Jinasena_MasterData_Common.res_company_jinasena_agricultural_machinery_pvt_ltd
tariff_rates_id_17163,10,1,0.0,Excise,Duty,0.0,Jinasena_MasterData_Purchase.tariff_date_id_746,,0.0,Jinasena_MasterData_Common.res_company_jinasena_agricultural_machinery_pvt_ltd
tariff_rates_id_17164,10,1,7.5,PAL,Duty,0.0,Jinasena_MasterData_Purchase.tariff_date_id_746,,0.0,Jinasena_MasterData_Common.res_company_jinasena_agricultural_machinery_pvt_ltd
tariff_rates_id_17165,10,1,0.0,RIDL,Duty,0.0,Jinasena_MasterData_Purchase.tariff_date_id_746,,0.0,Jinasena_MasterData_Common.res_company_jinasena_agricultural_machinery_pvt_ltd
tariff_rates_id_17166,10,1,0.0,SRL,Duty,0.0,Jinasena_MasterData_Purchase.tariff_date_id_746,,0.0,Jinasena_MasterData_Common.res_company_jinasena_agricultural_machinery_pvt_ltd
tariff_rates_id_17167,10,1,0.0,Surcharge,Duty,0.0,Jinasena_MasterData_Purchase.tariff_date_id_746,,0.0,Jinasena_MasterData_Common.res_company_jinasena_agricultural_machinery_pvt_ltd
tariff_rates_id_17168,10,1,0.0,NBT,Taxes,0.0,Jinasena_MasterData_Purchase.tariff_date_id_746,,0.0,Jinasena_MasterData_Common.res_company_jinasena_agricultural_machinery_pvt_ltd
tariff_rates_id_17169,10,1,0.0,NBT-N,Taxes,0.0,Jinasena_MasterData_Purchase.tariff_date_id_746,,0.0,Jinasena_MasterData_Common.res_company_jinasena_agricultural_machinery_pvt_ltd
tariff_rates_id_17170,10,1,2.5,SSCL,Taxes,0.0,Jinasena_MasterData_Purchase.tariff_date_id_746,,0.0,Jinasena_MasterData_Common.res_company_jinasena_agricultural_machinery_pvt_ltd
tariff_rates_id_17171,10,1,18.0,VAT-on-Item,Taxes,0.0,Jinasena_MasterData_Purchase.tariff_date_id_746,,0.0,Jinasena_MasterData_Common.res_company_jinasena_agricultural_machinery_pvt_ltd
tariff_rates_id_17172,10,1,18.0,VAT-on-GL,Taxes,0.0,Jinasena_MasterData_Purchase.tariff_date_id_746,,0.0,Jinasena_MasterData_Common.res_company_jinasena_agricultural_machinery_pvt_ltd
tariff_rates_id_17173,10,1,20.0,CID,Duty,0.0,Jinasena_MasterData_Purchase.tariff_date_id_747,,0.0,Jinasena_MasterData_Common.res_company_jinasena_agricultural_machinery_pvt_ltd
tariff_rates_id_17174,10,1,0.0,EIC,Duty,0.0,Jinasena_MasterData_Purchase.tariff_date_id_747,,0.0,Jinasena_MasterData_Common.res_company_jinasena_agricultural_machinery_pvt_ltd
tariff_rates_id_17175,10,1,0.0,ESC,Duty,0.0,Jinasena_MasterData_Purchase.tariff_date_id_747,,0.0,Jinasena_MasterData_Common.res_company_jinasena_agricultural_machinery_pvt_ltd
tariff_rates_id_17176,10,1,0.0,Excise,Duty,0.0,Jinasena_MasterData_Purchase.tariff_date_id_747,,0.0,Jinasena_MasterData_Common.res_company_jinasena_agricultural_machinery_pvt_ltd
tariff_rates_id_17177,10,1,5.0,PAL,Duty,0.0,Jinasena_MasterData_Purchase.tariff_date_id_747,,0.0,Jinasena_MasterData_Common.res_company_jinasena_agricultural_machinery_pvt_ltd
tariff_rates_id_17178,10,1,0.0,RIDL,Duty,0.0,Jinasena_MasterData_Purchase.tariff_date_id_747,,0.0,Jinasena_MasterData_Common.res_company_jinasena_agricultural_machinery_pvt_ltd
tariff_rates_id_17179,10,1,0.0,SRL,Duty,0.0,Jinasena_MasterData_Purchase.tariff_date_id_747,,0.0,Jinasena_MasterData_Common.res_company_jinasena_agricultural_machinery_pvt_ltd
tariff_rates_id_17180,10,1,0.0,Surcharge,Duty,0.0,Jinasena_MasterData_Purchase.tariff_date_id_747,,0.0,Jinasena_MasterData_Common.res_company_jinasena_agricultural_machinery_pvt_ltd
tariff_rates_id_17181,10,1,0.0,NBT,Taxes,0.0,Jinasena_MasterData_Purchase.tariff_date_id_747,,0.0,Jinasena_MasterData_Common.res_company_jinasena_agricultural_machinery_pvt_ltd
tariff_rates_id_17182,10,1,0.0,NBT-N,Taxes,0.0,Jinasena_MasterData_Purchase.tariff_date_id_747,,0.0,Jinasena_MasterData_Common.res_company_jinasena_agricultural_machinery_pvt_ltd
tariff_rates_id_17183,10,1,2.5,SSCL,Taxes,0.0,Jinasena_MasterData_Purchase.tariff_date_id_747,,0.0,Jinasena_MasterData_Common.res_company_jinasena_agricultural_machinery_pvt_ltd
tariff_rates_id_17184,10,1,18.0,VAT-on-Item,Taxes,0.0,Jinasena_MasterData_Purchase.tariff_date_id_747,,0.0,Jinasena_MasterData_Common.res_company_jinasena_agricultural_machinery_pvt_ltd
tariff_rates_id_17185,10,1,18.0,VAT-on-GL,Taxes,0.0,Jinasena_MasterData_Purchase.tariff_date_id_747,,0.0,Jinasena_MasterData_Common.res_company_jinasena_agricultural_machinery_pvt_ltd
tariff_rates_id_17186,10,1,0.0,CID,Duty,0.0,Jinasena_MasterData_Purchase.tariff_date_id_748,,0.0,Jinasena_MasterData_Common.res_company_jinasena_agricultural_machinery_pvt_ltd
tariff_rates_id_17187,10,1,0.0,EIC,Duty,0.0,Jinasena_MasterData_Purchase.tariff_date_id_748,,0.0,Jinasena_MasterData_Common.res_company_jinasena_agricultural_machinery_pvt_ltd
tariff_rates_id_17188,10,1,0.0,ESC,Duty,0.0,Jinasena_MasterData_Purchase.tariff_date_id_748,,0.0,Jinasena_MasterData_Common.res_company_jinasena_agricultural_machinery_pvt_ltd
tariff_rates_id_17189,10,1,0.0,Excise,Duty,0.0,Jinasena_MasterData_Purchase.tariff_date_id_748,,0.0,Jinasena_MasterData_Common.res_company_jinasena_agricultural_machinery_pvt_ltd
tariff_rates_id_17190,10,1,0.0,PAL,Duty,0.0,Jinasena_MasterData_Purchase.tariff_date_id_748,,0.0,Jinasena_MasterData_Common.res_company_jinasena_agricultural_machinery_pvt_ltd
tariff_rates_id_17191,10,1,0.0,RIDL,Duty,0.0,Jinasena_MasterData_Purchase.tariff_date_id_748,,0.0,Jinasena_MasterData_Common.res_company_jinasena_agricultural_machinery_pvt_ltd
tariff_rates_id_17192,10,1,0.0,SRL,Duty,0.0,Jinasena_MasterData_Purchase.tariff_date_id_748,,0.0,Jinasena_MasterData_Common.res_company_jinasena_agricultural_machinery_pvt_ltd
tariff_rates_id_17193,10,1,0.0,Surcharge,Duty,0.0,Jinasena_MasterData_Purchase.tariff_date_id_748,,0.0,Jinasena_MasterData_Common.res_company_jinasena_agricultural_machinery_pvt_ltd
tariff_rates_id_17194,10,1,0.0,NBT,Taxes,0.0,Jinasena_MasterData_Purchase.tariff_date_id_748,,0.0,Jinasena_MasterData_Common.res_company_jinasena_agricultural_machinery_pvt_ltd
tariff_rates_id_17195,10,1,0.0,NBT-N,Taxes,0.0,Jinasena_MasterData_Purchase.tariff_date_id_748,,0.0,Jinasena_MasterData_Common.res_company_jinasena_agricultural_machinery_pvt_ltd
tariff_rates_id_17196,10,1,2.5,SSCL,Taxes,0.0,Jinasena_MasterData_Purchase.tariff_date_id_748,,0.0,Jinasena_MasterData_Common.res_company_jinasena_agricultural_machinery_pvt_ltd
tariff_rates_id_17197,10,1,18.0,VAT-on-Item,Taxes,0.0,Jinasena_MasterData_Purchase.tariff_date_id_748,,0.0,Jinasena_MasterData_Common.res_company_jinasena_agricultural_machinery_pvt_ltd
tariff_rates_id_17198,10,1,18.0,VAT-on-GL,Taxes,0.0,Jinasena_MasterData_Purchase.tariff_date_id_748,,0.0,Jinasena_MasterData_Common.res_company_jinasena_agricultural_machinery_pvt_ltd
tariff_rates_id_17199,10,1,0.0,CID,Duty,0.0,Jinasena_MasterData_Purchase.tariff_date_id_749,,0.0,Jinasena_MasterData_Common.res_company_jinasena_agricultural_machinery_pvt_ltd
tariff_rates_id_17200,10,1,0.0,EIC,Duty,0.0,Jinasena_MasterData_Purchase.tariff_date_id_749,,0.0,Jinasena_MasterData_Common.res_company_jinasena_agricultural_machinery_pvt_ltd
tariff_rates_id_17201,10,1,0.0,ESC,Duty,0.0,Jinasena_MasterData_Purchase.tariff_date_id_749,,0.0,Jinasena_MasterData_Common.res_company_jinasena_agricultural_machinery_pvt_ltd
tariff_rates_id_17202,10,1,0.0,Excise,Duty,0.0,Jinasena_MasterData_Purchase.tariff_date_id_749,,0.0,Jinasena_MasterData_Common.res_company_jinasena_agricultural_machinery_pvt_ltd
tariff_rates_id_17203,10,1,5.0,PAL,Duty,0.0,Jinasena_MasterData_Purchase.tariff_date_id_749,,0.0,Jinasena_MasterData_Common.res_company_jinasena_agricultural_machinery_pvt_ltd
tariff_rates_id_17204,10,1,0.0,RIDL,Duty,0.0,Jinasena_MasterData_Purchase.tariff_date_id_749,,0.0,Jinasena_MasterData_Common.res_company_jinasena_agricultural_machinery_pvt_ltd
tariff_rates_id_17205,10,1,0.0,SRL,Duty,0.0,Jinasena_MasterData_Purchase.tariff_date_id_749,,0.0,Jinasena_MasterData_Common.res_company_jinasena_agricultural_machinery_pvt_ltd
tariff_rates_id_17206,10,1,0.0,Surcharge,Duty,0.0,Jinasena_MasterData_Purchase.tariff_date_id_749,,0.0,Jinasena_MasterData_Common.res_company_jinasena_agricultural_machinery_pvt_ltd
tariff_rates_id_17207,10,1,0.0,NBT,Taxes,0.0,Jinasena_MasterData_Purchase.tariff_date_id_749,,0.0,Jinasena_MasterData_Common.res_company_jinasena_agricultural_machinery_pvt_ltd
tariff_rates_id_17208,10,1,0.0,NBT-N,Taxes,0.0,Jinasena_MasterData_Purchase.tariff_date_id_749,,0.0,Jinasena_MasterData_Common.res_company_jinasena_agricultural_machinery_pvt_ltd
tariff_rates_id_17209,10,1,8.0,VAT-on-Item,Taxes,0.0,Jinasena_MasterData_Purchase.tariff_date_id_749,,0.0,Jinasena_MasterData_Common.res_company_jinasena_agricultural_machinery_pvt_ltd
tariff_rates_id_17210,10,1,8.0,VAT-on-GL,Taxes,0.0,Jinasena_MasterData_Purchase.tariff_date_id_749,,0.0,Jinasena_MasterData_Common.res_company_jinasena_agricultural_machinery_pvt_ltd
tariff_rates_id_17211,10,1,0.0,CID,Duty,0.0,Jinasena_MasterData_Purchase.tariff_date_id_750,,0.0,Jinasena_MasterData_Common.res_company_jinasena_agricultural_machinery_pvt_ltd
tariff_rates_id_17212,10,1,0.0,EIC,Duty,0.0,Jinasena_MasterData_Purchase.tariff_date_id_750,,0.0,Jinasena_MasterData_Common.res_company_jinasena_agricultural_machinery_pvt_ltd
tariff_rates_id_17213,10,1,0.0,ESC,Duty,0.0,Jinasena_MasterData_Purchase.tariff_date_id_750,,0.0,Jinasena_MasterData_Common.res_company_jinasena_agricultural_machinery_pvt_ltd
tariff_rates_id_17214,10,1,0.0,Excise,Duty,0.0,Jinasena_MasterData_Purchase.tariff_date_id_750,,0.0,Jinasena_MasterData_Common.res_company_jinasena_agricultural_machinery_pvt_ltd
tariff_rates_id_17215,10,1,5.0,PAL,Duty,0.0,Jinasena_MasterData_Purchase.tariff_date_id_750,,0.0,Jinasena_MasterData_Common.res_company_jinasena_agricultural_machinery_pvt_ltd
tariff_rates_id_17216,10,1,0.0,RIDL,Duty,0.0,Jinasena_MasterData_Purchase.tariff_date_id_750,,0.0,Jinasena_MasterData_Common.res_company_jinasena_agricultural_machinery_pvt_ltd
tariff_rates_id_17217,10,1,0.0,SRL,Duty,0.0,Jinasena_MasterData_Purchase.tariff_date_id_750,,0.0,Jinasena_MasterData_Common.res_company_jinasena_agricultural_machinery_pvt_ltd
tariff_rates_id_17218,10,1,0.0,Surcharge,Duty,0.0,Jinasena_MasterData_Purchase.tariff_date_id_750,,0.0,Jinasena_MasterData_Common.res_company_jinasena_agricultural_machinery_pvt_ltd
tariff_rates_id_17219,10,1,0.0,NBT,Taxes,0.0,Jinasena_MasterData_Purchase.tariff_date_id_750,,0.0,Jinasena_MasterData_Common.res_company_jinasena_agricultural_machinery_pvt_ltd
tariff_rates_id_17220,10,1,0.0,NBT-N,Taxes,0.0,Jinasena_MasterData_Purchase.tariff_date_id_750,,0.0,Jinasena_MasterData_Common.res_company_jinasena_agricultural_machinery_pvt_ltd
tariff_rates_id_17221,10,1,2.5,SSCL,Taxes,0.0,Jinasena_MasterData_Purchase.tariff_date_id_750,,0.0,Jinasena_MasterData_Common.res_company_jinasena_agricultural_machinery_pvt_ltd
tariff_rates_id_17222,10,1,18.0,VAT-on-Item,Taxes,0.0,Jinasena_MasterData_Purchase.tariff_date_id_750,,0.0,Jinasena_MasterData_Common.res_company_jinasena_agricultural_machinery_pvt_ltd
tariff_rates_id_17223,10,1,18.0,VAT-on-GL,Taxes,0.0,Jinasena_MasterData_Purchase.tariff_date_id_750,,0.0,Jinasena_MasterData_Common.res_company_jinasena_agricultural_machinery_pvt_ltd
tariff_rates_id_17224,10,1,20.0,CID,Duty,0.0,Jinasena_MasterData_Purchase.tariff_date_id_751,,0.0,Jinasena_MasterData_Common.res_company_jinasena_agricultural_machinery_pvt_ltd
tariff_rates_id_17225,10,1,0.0,EIC,Duty,0.0,Jinasena_MasterData_Purchase.tariff_date_id_751,,0.0,Jinasena_MasterData_Common.res_company_jinasena_agricultural_machinery_pvt_ltd
tariff_rates_id_17226,10,1,0.0,ESC,Duty,0.0,Jinasena_MasterData_Purchase.tariff_date_id_751,,0.0,Jinasena_MasterData_Common.res_company_jinasena_agricultural_machinery_pvt_ltd
tariff_rates_id_17227,10,1,0.0,Excise,Duty,0.0,Jinasena_MasterData_Purchase.tariff_date_id_751,,0.0,Jinasena_MasterData_Common.res_company_jinasena_agricultural_machinery_pvt_ltd
tariff_rates_id_17228,10,1,5.0,PAL,Duty,0.0,Jinasena_MasterData_Purchase.tariff_date_id_751,,0.0,Jinasena_MasterData_Common.res_company_jinasena_agricultural_machinery_pvt_ltd
tariff_rates_id_17229,10,1,0.0,RIDL,Duty,0.0,Jinasena_MasterData_Purchase.tariff_date_id_751,,0.0,Jinasena_MasterData_Common.res_company_jinasena_agricultural_machinery_pvt_ltd
tariff_rates_id_17230,10,1,0.0,SRL,Duty,0.0,Jinasena_MasterData_Purchase.tariff_date_id_751,,0.0,Jinasena_MasterData_Common.res_company_jinasena_agricultural_machinery_pvt_ltd
tariff_rates_id_17231,10,1,0.0,Surcharge,Duty,0.0,Jinasena_MasterData_Purchase.tariff_date_id_751,,0.0,Jinasena_MasterData_Common.res_company_jinasena_agricultural_machinery_pvt_ltd
tariff_rates_id_17232,10,1,0.0,NBT,Taxes,0.0,Jinasena_MasterData_Purchase.tariff_date_id_751,,0.0,Jinasena_MasterData_Common.res_company_jinasena_agricultural_machinery_pvt_ltd
tariff_rates_id_17233,10,1,0.0,NBT-N,Taxes,0.0,Jinasena_MasterData_Purchase.tariff_date_id_751,,0.0,Jinasena_MasterData_Common.res_company_jinasena_agricultural_machinery_pvt_ltd
tariff_rates_id_17234,10,1,2.5,SSCL,Taxes,0.0,Jinasena_MasterData_Purchase.tariff_date_id_751,,0.0,Jinasena_MasterData_Common.res_company_jinasena_agricultural_machinery_pvt_ltd
tariff_rates_id_17235,10,1,18.0,VAT-on-Item,Taxes,0.0,Jinasena_MasterData_Purchase.tariff_date_id_751,,0.0,Jinasena_MasterData_Common.res_company_jinasena_agricultural_machinery_pvt_ltd
tariff_rates_id_17236,10,1,18.0,VAT-on-GL,Taxes,0.0,Jinasena_MasterData_Purchase.tariff_date_id_751,,0.0,Jinasena_MasterData_Common.res_company_jinasena_agricultural_machinery_pvt_ltd
tariff_rates_id_17237,10,1,20.0,CID,Duty,0.0,Jinasena_MasterData_Purchase.tariff_date_id_752,,0.0,Jinasena_MasterData_Common.res_company_jinasena_agricultural_machinery_pvt_ltd
tariff_rates_id_17238,10,1,0.0,EIC,Duty,0.0,Jinasena_MasterData_Purchase.tariff_date_id_752,,0.0,Jinasena_MasterData_Common.res_company_jinasena_agricultural_machinery_pvt_ltd
tariff_rates_id_17239,10,1,0.0,ESC,Duty,0.0,Jinasena_MasterData_Purchase.tariff_date_id_752,,0.0,Jinasena_MasterData_Common.res_company_jinasena_agricultural_machinery_pvt_ltd
tariff_rates_id_17240,10,1,0.0,Excise,Duty,0.0,Jinasena_MasterData_Purchase.tariff_date_id_752,,0.0,Jinasena_MasterData_Common.res_company_jinasena_agricultural_machinery_pvt_ltd
tariff_rates_id_17241,10,1,5.0,PAL,Duty,0.0,Jinasena_MasterData_Purchase.tariff_date_id_752,,0.0,Jinasena_MasterData_Common.res_company_jinasena_agricultural_machinery_pvt_ltd
tariff_rates_id_17242,10,1,0.0,RIDL,Duty,0.0,Jinasena_MasterData_Purchase.tariff_date_id_752,,0.0,Jinasena_MasterData_Common.res_company_jinasena_agricultural_machinery_pvt_ltd
tariff_rates_id_17243,10,1,0.0,SRL,Duty,0.0,Jinasena_MasterData_Purchase.tariff_date_id_752,,0.0,Jinasena_MasterData_Common.res_company_jinasena_agricultural_machinery_pvt_ltd
tariff_rates_id_17244,10,1,0.0,Surcharge,Duty,0.0,Jinasena_MasterData_Purchase.tariff_date_id_752,,0.0,Jinasena_MasterData_Common.res_company_jinasena_agricultural_machinery_pvt_ltd
tariff_rates_id_17245,10,1,0.0,NBT,Taxes,0.0,Jinasena_MasterData_Purchase.tariff_date_id_752,,0.0,Jinasena_MasterData_Common.res_company_jinasena_agricultural_machinery_pvt_ltd
tariff_rates_id_17246,10,1,0.0,NBT-N,Taxes,0.0,Jinasena_MasterData_Purchase.tariff_date_id_752,,0.0,Jinasena_MasterData_Common.res_company_jinasena_agricultural_machinery_pvt_ltd
tariff_rates_id_17247,10,1,2.5,SSCL,Taxes,0.0,Jinasena_MasterData_Purchase.tariff_date_id_752,,0.0,Jinasena_MasterData_Common.res_company_jinasena_agricultural_machinery_pvt_ltd
tariff_rates_id_17248,10,1,18.0,VAT-on-Item,Taxes,0.0,Jinasena_MasterData_Purchase.tariff_date_id_752,,0.0,Jinasena_MasterData_Common.res_company_jinasena_agricultural_machinery_pvt_ltd
tariff_rates_id_17249,10,1,18.0,VAT-on-GL,Taxes,0.0,Jinasena_MasterData_Purchase.tariff_date_id_752,,0.0,Jinasena_MasterData_Common.res_company_jinasena_agricultural_machinery_pvt_ltd
tariff_rates_id_17250,10,1,0.0,CID,Duty,0.0,Jinasena_MasterData_Purchase.tariff_date_id_753,,0.0,Jinasena_MasterData_Common.res_company_jinasena_agricultural_machinery_pvt_ltd
tariff_rates_id_17251,10,1,0.0,EIC,Duty,0.0,Jinasena_MasterData_Purchase.tariff_date_id_753,,0.0,Jinasena_MasterData_Common.res_company_jinasena_agricultural_machinery_pvt_ltd
tariff_rates_id_17252,10,1,0.0,ESC,Duty,0.0,Jinasena_MasterData_Purchase.tariff_date_id_753,,0.0,Jinasena_MasterData_Common.res_company_jinasena_agricultural_machinery_pvt_ltd
tariff_rates_id_17253,10,1,0.0,Excise,Duty,0.0,Jinasena_MasterData_Purchase.tariff_date_id_753,,0.0,Jinasena_MasterData_Common.res_company_jinasena_agricultural_machinery_pvt_ltd
tariff_rates_id_17254,10,1,5.0,PAL,Duty,0.0,Jinasena_MasterData_Purchase.tariff_date_id_753,,0.0,Jinasena_MasterData_Common.res_company_jinasena_agricultural_machinery_pvt_ltd
tariff_rates_id_17255,10,1,0.0,RIDL,Duty,0.0,Jinasena_MasterData_Purchase.tariff_date_id_753,,0.0,Jinasena_MasterData_Common.res_company_jinasena_agricultural_machinery_pvt_ltd
tariff_rates_id_17256,10,1,0.0,SRL,Duty,0.0,Jinasena_MasterData_Purchase.tariff_date_id_753,,0.0,Jinasena_MasterData_Common.res_company_jinasena_agricultural_machinery_pvt_ltd
tariff_rates_id_17257,10,1,0.0,Surcharge,Duty,0.0,Jinasena_MasterData_Purchase.tariff_date_id_753,,0.0,Jinasena_MasterData_Common.res_company_jinasena_agricultural_machinery_pvt_ltd
tariff_rates_id_17258,10,1,0.0,NBT,Taxes,0.0,Jinasena_MasterData_Purchase.tariff_date_id_753,,0.0,Jinasena_MasterData_Common.res_company_jinasena_agricultural_machinery_pvt_ltd
tariff_rates_id_17259,10,1,0.0,NBT-N,Taxes,0.0,Jinasena_MasterData_Purchase.tariff_date_id_753,,0.0,Jinasena_MasterData_Common.res_company_jinasena_agricultural_machinery_pvt_ltd
tariff_rates_id_17260,10,1,2.5,SSCL,Taxes,0.0,Jinasena_MasterData_Purchase.tariff_date_id_753,,0.0,Jinasena_MasterData_Common.res_company_jinasena_agricultural_machinery_pvt_ltd
tariff_rates_id_17261,10,1,18.0,VAT-on-Item,Taxes,0.0,Jinasena_MasterData_Purchase.tariff_date_id_753,,0.0,Jinasena_MasterData_Common.res_company_jinasena_agricultural_machinery_pvt_ltd
tariff_rates_id_17262,10,1,18.0,VAT-on-GL,Taxes,0.0,Jinasena_MasterData_Purchase.tariff_date_id_753,,0.0,Jinasena_MasterData_Common.res_company_jinasena_agricultural_machinery_pvt_ltd
tariff_rates_id_17263,10,1,0.0,CID,Duty,0.0,Jinasena_MasterData_Purchase.tariff_date_id_754,,0.0,Jinasena_MasterData_Common.res_company_jinasena_agricultural_machinery_pvt_ltd
tariff_rates_id_17264,10,1,0.0,EIC,Duty,0.0,Jinasena_MasterData_Purchase.tariff_date_id_754,,0.0,Jinasena_MasterData_Common.res_company_jinasena_agricultural_machinery_pvt_ltd
tariff_rates_id_17265,10,1,0.0,ESC,Duty,0.0,Jinasena_MasterData_Purchase.tariff_date_id_754,,0.0,Jinasena_MasterData_Common.res_company_jinasena_agricultural_machinery_pvt_ltd
tariff_rates_id_17266,10,1,0.0,Excise,Duty,0.0,Jinasena_MasterData_Purchase.tariff_date_id_754,,0.0,Jinasena_MasterData_Common.res_company_jinasena_agricultural_machinery_pvt_ltd
tariff_rates_id_17267,10,1,5.0,PAL,Duty,0.0,Jinasena_MasterData_Purchase.tariff_date_id_754,,0.0,Jinasena_MasterData_Common.res_company_jinasena_agricultural_machinery_pvt_ltd
tariff_rates_id_17268,10,1,0.0,RIDL,Duty,0.0,Jinasena_MasterData_Purchase.tariff_date_id_754,,0.0,Jinasena_MasterData_Common.res_company_jinasena_agricultural_machinery_pvt_ltd
tariff_rates_id_17269,10,1,0.0,SRL,Duty,0.0,Jinasena_MasterData_Purchase.tariff_date_id_754,,0.0,Jinasena_MasterData_Common.res_company_jinasena_agricultural_machinery_pvt_ltd
tariff_rates_id_17270,10,1,0.0,Surcharge,Duty,0.0,Jinasena_MasterData_Purchase.tariff_date_id_754,,0.0,Jinasena_MasterData_Common.res_company_jinasena_agricultural_machinery_pvt_ltd
tariff_rates_id_17271,10,1,0.0,NBT,Taxes,0.0,Jinasena_MasterData_Purchase.tariff_date_id_754,,0.0,Jinasena_MasterData_Common.res_company_jinasena_agricultural_machinery_pvt_ltd
tariff_rates_id_17272,10,1,0.0,NBT-N,Taxes,0.0,Jinasena_MasterData_Purchase.tariff_date_id_754,,0.0,Jinasena_MasterData_Common.res_company_jinasena_agricultural_machinery_pvt_ltd
tariff_rates_id_17273,10,1,2.5,SSCL,Taxes,0.0,Jinasena_MasterData_Purchase.tariff_date_id_754,,0.0,Jinasena_MasterData_Common.res_company_jinasena_agricultural_machinery_pvt_ltd
tariff_rates_id_17274,10,1,18.0,VAT-on-Item,Taxes,0.0,Jinasena_MasterData_Purchase.tariff_date_id_754,,0.0,Jinasena_MasterData_Common.res_company_jinasena_agricultural_machinery_pvt_ltd
tariff_rates_id_17275,10,1,18.0,VAT-on-GL,Taxes,0.0,Jinasena_MasterData_Purchase.tariff_date_id_754,,0.0,Jinasena_MasterData_Common.res_company_jinasena_agricultural_machinery_pvt_ltd
tariff_rates_id_17276,10,1,15.0,CID,Duty,0.0,Jinasena_MasterData_Purchase.tariff_date_id_755,,0.0,Jinasena_MasterData_Common.res_company_jinasena_agricultural_machinery_pvt_ltd
tariff_rates_id_17277,10,1,0.0,EIC,Duty,0.0,Jinasena_MasterData_Purchase.tariff_date_id_755,,0.0,Jinasena_MasterData_Common.res_company_jinasena_agricultural_machinery_pvt_ltd
tariff_rates_id_17278,10,1,0.0,ESC,Duty,0.0,Jinasena_MasterData_Purchase.tariff_date_id_755,,0.0,Jinasena_MasterData_Common.res_company_jinasena_agricultural_machinery_pvt_ltd
tariff_rates_id_17279,10,1,0.0,Excise,Duty,0.0,Jinasena_MasterData_Purchase.tariff_date_id_755,,0.0,Jinasena_MasterData_Common.res_company_jinasena_agricultural_machinery_pvt_ltd
tariff_rates_id_17280,10,1,10.0,PAL,Duty,0.0,Jinasena_MasterData_Purchase.tariff_date_id_755,,0.0,Jinasena_MasterData_Common.res_company_jinasena_agricultural_machinery_pvt_ltd
tariff_rates_id_17281,10,1,0.0,RIDL,Duty,0.0,Jinasena_MasterData_Purchase.tariff_date_id_755,,0.0,Jinasena_MasterData_Common.res_company_jinasena_agricultural_machinery_pvt_ltd
tariff_rates_id_17282,10,1,0.0,SRL,Duty,0.0,Jinasena_MasterData_Purchase.tariff_date_id_755,,0.0,Jinasena_MasterData_Common.res_company_jinasena_agricultural_machinery_pvt_ltd
tariff_rates_id_17283,10,1,0.0,Surcharge,Duty,0.0,Jinasena_MasterData_Purchase.tariff_date_id_755,,0.0,Jinasena_MasterData_Common.res_company_jinasena_agricultural_machinery_pvt_ltd
tariff_rates_id_17284,10,1,0.0,NBT,Taxes,0.0,Jinasena_MasterData_Purchase.tariff_date_id_755,,0.0,Jinasena_MasterData_Common.res_company_jinasena_agricultural_machinery_pvt_ltd
tariff_rates_id_17285,10,1,0.0,NBT-N,Taxes,0.0,Jinasena_MasterData_Purchase.tariff_date_id_755,,0.0,Jinasena_MasterData_Common.res_company_jinasena_agricultural_machinery_pvt_ltd
tariff_rates_id_17286,10,1,2.5,SSCL,Taxes,0.0,Jinasena_MasterData_Purchase.tariff_date_id_755,,0.0,Jinasena_MasterData_Common.res_company_jinasena_agricultural_machinery_pvt_ltd
tariff_rates_id_17287,10,1,18.0,VAT-on-Item,Taxes,0.0,Jinasena_MasterData_Purchase.tariff_date_id_755,,0.0,Jinasena_MasterData_Common.res_company_jinasena_agricultural_machinery_pvt_ltd
tariff_rates_id_17288,10,1,18.0,VAT-on-GL,Taxes,0.0,Jinasena_MasterData_Purchase.tariff_date_id_755,,0.0,Jinasena_MasterData_Common.res_company_jinasena_agricultural_machinery_pvt_ltd
tariff_rates_id_17289,10,1,0.0,CID,Duty,0.0,Jinasena_MasterData_Purchase.tariff_date_id_756,,0.0,Jinasena_MasterData_Common.res_company_jinasena_agricultural_machinery_pvt_ltd
tariff_rates_id_17290,10,1,0.0,EIC,Duty,0.0,Jinasena_MasterData_Purchase.tariff_date_id_756,,0.0,Jinasena_MasterData_Common.res_company_jinasena_agricultural_machinery_pvt_ltd
tariff_rates_id_17291,10,1,0.0,ESC,Duty,0.0,Jinasena_MasterData_Purchase.tariff_date_id_756,,0.0,Jinasena_MasterData_Common.res_company_jinasena_agricultural_machinery_pvt_ltd
tariff_rates_id_17292,10,1,0.0,Excise,Duty,0.0,Jinasena_MasterData_Purchase.tariff_date_id_756,,0.0,Jinasena_MasterData_Common.res_company_jinasena_agricultural_machinery_pvt_ltd
tariff_rates_id_17293,10,1,10.0,PAL,Duty,0.0,Jinasena_MasterData_Purchase.tariff_date_id_756,,0.0,Jinasena_MasterData_Common.res_company_jinasena_agricultural_machinery_pvt_ltd
tariff_rates_id_17294,10,1,0.0,RIDL,Duty,0.0,Jinasena_MasterData_Purchase.tariff_date_id_756,,0.0,Jinasena_MasterData_Common.res_company_jinasena_agricultural_machinery_pvt_ltd
tariff_rates_id_17295,10,1,0.0,SRL,Duty,0.0,Jinasena_MasterData_Purchase.tariff_date_id_756,,0.0,Jinasena_MasterData_Common.res_company_jinasena_agricultural_machinery_pvt_ltd
tariff_rates_id_17296,10,1,0.0,Surcharge,Duty,0.0,Jinasena_MasterData_Purchase.tariff_date_id_756,,0.0,Jinasena_MasterData_Common.res_company_jinasena_agricultural_machinery_pvt_ltd
tariff_rates_id_17297,10,1,0.0,NBT,Taxes,0.0,Jinasena_MasterData_Purchase.tariff_date_id_756,,0.0,Jinasena_MasterData_Common.res_company_jinasena_agricultural_machinery_pvt_ltd
tariff_rates_id_17298,10,1,0.0,NBT-N,Taxes,0.0,Jinasena_MasterData_Purchase.tariff_date_id_756,,0.0,Jinasena_MasterData_Common.res_company_jinasena_agricultural_machinery_pvt_ltd
tariff_rates_id_17299,10,1,2.5,SSCL,Taxes,0.0,Jinasena_MasterData_Purchase.tariff_date_id_756,,0.0,Jinasena_MasterData_Common.res_company_jinasena_agricultural_machinery_pvt_ltd
tariff_rates_id_17300,10,1,18.0,VAT-on-Item,Taxes,0.0,Jinasena_MasterData_Purchase.tariff_date_id_756,,0.0,Jinasena_MasterData_Common.res_company_jinasena_agricultural_machinery_pvt_ltd
tariff_rates_id_17301,10,1,18.0,VAT-on-GL,Taxes,0.0,Jinasena_MasterData_Purchase.tariff_date_id_756,,0.0,Jinasena_MasterData_Common.res_company_jinasena_agricultural_machinery_pvt_ltd
tariff_rates_id_17302,10,1,0.0,CID,Duty,0.0,Jinasena_MasterData_Purchase.tariff_date_id_757,,0.0,Jinasena_MasterData_Common.res_company_jinasena_agricultural_machinery_pvt_ltd
tariff_rates_id_17303,10,1,0.0,EIC,Duty,0.0,Jinasena_MasterData_Purchase.tariff_date_id_757,,0.0,Jinasena_MasterData_Common.res_company_jinasena_agricultural_machinery_pvt_ltd
tariff_rates_id_17304,10,1,0.0,ESC,Duty,0.0,Jinasena_MasterData_Purchase.tariff_date_id_757,,0.0,Jinasena_MasterData_Common.res_company_jinasena_agricultural_machinery_pvt_ltd
tariff_rates_id_17305,10,1,0.0,Excise,Duty,0.0,Jinasena_MasterData_Purchase.tariff_date_id_757,,0.0,Jinasena_MasterData_Common.res_company_jinasena_agricultural_machinery_pvt_ltd
tariff_rates_id_17306,10,1,5.0,PAL,Duty,0.0,Jinasena_MasterData_Purchase.tariff_date_id_757,,0.0,Jinasena_MasterData_Common.res_company_jinasena_agricultural_machinery_pvt_ltd
tariff_rates_id_17307,10,1,0.0,RIDL,Duty,0.0,Jinasena_MasterData_Purchase.tariff_date_id_757,,0.0,Jinasena_MasterData_Common.res_company_jinasena_agricultural_machinery_pvt_ltd
tariff_rates_id_17308,10,1,0.0,SRL,Duty,0.0,Jinasena_MasterData_Purchase.tariff_date_id_757,,0.0,Jinasena_MasterData_Common.res_company_jinasena_agricultural_machinery_pvt_ltd
tariff_rates_id_17309,10,1,0.0,Surcharge,Duty,0.0,Jinasena_MasterData_Purchase.tariff_date_id_757,,0.0,Jinasena_MasterData_Common.res_company_jinasena_agricultural_machinery_pvt_ltd
tariff_rates_id_17310,10,1,0.0,NBT,Taxes,0.0,Jinasena_MasterData_Purchase.tariff_date_id_757,,0.0,Jinasena_MasterData_Common.res_company_jinasena_agricultural_machinery_pvt_ltd
tariff_rates_id_17311,10,1,0.0,NBT-N,Taxes,0.0,Jinasena_MasterData_Purchase.tariff_date_id_757,,0.0,Jinasena_MasterData_Common.res_company_jinasena_agricultural_machinery_pvt_ltd
tariff_rates_id_17312,10,1,2.5,SSCL,Taxes,0.0,Jinasena_MasterData_Purchase.tariff_date_id_757,,0.0,Jinasena_MasterData_Common.res_company_jinasena_agricultural_machinery_pvt_ltd
tariff_rates_id_17313,10,1,18.0,VAT-on-Item,Taxes,0.0,Jinasena_MasterData_Purchase.tariff_date_id_757,,0.0,Jinasena_MasterData_Common.res_company_jinasena_agricultural_machinery_pvt_ltd
tariff_rates_id_17314,10,1,18.0,VAT-on-GL,Taxes,0.0,Jinasena_MasterData_Purchase.tariff_date_id_757,,0.0,Jinasena_MasterData_Common.res_company_jinasena_agricultural_machinery_pvt_ltd
tariff_rates_id_17315,10,1,20.0,CID,Duty,0.0,Jinasena_MasterData_Purchase.tariff_date_id_758,,0.0,Jinasena_MasterData_Common.res_company_jinasena_agricultural_machinery_pvt_ltd
tariff_rates_id_17316,10,1,0.0,EIC,Duty,0.0,Jinasena_MasterData_Purchase.tariff_date_id_758,,0.0,Jinasena_MasterData_Common.res_company_jinasena_agricultural_machinery_pvt_ltd
tariff_rates_id_17317,10,1,0.0,ESC,Duty,0.0,Jinasena_MasterData_Purchase.tariff_date_id_758,,0.0,Jinasena_MasterData_Common.res_company_jinasena_agricultural_machinery_pvt_ltd
tariff_rates_id_17318,10,1,0.0,Excise,Duty,0.0,Jinasena_MasterData_Purchase.tariff_date_id_758,,0.0,Jinasena_MasterData_Common.res_company_jinasena_agricultural_machinery_pvt_ltd
tariff_rates_id_17319,10,1,10.0,PAL,Duty,0.0,Jinasena_MasterData_Purchase.tariff_date_id_758,,0.0,Jinasena_MasterData_Common.res_company_jinasena_agricultural_machinery_pvt_ltd
tariff_rates_id_17320,10,1,0.0,RIDL,Duty,0.0,Jinasena_MasterData_Purchase.tariff_date_id_758,,0.0,Jinasena_MasterData_Common.res_company_jinasena_agricultural_machinery_pvt_ltd
tariff_rates_id_17321,10,1,0.0,SRL,Duty,0.0,Jinasena_MasterData_Purchase.tariff_date_id_758,,0.0,Jinasena_MasterData_Common.res_company_jinasena_agricultural_machinery_pvt_ltd
tariff_rates_id_17322,10,1,0.0,Surcharge,Duty,0.0,Jinasena_MasterData_Purchase.tariff_date_id_758,,0.0,Jinasena_MasterData_Common.res_company_jinasena_agricultural_machinery_pvt_ltd
tariff_rates_id_17323,10,1,0.0,NBT,Taxes,0.0,Jinasena_MasterData_Purchase.tariff_date_id_758,,0.0,Jinasena_MasterData_Common.res_company_jinasena_agricultural_machinery_pvt_ltd
tariff_rates_id_17324,10,1,0.0,NBT-N,Taxes,0.0,Jinasena_MasterData_Purchase.tariff_date_id_758,,0.0,Jinasena_MasterData_Common.res_company_jinasena_agricultural_machinery_pvt_ltd
tariff_rates_id_17325,10,1,2.5,SSCL,Taxes,0.0,Jinasena_MasterData_Purchase.tariff_date_id_758,,0.0,Jinasena_MasterData_Common.res_company_jinasena_agricultural_machinery_pvt_ltd
tariff_rates_id_17326,10,1,18.0,VAT-on-Item,Taxes,0.0,Jinasena_MasterData_Purchase.tariff_date_id_758,,0.0,Jinasena_MasterData_Common.res_company_jinasena_agricultural_machinery_pvt_ltd
tariff_rates_id_17327,10,1,18.0,VAT-on-GL,Taxes,0.0,Jinasena_MasterData_Purchase.tariff_date_id_758,,0.0,Jinasena_MasterData_Common.res_company_jinasena_agricultural_machinery_pvt_ltd
tariff_rates_id_17328,10,1,20.0,CID,Duty,0.0,Jinasena_MasterData_Purchase.tariff_date_id_759,,0.0,Jinasena_MasterData_Common.res_company_jinasena_agricultural_machinery_pvt_ltd
tariff_rates_id_17329,10,1,0.0,EIC,Duty,0.0,Jinasena_MasterData_Purchase.tariff_date_id_759,,0.0,Jinasena_MasterData_Common.res_company_jinasena_agricultural_machinery_pvt_ltd
tariff_rates_id_17330,10,1,0.0,ESC,Duty,0.0,Jinasena_MasterData_Purchase.tariff_date_id_759,,0.0,Jinasena_MasterData_Common.res_company_jinasena_agricultural_machinery_pvt_ltd
tariff_rates_id_17331,10,1,0.0,Excise,Duty,0.0,Jinasena_MasterData_Purchase.tariff_date_id_759,,0.0,Jinasena_MasterData_Common.res_company_jinasena_agricultural_machinery_pvt_ltd
tariff_rates_id_17332,10,1,10.0,PAL,Duty,0.0,Jinasena_MasterData_Purchase.tariff_date_id_759,,0.0,Jinasena_MasterData_Common.res_company_jinasena_agricultural_machinery_pvt_ltd
tariff_rates_id_17333,10,1,0.0,RIDL,Duty,0.0,Jinasena_MasterData_Purchase.tariff_date_id_759,,0.0,Jinasena_MasterData_Common.res_company_jinasena_agricultural_machinery_pvt_ltd
tariff_rates_id_17334,10,1,0.0,SRL,Duty,0.0,Jinasena_MasterData_Purchase.tariff_date_id_759,,0.0,Jinasena_MasterData_Common.res_company_jinasena_agricultural_machinery_pvt_ltd
tariff_rates_id_17335,10,1,0.0,Surcharge,Duty,0.0,Jinasena_MasterData_Purchase.tariff_date_id_759,,0.0,Jinasena_MasterData_Common.res_company_jinasena_agricultural_machinery_pvt_ltd
tariff_rates_id_17336,10,1,0.0,NBT,Taxes,0.0,Jinasena_MasterData_Purchase.tariff_date_id_759,,0.0,Jinasena_MasterData_Common.res_company_jinasena_agricultural_machinery_pvt_ltd
tariff_rates_id_17337,10,1,0.0,NBT-N,Taxes,0.0,Jinasena_MasterData_Purchase.tariff_date_id_759,,0.0,Jinasena_MasterData_Common.res_company_jinasena_agricultural_machinery_pvt_ltd
tariff_rates_id_17338,10,1,2.5,SSCL,Taxes,0.0,Jinasena_MasterData_Purchase.tariff_date_id_759,,0.0,Jinasena_MasterData_Common.res_company_jinasena_agricultural_machinery_pvt_ltd
tariff_rates_id_17339,10,1,18.0,VAT-on-Item,Taxes,0.0,Jinasena_MasterData_Purchase.tariff_date_id_759,,0.0,Jinasena_MasterData_Common.res_company_jinasena_agricultural_machinery_pvt_ltd
tariff_rates_id_17340,10,1,18.0,VAT-on-GL,Taxes,0.0,Jinasena_MasterData_Purchase.tariff_date_id_759,,0.0,Jinasena_MasterData_Common.res_company_jinasena_agricultural_machinery_pvt_ltd
tariff_rates_id_17587,10,1,0.0,CID,Duty,0.0,Jinasena_MasterData_Purchase.tariff_date_id_779,,0.0,base.main_company
tariff_rates_id_17588,10,1,0.0,EIC,Duty,0.0,Jinasena_MasterData_Purchase.tariff_date_id_779,,0.0,base.main_company
tariff_rates_id_17589,10,1,0.0,ESC,Duty,0.0,Jinasena_MasterData_Purchase.tariff_date_id_779,,0.0,base.main_company
tariff_rates_id_17590,10,1,0.0,Excise,Duty,0.0,Jinasena_MasterData_Purchase.tariff_date_id_779,,0.0,base.main_company
tariff_rates_id_17591,10,1,10.0,PAL,Duty,0.0,Jinasena_MasterData_Purchase.tariff_date_id_779,,0.0,base.main_company
tariff_rates_id_17592,10,1,0.0,RIDL,Duty,0.0,Jinasena_MasterData_Purchase.tariff_date_id_779,,0.0,base.main_company
tariff_rates_id_17593,10,1,0.0,SRL,Duty,0.0,Jinasena_MasterData_Purchase.tariff_date_id_779,,0.0,base.main_company
tariff_rates_id_17594,10,1,0.0,Surcharge,Duty,0.0,Jinasena_MasterData_Purchase.tariff_date_id_779,,0.0,base.main_company
tariff_rates_id_17595,10,1,0.0,NBT,Taxes,0.0,Jinasena_MasterData_Purchase.tariff_date_id_779,,0.0,base.main_company
tariff_rates_id_17596,10,1,0.0,NBT-N,Taxes,0.0,Jinasena_MasterData_Purchase.tariff_date_id_779,,0.0,base.main_company
tariff_rates_id_17597,10,1,2.5,SSCL,Taxes,0.0,Jinasena_MasterData_Purchase.tariff_date_id_779,,0.0,base.main_company
tariff_rates_id_17598,10,1,18.0,VAT-on-Item,Taxes,0.0,Jinasena_MasterData_Purchase.tariff_date_id_779,,0.0,base.main_company
tariff_rates_id_17599,10,1,18.0,VAT-on-GL,Taxes,0.0,Jinasena_MasterData_Purchase.tariff_date_id_779,,0.0,base.main_company
tariff_rates_id_17600,10,1,0.0,CID,Duty,0.0,Jinasena_MasterData_Purchase.tariff_date_id_780,,0.0,base.main_company
tariff_rates_id_17601,10,1,0.0,EIC,Duty,0.0,Jinasena_MasterData_Purchase.tariff_date_id_780,,0.0,base.main_company
tariff_rates_id_17602,10,1,0.0,ESC,Duty,0.0,Jinasena_MasterData_Purchase.tariff_date_id_780,,0.0,base.main_company
tariff_rates_id_17603,10,1,0.0,Excise,Duty,0.0,Jinasena_MasterData_Purchase.tariff_date_id_780,,0.0,base.main_company
tariff_rates_id_17604,10,1,0.0,PAL,Duty,0.0,Jinasena_MasterData_Purchase.tariff_date_id_780,,0.0,base.main_company
tariff_rates_id_17605,10,1,0.0,RIDL,Duty,0.0,Jinasena_MasterData_Purchase.tariff_date_id_780,,0.0,base.main_company
tariff_rates_id_17606,10,1,0.0,SRL,Duty,0.0,Jinasena_MasterData_Purchase.tariff_date_id_780,,0.0,base.main_company
tariff_rates_id_17607,10,1,0.0,Surcharge,Duty,0.0,Jinasena_MasterData_Purchase.tariff_date_id_780,,0.0,base.main_company
tariff_rates_id_17608,10,1,0.0,NBT,Taxes,0.0,Jinasena_MasterData_Purchase.tariff_date_id_780,,0.0,base.main_company
tariff_rates_id_17609,10,1,0.0,NBT-N,Taxes,0.0,Jinasena_MasterData_Purchase.tariff_date_id_780,,0.0,base.main_company
tariff_rates_id_17610,10,1,2.5,SSCL,Taxes,0.0,Jinasena_MasterData_Purchase.tariff_date_id_780,,0.0,base.main_company
tariff_rates_id_17611,10,1,18.0,VAT-on-Item,Taxes,0.0,Jinasena_MasterData_Purchase.tariff_date_id_780,,0.0,base.main_company
tariff_rates_id_17612,10,1,18.0,VAT-on-GL,Taxes,0.0,Jinasena_MasterData_Purchase.tariff_date_id_780,,0.0,base.main_company
tariff_rates_id_17613,10,1,20.0,CID,Duty,0.0,Jinasena_MasterData_Purchase.tariff_date_id_781,,0.0,base.main_company
tariff_rates_id_17614,10,1,0.0,EIC,Duty,0.0,Jinasena_MasterData_Purchase.tariff_date_id_781,,0.0,base.main_company
tariff_rates_id_17615,10,1,0.0,ESC,Duty,0.0,Jinasena_MasterData_Purchase.tariff_date_id_781,,0.0,base.main_company
tariff_rates_id_17616,10,1,0.0,Excise,Duty,0.0,Jinasena_MasterData_Purchase.tariff_date_id_781,,0.0,base.main_company
tariff_rates_id_17617,10,1,10.0,PAL,Duty,0.0,Jinasena_MasterData_Purchase.tariff_date_id_781,,0.0,base.main_company
tariff_rates_id_17618,10,1,0.0,RIDL,Duty,0.0,Jinasena_MasterData_Purchase.tariff_date_id_781,,0.0,base.main_company
tariff_rates_id_17619,10,1,0.0,SRL,Duty,0.0,Jinasena_MasterData_Purchase.tariff_date_id_781,,0.0,base.main_company
tariff_rates_id_17620,10,1,0.0,Surcharge,Duty,0.0,Jinasena_MasterData_Purchase.tariff_date_id_781,,0.0,base.main_company
tariff_rates_id_17621,10,1,0.0,NBT,Taxes,0.0,Jinasena_MasterData_Purchase.tariff_date_id_781,,0.0,base.main_company
tariff_rates_id_17622,10,1,0.0,NBT-N,Taxes,0.0,Jinasena_MasterData_Purchase.tariff_date_id_781,,0.0,base.main_company
tariff_rates_id_17623,10,1,2.5,SSCL,Taxes,0.0,Jinasena_MasterData_Purchase.tariff_date_id_781,,0.0,base.main_company
tariff_rates_id_17624,10,1,18.0,VAT-on-Item,Taxes,0.0,Jinasena_MasterData_Purchase.tariff_date_id_781,,0.0,base.main_company
tariff_rates_id_17625,10,1,18.0,VAT-on-GL,Taxes,0.0,Jinasena_MasterData_Purchase.tariff_date_id_781,,0.0,base.main_company
tariff_rates_id_17626,10,1,0.0,CID,Duty,0.0,Jinasena_MasterData_Purchase.tariff_date_id_782,,0.0,base.main_company
tariff_rates_id_17627,10,1,0.0,EIC,Duty,0.0,Jinasena_MasterData_Purchase.tariff_date_id_782,,0.0,base.main_company
tariff_rates_id_17628,10,1,0.0,ESC,Duty,0.0,Jinasena_MasterData_Purchase.tariff_date_id_782,,0.0,base.main_company
tariff_rates_id_17629,10,1,0.0,Excise,Duty,0.0,Jinasena_MasterData_Purchase.tariff_date_id_782,,0.0,base.main_company
tariff_rates_id_17630,10,1,10.0,PAL,Duty,0.0,Jinasena_MasterData_Purchase.tariff_date_id_782,,0.0,base.main_company
tariff_rates_id_17631,10,1,0.0,RIDL,Duty,0.0,Jinasena_MasterData_Purchase.tariff_date_id_782,,0.0,base.main_company
tariff_rates_id_17632,10,1,0.0,SRL,Duty,0.0,Jinasena_MasterData_Purchase.tariff_date_id_782,,0.0,base.main_company
tariff_rates_id_17633,10,1,0.0,Surcharge,Duty,0.0,Jinasena_MasterData_Purchase.tariff_date_id_782,,0.0,base.main_company
tariff_rates_id_17634,10,1,0.0,NBT,Taxes,0.0,Jinasena_MasterData_Purchase.tariff_date_id_782,,0.0,base.main_company
tariff_rates_id_17635,10,1,0.0,NBT-N,Taxes,0.0,Jinasena_MasterData_Purchase.tariff_date_id_782,,0.0,base.main_company
tariff_rates_id_17636,10,1,2.5,SSCL,Taxes,0.0,Jinasena_MasterData_Purchase.tariff_date_id_782,,0.0,base.main_company
tariff_rates_id_17637,10,1,18.0,VAT-on-Item,Taxes,0.0,Jinasena_MasterData_Purchase.tariff_date_id_782,,0.0,base.main_company
tariff_rates_id_17638,10,1,18.0,VAT-on-GL,Taxes,0.0,Jinasena_MasterData_Purchase.tariff_date_id_782,,0.0,base.main_company
tariff_rates_id_17639,10,1,20.0,CID,Duty,0.0,Jinasena_MasterData_Purchase.tariff_date_id_783,,0.0,base.main_company
tariff_rates_id_17640,10,1,10.0,EIC,Duty,0.0,Jinasena_MasterData_Purchase.tariff_date_id_783,,0.0,base.main_company
tariff_rates_id_17641,10,1,0.0,ESC,Duty,0.0,Jinasena_MasterData_Purchase.tariff_date_id_783,,0.0,base.main_company
tariff_rates_id_17642,10,1,0.0,Excise,Duty,0.0,Jinasena_MasterData_Purchase.tariff_date_id_783,,0.0,base.main_company
tariff_rates_id_17643,10,1,7.5,PAL,Duty,0.0,Jinasena_MasterData_Purchase.tariff_date_id_783,,0.0,base.main_company
tariff_rates_id_17644,10,1,0.0,RIDL,Duty,0.0,Jinasena_MasterData_Purchase.tariff_date_id_783,,0.0,base.main_company
tariff_rates_id_17645,10,1,0.0,SRL,Duty,0.0,Jinasena_MasterData_Purchase.tariff_date_id_783,,0.0,base.main_company
tariff_rates_id_17646,10,1,0.0,Surcharge,Duty,0.0,Jinasena_MasterData_Purchase.tariff_date_id_783,,0.0,base.main_company
tariff_rates_id_17647,10,1,0.0,NBT,Taxes,0.0,Jinasena_MasterData_Purchase.tariff_date_id_783,,0.0,base.main_company
tariff_rates_id_17648,10,1,0.0,NBT-N,Taxes,0.0,Jinasena_MasterData_Purchase.tariff_date_id_783,,0.0,base.main_company
tariff_rates_id_17649,10,1,2.5,SSCL,Taxes,0.0,Jinasena_MasterData_Purchase.tariff_date_id_783,,0.0,base.main_company
tariff_rates_id_17650,10,1,18.0,VAT-on-Item,Taxes,0.0,Jinasena_MasterData_Purchase.tariff_date_id_783,,0.0,base.main_company
tariff_rates_id_17651,10,1,18.0,VAT-on-GL,Taxes,0.0,Jinasena_MasterData_Purchase.tariff_date_id_783,,0.0,base.main_company
tariff_rates_id_17652,10,1,20.0,CID,Duty,0.0,Jinasena_MasterData_Purchase.tariff_date_id_784,,0.0,base.main_company
tariff_rates_id_17653,10,1,0.0,EIC,Duty,0.0,Jinasena_MasterData_Purchase.tariff_date_id_784,,0.0,base.main_company
tariff_rates_id_17654,10,1,0.0,ESC,Duty,0.0,Jinasena_MasterData_Purchase.tariff_date_id_784,,0.0,base.main_company
tariff_rates_id_17655,10,1,0.0,Excise,Duty,0.0,Jinasena_MasterData_Purchase.tariff_date_id_784,,0.0,base.main_company
tariff_rates_id_17656,10,1,7.5,PAL,Duty,0.0,Jinasena_MasterData_Purchase.tariff_date_id_784,,0.0,base.main_company
tariff_rates_id_17657,10,1,0.0,RIDL,Duty,0.0,Jinasena_MasterData_Purchase.tariff_date_id_784,,0.0,base.main_company
tariff_rates_id_17658,10,1,0.0,SRL,Duty,0.0,Jinasena_MasterData_Purchase.tariff_date_id_784,,0.0,base.main_company
tariff_rates_id_17659,10,1,0.0,Surcharge,Duty,0.0,Jinasena_MasterData_Purchase.tariff_date_id_784,,0.0,base.main_company
tariff_rates_id_17660,10,1,0.0,NBT,Taxes,0.0,Jinasena_MasterData_Purchase.tariff_date_id_784,,0.0,base.main_company
tariff_rates_id_17661,10,1,0.0,NBT-N,Taxes,0.0,Jinasena_MasterData_Purchase.tariff_date_id_784,,0.0,base.main_company
tariff_rates_id_17662,10,1,2.5,SSCL,Taxes,0.0,Jinasena_MasterData_Purchase.tariff_date_id_784,,0.0,base.main_company
tariff_rates_id_17663,10,1,18.0,VAT-on-Item,Taxes,0.0,Jinasena_MasterData_Purchase.tariff_date_id_784,,0.0,base.main_company
tariff_rates_id_17664,10,1,18.0,VAT-on-GL,Taxes,0.0,Jinasena_MasterData_Purchase.tariff_date_id_784,,0.0,base.main_company
tariff_rates_id_17665,10,1,20.0,CID,Duty,0.0,Jinasena_MasterData_Purchase.tariff_date_id_785,,0.0,base.main_company
tariff_rates_id_17666,10,1,0.0,EIC,Duty,0.0,Jinasena_MasterData_Purchase.tariff_date_id_785,,0.0,base.main_company
tariff_rates_id_17667,10,1,0.0,ESC,Duty,0.0,Jinasena_MasterData_Purchase.tariff_date_id_785,,0.0,base.main_company
tariff_rates_id_17668,10,1,0.0,Excise,Duty,0.0,Jinasena_MasterData_Purchase.tariff_date_id_785,,0.0,base.main_company
tariff_rates_id_17669,10,1,5.0,PAL,Duty,0.0,Jinasena_MasterData_Purchase.tariff_date_id_785,,0.0,base.main_company
tariff_rates_id_17670,10,1,0.0,RIDL,Duty,0.0,Jinasena_MasterData_Purchase.tariff_date_id_785,,0.0,base.main_company
tariff_rates_id_17671,10,1,0.0,SRL,Duty,0.0,Jinasena_MasterData_Purchase.tariff_date_id_785,,0.0,base.main_company
tariff_rates_id_17672,10,1,0.0,Surcharge,Duty,0.0,Jinasena_MasterData_Purchase.tariff_date_id_785,,0.0,base.main_company
tariff_rates_id_17673,10,1,0.0,NBT,Taxes,0.0,Jinasena_MasterData_Purchase.tariff_date_id_785,,0.0,base.main_company
tariff_rates_id_17674,10,1,0.0,NBT-N,Taxes,0.0,Jinasena_MasterData_Purchase.tariff_date_id_785,,0.0,base.main_company
tariff_rates_id_17675,10,1,2.5,SSCL,Taxes,0.0,Jinasena_MasterData_Purchase.tariff_date_id_785,,0.0,base.main_company
tariff_rates_id_17676,10,1,18.0,VAT-on-Item,Taxes,0.0,Jinasena_MasterData_Purchase.tariff_date_id_785,,0.0,base.main_company
tariff_rates_id_17677,10,1,18.0,VAT-on-GL,Taxes,0.0,Jinasena_MasterData_Purchase.tariff_date_id_785,,0.0,base.main_company
tariff_rates_id_17678,10,1,0.0,CID,Duty,0.0,Jinasena_MasterData_Purchase.tariff_date_id_786,,0.0,base.main_company
tariff_rates_id_17679,10,1,0.0,EIC,Duty,0.0,Jinasena_MasterData_Purchase.tariff_date_id_786,,0.0,base.main_company
tariff_rates_id_17680,10,1,0.0,ESC,Duty,0.0,Jinasena_MasterData_Purchase.tariff_date_id_786,,0.0,base.main_company
tariff_rates_id_17681,10,1,0.0,Excise,Duty,0.0,Jinasena_MasterData_Purchase.tariff_date_id_786,,0.0,base.main_company
tariff_rates_id_17682,10,1,0.0,PAL,Duty,0.0,Jinasena_MasterData_Purchase.tariff_date_id_786,,0.0,base.main_company
tariff_rates_id_17683,10,1,0.0,RIDL,Duty,0.0,Jinasena_MasterData_Purchase.tariff_date_id_786,,0.0,base.main_company
tariff_rates_id_17684,10,1,0.0,SRL,Duty,0.0,Jinasena_MasterData_Purchase.tariff_date_id_786,,0.0,base.main_company
tariff_rates_id_17685,10,1,0.0,Surcharge,Duty,0.0,Jinasena_MasterData_Purchase.tariff_date_id_786,,0.0,base.main_company
tariff_rates_id_17686,10,1,0.0,NBT,Taxes,0.0,Jinasena_MasterData_Purchase.tariff_date_id_786,,0.0,base.main_company
tariff_rates_id_17687,10,1,0.0,NBT-N,Taxes,0.0,Jinasena_MasterData_Purchase.tariff_date_id_786,,0.0,base.main_company
tariff_rates_id_17688,10,1,2.5,SSCL,Taxes,0.0,Jinasena_MasterData_Purchase.tariff_date_id_786,,0.0,base.main_company
tariff_rates_id_17689,10,1,18.0,VAT-on-Item,Taxes,0.0,Jinasena_MasterData_Purchase.tariff_date_id_786,,0.0,base.main_company
tariff_rates_id_17690,10,1,18.0,VAT-on-GL,Taxes,0.0,Jinasena_MasterData_Purchase.tariff_date_id_786,,0.0,base.main_company
tariff_rates_id_17691,10,1,0.0,CID,Duty,0.0,Jinasena_MasterData_Purchase.tariff_date_id_787,,0.0,base.main_company
tariff_rates_id_17692,10,1,0.0,EIC,Duty,0.0,Jinasena_MasterData_Purchase.tariff_date_id_787,,0.0,base.main_company
tariff_rates_id_17693,10,1,0.0,ESC,Duty,0.0,Jinasena_MasterData_Purchase.tariff_date_id_787,,0.0,base.main_company
tariff_rates_id_17694,10,1,0.0,Excise,Duty,0.0,Jinasena_MasterData_Purchase.tariff_date_id_787,,0.0,base.main_company
tariff_rates_id_17695,10,1,5.0,PAL,Duty,0.0,Jinasena_MasterData_Purchase.tariff_date_id_787,,0.0,base.main_company
tariff_rates_id_17696,10,1,0.0,RIDL,Duty,0.0,Jinasena_MasterData_Purchase.tariff_date_id_787,,0.0,base.main_company
tariff_rates_id_17697,10,1,0.0,SRL,Duty,0.0,Jinasena_MasterData_Purchase.tariff_date_id_787,,0.0,base.main_company
tariff_rates_id_17698,10,1,0.0,Surcharge,Duty,0.0,Jinasena_MasterData_Purchase.tariff_date_id_787,,0.0,base.main_company
tariff_rates_id_17699,10,1,0.0,NBT,Taxes,0.0,Jinasena_MasterData_Purchase.tariff_date_id_787,,0.0,base.main_company
tariff_rates_id_17700,10,1,0.0,NBT-N,Taxes,0.0,Jinasena_MasterData_Purchase.tariff_date_id_787,,0.0,base.main_company
tariff_rates_id_17701,10,1,8.0,VAT-on-Item,Taxes,0.0,Jinasena_MasterData_Purchase.tariff_date_id_787,,0.0,base.main_company
tariff_rates_id_17702,10,1,8.0,VAT-on-GL,Taxes,0.0,Jinasena_MasterData_Purchase.tariff_date_id_787,,0.0,base.main_company
tariff_rates_id_17703,10,1,0.0,CID,Duty,0.0,Jinasena_MasterData_Purchase.tariff_date_id_788,,0.0,base.main_company
tariff_rates_id_17704,10,1,0.0,EIC,Duty,0.0,Jinasena_MasterData_Purchase.tariff_date_id_788,,0.0,base.main_company
tariff_rates_id_17705,10,1,0.0,ESC,Duty,0.0,Jinasena_MasterData_Purchase.tariff_date_id_788,,0.0,base.main_company
tariff_rates_id_17706,10,1,0.0,Excise,Duty,0.0,Jinasena_MasterData_Purchase.tariff_date_id_788,,0.0,base.main_company
tariff_rates_id_17707,10,1,5.0,PAL,Duty,0.0,Jinasena_MasterData_Purchase.tariff_date_id_788,,0.0,base.main_company
tariff_rates_id_17708,10,1,0.0,RIDL,Duty,0.0,Jinasena_MasterData_Purchase.tariff_date_id_788,,0.0,base.main_company
tariff_rates_id_17709,10,1,0.0,SRL,Duty,0.0,Jinasena_MasterData_Purchase.tariff_date_id_788,,0.0,base.main_company
tariff_rates_id_17710,10,1,0.0,Surcharge,Duty,0.0,Jinasena_MasterData_Purchase.tariff_date_id_788,,0.0,base.main_company
tariff_rates_id_17711,10,1,0.0,NBT,Taxes,0.0,Jinasena_MasterData_Purchase.tariff_date_id_788,,0.0,base.main_company
tariff_rates_id_17712,10,1,0.0,NBT-N,Taxes,0.0,Jinasena_MasterData_Purchase.tariff_date_id_788,,0.0,base.main_company
tariff_rates_id_17713,10,1,2.5,SSCL,Taxes,0.0,Jinasena_MasterData_Purchase.tariff_date_id_788,,0.0,base.main_company
tariff_rates_id_17714,10,1,18.0,VAT-on-Item,Taxes,0.0,Jinasena_MasterData_Purchase.tariff_date_id_788,,0.0,base.main_company
tariff_rates_id_17715,10,1,18.0,VAT-on-GL,Taxes,0.0,Jinasena_MasterData_Purchase.tariff_date_id_788,,0.0,base.main_company
tariff_rates_id_17716,10,1,20.0,CID,Duty,0.0,Jinasena_MasterData_Purchase.tariff_date_id_789,,0.0,base.main_company
tariff_rates_id_17717,10,1,0.0,EIC,Duty,0.0,Jinasena_MasterData_Purchase.tariff_date_id_789,,0.0,base.main_company
tariff_rates_id_17718,10,1,0.0,ESC,Duty,0.0,Jinasena_MasterData_Purchase.tariff_date_id_789,,0.0,base.main_company
tariff_rates_id_17719,10,1,0.0,Excise,Duty,0.0,Jinasena_MasterData_Purchase.tariff_date_id_789,,0.0,base.main_company
tariff_rates_id_17720,10,1,5.0,PAL,Duty,0.0,Jinasena_MasterData_Purchase.tariff_date_id_789,,0.0,base.main_company
tariff_rates_id_17721,10,1,0.0,RIDL,Duty,0.0,Jinasena_MasterData_Purchase.tariff_date_id_789,,0.0,base.main_company
tariff_rates_id_17722,10,1,0.0,SRL,Duty,0.0,Jinasena_MasterData_Purchase.tariff_date_id_789,,0.0,base.main_company
tariff_rates_id_17723,10,1,0.0,Surcharge,Duty,0.0,Jinasena_MasterData_Purchase.tariff_date_id_789,,0.0,base.main_company
tariff_rates_id_17724,10,1,0.0,NBT,Taxes,0.0,Jinasena_MasterData_Purchase.tariff_date_id_789,,0.0,base.main_company
tariff_rates_id_17725,10,1,0.0,NBT-N,Taxes,0.0,Jinasena_MasterData_Purchase.tariff_date_id_789,,0.0,base.main_company
tariff_rates_id_17726,10,1,2.5,SSCL,Taxes,0.0,Jinasena_MasterData_Purchase.tariff_date_id_789,,0.0,base.main_company
tariff_rates_id_17727,10,1,18.0,VAT-on-Item,Taxes,0.0,Jinasena_MasterData_Purchase.tariff_date_id_789,,0.0,base.main_company
tariff_rates_id_17728,10,1,18.0,VAT-on-GL,Taxes,0.0,Jinasena_MasterData_Purchase.tariff_date_id_789,,0.0,base.main_company
tariff_rates_id_17729,10,1,20.0,CID,Duty,0.0,Jinasena_MasterData_Purchase.tariff_date_id_790,,0.0,base.main_company
tariff_rates_id_17730,10,1,0.0,EIC,Duty,0.0,Jinasena_MasterData_Purchase.tariff_date_id_790,,0.0,base.main_company
tariff_rates_id_17731,10,1,0.0,ESC,Duty,0.0,Jinasena_MasterData_Purchase.tariff_date_id_790,,0.0,base.main_company
tariff_rates_id_17732,10,1,0.0,Excise,Duty,0.0,Jinasena_MasterData_Purchase.tariff_date_id_790,,0.0,base.main_company
tariff_rates_id_17733,10,1,5.0,PAL,Duty,0.0,Jinasena_MasterData_Purchase.tariff_date_id_790,,0.0,base.main_company
tariff_rates_id_17734,10,1,0.0,RIDL,Duty,0.0,Jinasena_MasterData_Purchase.tariff_date_id_790,,0.0,base.main_company
tariff_rates_id_17735,10,1,0.0,SRL,Duty,0.0,Jinasena_MasterData_Purchase.tariff_date_id_790,,0.0,base.main_company
tariff_rates_id_17736,10,1,0.0,Surcharge,Duty,0.0,Jinasena_MasterData_Purchase.tariff_date_id_790,,0.0,base.main_company
tariff_rates_id_17737,10,1,0.0,NBT,Taxes,0.0,Jinasena_MasterData_Purchase.tariff_date_id_790,,0.0,base.main_company
tariff_rates_id_17738,10,1,0.0,NBT-N,Taxes,0.0,Jinasena_MasterData_Purchase.tariff_date_id_790,,0.0,base.main_company
tariff_rates_id_17739,10,1,2.5,SSCL,Taxes,0.0,Jinasena_MasterData_Purchase.tariff_date_id_790,,0.0,base.main_company
tariff_rates_id_17740,10,1,18.0,VAT-on-Item,Taxes,0.0,Jinasena_MasterData_Purchase.tariff_date_id_790,,0.0,base.main_company
tariff_rates_id_17741,10,1,18.0,VAT-on-GL,Taxes,0.0,Jinasena_MasterData_Purchase.tariff_date_id_790,,0.0,base.main_company
tariff_rates_id_17742,10,1,0.0,CID,Duty,0.0,Jinasena_MasterData_Purchase.tariff_date_id_791,,0.0,base.main_company
tariff_rates_id_17743,10,1,0.0,EIC,Duty,0.0,Jinasena_MasterData_Purchase.tariff_date_id_791,,0.0,base.main_company
tariff_rates_id_17744,10,1,0.0,ESC,Duty,0.0,Jinasena_MasterData_Purchase.tariff_date_id_791,,0.0,base.main_company
tariff_rates_id_17745,10,1,0.0,Excise,Duty,0.0,Jinasena_MasterData_Purchase.tariff_date_id_791,,0.0,base.main_company
tariff_rates_id_17746,10,1,5.0,PAL,Duty,0.0,Jinasena_MasterData_Purchase.tariff_date_id_791,,0.0,base.main_company
tariff_rates_id_17747,10,1,0.0,RIDL,Duty,0.0,Jinasena_MasterData_Purchase.tariff_date_id_791,,0.0,base.main_company
tariff_rates_id_17748,10,1,0.0,SRL,Duty,0.0,Jinasena_MasterData_Purchase.tariff_date_id_791,,0.0,base.main_company
tariff_rates_id_17749,10,1,0.0,Surcharge,Duty,0.0,Jinasena_MasterData_Purchase.tariff_date_id_791,,0.0,base.main_company
tariff_rates_id_17750,10,1,0.0,NBT,Taxes,0.0,Jinasena_MasterData_Purchase.tariff_date_id_791,,0.0,base.main_company
tariff_rates_id_17751,10,1,0.0,NBT-N,Taxes,0.0,Jinasena_MasterData_Purchase.tariff_date_id_791,,0.0,base.main_company
tariff_rates_id_17752,10,1,2.5,SSCL,Taxes,0.0,Jinasena_MasterData_Purchase.tariff_date_id_791,,0.0,base.main_company
tariff_rates_id_17753,10,1,18.0,VAT-on-Item,Taxes,0.0,Jinasena_MasterData_Purchase.tariff_date_id_791,,0.0,base.main_company
tariff_rates_id_17754,10,1,18.0,VAT-on-GL,Taxes,0.0,Jinasena_MasterData_Purchase.tariff_date_id_791,,0.0,base.main_company
tariff_rates_id_17755,10,1,0.0,CID,Duty,0.0,Jinasena_MasterData_Purchase.tariff_date_id_792,,0.0,base.main_company
tariff_rates_id_17756,10,1,0.0,EIC,Duty,0.0,Jinasena_MasterData_Purchase.tariff_date_id_792,,0.0,base.main_company
tariff_rates_id_17757,10,1,0.0,ESC,Duty,0.0,Jinasena_MasterData_Purchase.tariff_date_id_792,,0.0,base.main_company
tariff_rates_id_17758,10,1,0.0,Excise,Duty,0.0,Jinasena_MasterData_Purchase.tariff_date_id_792,,0.0,base.main_company
tariff_rates_id_17759,10,1,5.0,PAL,Duty,0.0,Jinasena_MasterData_Purchase.tariff_date_id_792,,0.0,base.main_company
tariff_rates_id_17760,10,1,0.0,RIDL,Duty,0.0,Jinasena_MasterData_Purchase.tariff_date_id_792,,0.0,base.main_company
tariff_rates_id_17761,10,1,0.0,SRL,Duty,0.0,Jinasena_MasterData_Purchase.tariff_date_id_792,,0.0,base.main_company
tariff_rates_id_17762,10,1,0.0,Surcharge,Duty,0.0,Jinasena_MasterData_Purchase.tariff_date_id_792,,0.0,base.main_company
tariff_rates_id_17763,10,1,0.0,NBT,Taxes,0.0,Jinasena_MasterData_Purchase.tariff_date_id_792,,0.0,base.main_company
tariff_rates_id_17764,10,1,0.0,NBT-N,Taxes,0.0,Jinasena_MasterData_Purchase.tariff_date_id_792,,0.0,base.main_company
tariff_rates_id_17765,10,1,2.5,SSCL,Taxes,0.0,Jinasena_MasterData_Purchase.tariff_date_id_792,,0.0,base.main_company
tariff_rates_id_17766,10,1,18.0,VAT-on-Item,Taxes,0.0,Jinasena_MasterData_Purchase.tariff_date_id_792,,0.0,base.main_company
tariff_rates_id_17767,10,1,18.0,VAT-on-GL,Taxes,0.0,Jinasena_MasterData_Purchase.tariff_date_id_792,,0.0,base.main_company
tariff_rates_id_17768,10,1,15.0,CID,Duty,0.0,Jinasena_MasterData_Purchase.tariff_date_id_793,,0.0,base.main_company
tariff_rates_id_17769,10,1,0.0,EIC,Duty,0.0,Jinasena_MasterData_Purchase.tariff_date_id_793,,0.0,base.main_company
tariff_rates_id_17770,10,1,0.0,ESC,Duty,0.0,Jinasena_MasterData_Purchase.tariff_date_id_793,,0.0,base.main_company
tariff_rates_id_17771,10,1,0.0,Excise,Duty,0.0,Jinasena_MasterData_Purchase.tariff_date_id_793,,0.0,base.main_company
tariff_rates_id_17772,10,1,10.0,PAL,Duty,0.0,Jinasena_MasterData_Purchase.tariff_date_id_793,,0.0,base.main_company
tariff_rates_id_17773,10,1,0.0,RIDL,Duty,0.0,Jinasena_MasterData_Purchase.tariff_date_id_793,,0.0,base.main_company
tariff_rates_id_17774,10,1,0.0,SRL,Duty,0.0,Jinasena_MasterData_Purchase.tariff_date_id_793,,0.0,base.main_company
tariff_rates_id_17775,10,1,0.0,Surcharge,Duty,0.0,Jinasena_MasterData_Purchase.tariff_date_id_793,,0.0,base.main_company
tariff_rates_id_17776,10,1,0.0,NBT,Taxes,0.0,Jinasena_MasterData_Purchase.tariff_date_id_793,,0.0,base.main_company
tariff_rates_id_17777,10,1,0.0,NBT-N,Taxes,0.0,Jinasena_MasterData_Purchase.tariff_date_id_793,,0.0,base.main_company
tariff_rates_id_17778,10,1,2.5,SSCL,Taxes,0.0,Jinasena_MasterData_Purchase.tariff_date_id_793,,0.0,base.main_company
tariff_rates_id_17779,10,1,18.0,VAT-on-Item,Taxes,0.0,Jinasena_MasterData_Purchase.tariff_date_id_793,,0.0,base.main_company
tariff_rates_id_17780,10,1,18.0,VAT-on-GL,Taxes,0.0,Jinasena_MasterData_Purchase.tariff_date_id_793,,0.0,base.main_company
tariff_rates_id_17781,10,1,0.0,CID,Duty,0.0,Jinasena_MasterData_Purchase.tariff_date_id_794,,0.0,base.main_company
tariff_rates_id_17782,10,1,0.0,EIC,Duty,0.0,Jinasena_MasterData_Purchase.tariff_date_id_794,,0.0,base.main_company
tariff_rates_id_17783,10,1,0.0,ESC,Duty,0.0,Jinasena_MasterData_Purchase.tariff_date_id_794,,0.0,base.main_company
tariff_rates_id_17784,10,1,0.0,Excise,Duty,0.0,Jinasena_MasterData_Purchase.tariff_date_id_794,,0.0,base.main_company
tariff_rates_id_17785,10,1,10.0,PAL,Duty,0.0,Jinasena_MasterData_Purchase.tariff_date_id_794,,0.0,base.main_company
tariff_rates_id_17786,10,1,0.0,RIDL,Duty,0.0,Jinasena_MasterData_Purchase.tariff_date_id_794,,0.0,base.main_company
tariff_rates_id_17787,10,1,0.0,SRL,Duty,0.0,Jinasena_MasterData_Purchase.tariff_date_id_794,,0.0,base.main_company
tariff_rates_id_17788,10,1,0.0,Surcharge,Duty,0.0,Jinasena_MasterData_Purchase.tariff_date_id_794,,0.0,base.main_company
tariff_rates_id_17789,10,1,0.0,NBT,Taxes,0.0,Jinasena_MasterData_Purchase.tariff_date_id_794,,0.0,base.main_company
tariff_rates_id_17790,10,1,0.0,NBT-N,Taxes,0.0,Jinasena_MasterData_Purchase.tariff_date_id_794,,0.0,base.main_company
tariff_rates_id_17791,10,1,2.5,SSCL,Taxes,0.0,Jinasena_MasterData_Purchase.tariff_date_id_794,,0.0,base.main_company
tariff_rates_id_17792,10,1,18.0,VAT-on-Item,Taxes,0.0,Jinasena_MasterData_Purchase.tariff_date_id_794,,0.0,base.main_company
tariff_rates_id_17793,10,1,18.0,VAT-on-GL,Taxes,0.0,Jinasena_MasterData_Purchase.tariff_date_id_794,,0.0,base.main_company
tariff_rates_id_17794,10,1,0.0,CID,Duty,0.0,Jinasena_MasterData_Purchase.tariff_date_id_795,,0.0,base.main_company
tariff_rates_id_17795,10,1,0.0,EIC,Duty,0.0,Jinasena_MasterData_Purchase.tariff_date_id_795,,0.0,base.main_company
tariff_rates_id_17796,10,1,0.0,ESC,Duty,0.0,Jinasena_MasterData_Purchase.tariff_date_id_795,,0.0,base.main_company
tariff_rates_id_17797,10,1,0.0,Excise,Duty,0.0,Jinasena_MasterData_Purchase.tariff_date_id_795,,0.0,base.main_company
tariff_rates_id_17798,10,1,5.0,PAL,Duty,0.0,Jinasena_MasterData_Purchase.tariff_date_id_795,,0.0,base.main_company
tariff_rates_id_17799,10,1,0.0,RIDL,Duty,0.0,Jinasena_MasterData_Purchase.tariff_date_id_795,,0.0,base.main_company
tariff_rates_id_17800,10,1,0.0,SRL,Duty,0.0,Jinasena_MasterData_Purchase.tariff_date_id_795,,0.0,base.main_company
tariff_rates_id_17801,10,1,0.0,Surcharge,Duty,0.0,Jinasena_MasterData_Purchase.tariff_date_id_795,,0.0,base.main_company
tariff_rates_id_17802,10,1,0.0,NBT,Taxes,0.0,Jinasena_MasterData_Purchase.tariff_date_id_795,,0.0,base.main_company
tariff_rates_id_17803,10,1,0.0,NBT-N,Taxes,0.0,Jinasena_MasterData_Purchase.tariff_date_id_795,,0.0,base.main_company
tariff_rates_id_17804,10,1,2.5,SSCL,Taxes,0.0,Jinasena_MasterData_Purchase.tariff_date_id_795,,0.0,base.main_company
tariff_rates_id_17805,10,1,18.0,VAT-on-Item,Taxes,0.0,Jinasena_MasterData_Purchase.tariff_date_id_795,,0.0,base.main_company
tariff_rates_id_17806,10,1,18.0,VAT-on-GL,Taxes,0.0,Jinasena_MasterData_Purchase.tariff_date_id_795,,0.0,base.main_company
tariff_rates_id_17807,10,1,20.0,CID,Duty,0.0,Jinasena_MasterData_Purchase.tariff_date_id_796,,0.0,base.main_company
tariff_rates_id_17808,10,1,0.0,EIC,Duty,0.0,Jinasena_MasterData_Purchase.tariff_date_id_796,,0.0,base.main_company
tariff_rates_id_17809,10,1,0.0,ESC,Duty,0.0,Jinasena_MasterData_Purchase.tariff_date_id_796,,0.0,base.main_company
tariff_rates_id_17810,10,1,0.0,Excise,Duty,0.0,Jinasena_MasterData_Purchase.tariff_date_id_796,,0.0,base.main_company
tariff_rates_id_17811,10,1,10.0,PAL,Duty,0.0,Jinasena_MasterData_Purchase.tariff_date_id_796,,0.0,base.main_company
tariff_rates_id_17812,10,1,0.0,RIDL,Duty,0.0,Jinasena_MasterData_Purchase.tariff_date_id_796,,0.0,base.main_company
tariff_rates_id_17813,10,1,0.0,SRL,Duty,0.0,Jinasena_MasterData_Purchase.tariff_date_id_796,,0.0,base.main_company
tariff_rates_id_17814,10,1,0.0,Surcharge,Duty,0.0,Jinasena_MasterData_Purchase.tariff_date_id_796,,0.0,base.main_company
tariff_rates_id_17815,10,1,0.0,NBT,Taxes,0.0,Jinasena_MasterData_Purchase.tariff_date_id_796,,0.0,base.main_company
tariff_rates_id_17816,10,1,0.0,NBT-N,Taxes,0.0,Jinasena_MasterData_Purchase.tariff_date_id_796,,0.0,base.main_company
tariff_rates_id_17817,10,1,2.5,SSCL,Taxes,0.0,Jinasena_MasterData_Purchase.tariff_date_id_796,,0.0,base.main_company
tariff_rates_id_17818,10,1,18.0,VAT-on-Item,Taxes,0.0,Jinasena_MasterData_Purchase.tariff_date_id_796,,0.0,base.main_company
tariff_rates_id_17819,10,1,18.0,VAT-on-GL,Taxes,0.0,Jinasena_MasterData_Purchase.tariff_date_id_796,,0.0,base.main_company
tariff_rates_id_17820,10,1,20.0,CID,Duty,0.0,Jinasena_MasterData_Purchase.tariff_date_id_797,,0.0,base.main_company
tariff_rates_id_17821,10,1,0.0,EIC,Duty,0.0,Jinasena_MasterData_Purchase.tariff_date_id_797,,0.0,base.main_company
tariff_rates_id_17822,10,1,0.0,ESC,Duty,0.0,Jinasena_MasterData_Purchase.tariff_date_id_797,,0.0,base.main_company
tariff_rates_id_17823,10,1,0.0,Excise,Duty,0.0,Jinasena_MasterData_Purchase.tariff_date_id_797,,0.0,base.main_company
tariff_rates_id_17824,10,1,10.0,PAL,Duty,0.0,Jinasena_MasterData_Purchase.tariff_date_id_797,,0.0,base.main_company
tariff_rates_id_17825,10,1,0.0,RIDL,Duty,0.0,Jinasena_MasterData_Purchase.tariff_date_id_797,,0.0,base.main_company
tariff_rates_id_17826,10,1,0.0,SRL,Duty,0.0,Jinasena_MasterData_Purchase.tariff_date_id_797,,0.0,base.main_company
tariff_rates_id_17827,10,1,0.0,Surcharge,Duty,0.0,Jinasena_MasterData_Purchase.tariff_date_id_797,,0.0,base.main_company
tariff_rates_id_17828,10,1,0.0,NBT,Taxes,0.0,Jinasena_MasterData_Purchase.tariff_date_id_797,,0.0,base.main_company
tariff_rates_id_17829,10,1,0.0,NBT-N,Taxes,0.0,Jinasena_MasterData_Purchase.tariff_date_id_797,,0.0,base.main_company
tariff_rates_id_17830,10,1,2.5,SSCL,Taxes,0.0,Jinasena_MasterData_Purchase.tariff_date_id_797,,0.0,base.main_company
tariff_rates_id_17831,10,1,18.0,VAT-on-Item,Taxes,0.0,Jinasena_MasterData_Purchase.tariff_date_id_797,,0.0,base.main_company
tariff_rates_id_17832,10,1,18.0,VAT-on-GL,Taxes,0.0,Jinasena_MasterData_Purchase.tariff_date_id_797,,0.0,base.main_company
tariff_rates_id_22630,10,1,0.0,CID,Duty,0.0,Jinasena_MasterData_Purchase.tariff_date_id_921,Jinasena_MasterData_Purchase.misc_charge_codes_cid_119,0.0,Jinasena_MasterData_Common.res_company_jinasena_agricultural_machinery_pvt_ltd
tariff_rates_id_22631,10,1,0.0,EIC,Duty,0.0,Jinasena_MasterData_Purchase.tariff_date_id_921,Jinasena_MasterData_Purchase.misc_charge_codes_eic_120,0.0,Jinasena_MasterData_Common.res_company_jinasena_agricultural_machinery_pvt_ltd
tariff_rates_id_22632,10,1,0.0,ESC,Duty,0.0,Jinasena_MasterData_Purchase.tariff_date_id_921,Jinasena_MasterData_Purchase.misc_charge_codes_esc_121,0.0,Jinasena_MasterData_Common.res_company_jinasena_agricultural_machinery_pvt_ltd
tariff_rates_id_22633,10,1,0.0,Excise,Duty,0.0,Jinasena_MasterData_Purchase.tariff_date_id_921,Jinasena_MasterData_Purchase.misc_charge_codes_excise_122,0.0,Jinasena_MasterData_Common.res_company_jinasena_agricultural_machinery_pvt_ltd
tariff_rates_id_22634,10,1,0.0,PAL,Duty,0.0,Jinasena_MasterData_Purchase.tariff_date_id_921,Jinasena_MasterData_Purchase.misc_charge_codes_pal_123,0.0,Jinasena_MasterData_Common.res_company_jinasena_agricultural_machinery_pvt_ltd
tariff_rates_id_22635,10,1,0.0,RIDL,Duty,0.0,Jinasena_MasterData_Purchase.tariff_date_id_921,Jinasena_MasterData_Purchase.misc_charge_codes_ridl_124,0.0,Jinasena_MasterData_Common.res_company_jinasena_agricultural_machinery_pvt_ltd
tariff_rates_id_22636,10,1,0.0,SRL,Duty,0.0,Jinasena_MasterData_Purchase.tariff_date_id_921,Jinasena_MasterData_Purchase.misc_charge_codes_srl_125,0.0,Jinasena_MasterData_Common.res_company_jinasena_agricultural_machinery_pvt_ltd
tariff_rates_id_22637,10,1,0.0,Surcharge,Duty,0.0,Jinasena_MasterData_Purchase.tariff_date_id_921,Jinasena_MasterData_Purchase.misc_charge_codes_surcharge_126,0.0,Jinasena_MasterData_Common.res_company_jinasena_agricultural_machinery_pvt_ltd
tariff_rates_id_22638,10,1,0.0,NBT,Taxes,0.0,Jinasena_MasterData_Purchase.tariff_date_id_921,Jinasena_MasterData_Purchase.misc_charge_codes_nbt_155,0.0,Jinasena_MasterData_Common.res_company_jinasena_agricultural_machinery_pvt_ltd
tariff_rates_id_22639,10,1,0.0,NBT-N,Taxes,0.0,Jinasena_MasterData_Purchase.tariff_date_id_921,Jinasena_MasterData_Purchase.misc_charge_codes_nbt_n_156,0.0,Jinasena_MasterData_Common.res_company_jinasena_agricultural_machinery_pvt_ltd
tariff_rates_id_22640,10,1,0.0,VAT-on-Item,Taxes,0.0,Jinasena_MasterData_Purchase.tariff_date_id_921,Jinasena_MasterData_Purchase.misc_charge_codes_vat_on_item_157,0.0,Jinasena_MasterData_Common.res_company_jinasena_agricultural_machinery_pvt_ltd
tariff_rates_id_22641,10,1,0.0,VAT-on-GL,Taxes,0.0,Jinasena_MasterData_Purchase.tariff_date_id_921,Jinasena_MasterData_Purchase.misc_charge_codes_vat_on_gl_158,0.0,Jinasena_MasterData_Common.res_company_jinasena_agricultural_machinery_pvt_ltd
tariff_rates_id_22642,10,1,0.0,SSCL,Taxes,0.0,Jinasena_MasterData_Purchase.tariff_date_id_921,Jinasena_MasterData_Purchase.misc_charge_codes_sscl_159,0.0,Jinasena_MasterData_Common.res_company_jinasena_agricultural_machinery_pvt_ltd
tariff_rates_id_22643,10,1,0.0,CID,Duty,0.0,Jinasena_MasterData_Purchase.tariff_date_id_922,Jinasena_MasterData_Purchase.misc_charge_codes_cid_119,0.0,Jinasena_MasterData_Common.res_company_jinasena_agricultural_machinery_pvt_ltd
tariff_rates_id_22644,10,1,0.0,EIC,Duty,0.0,Jinasena_MasterData_Purchase.tariff_date_id_922,Jinasena_MasterData_Purchase.misc_charge_codes_eic_120,0.0,Jinasena_MasterData_Common.res_company_jinasena_agricultural_machinery_pvt_ltd
tariff_rates_id_22645,10,1,0.0,ESC,Duty,0.0,Jinasena_MasterData_Purchase.tariff_date_id_922,Jinasena_MasterData_Purchase.misc_charge_codes_esc_121,0.0,Jinasena_MasterData_Common.res_company_jinasena_agricultural_machinery_pvt_ltd
tariff_rates_id_22646,10,1,0.0,Excise,Duty,0.0,Jinasena_MasterData_Purchase.tariff_date_id_922,Jinasena_MasterData_Purchase.misc_charge_codes_excise_122,0.0,Jinasena_MasterData_Common.res_company_jinasena_agricultural_machinery_pvt_ltd
tariff_rates_id_22647,10,1,0.0,PAL,Duty,0.0,Jinasena_MasterData_Purchase.tariff_date_id_922,Jinasena_MasterData_Purchase.misc_charge_codes_pal_123,0.0,Jinasena_MasterData_Common.res_company_jinasena_agricultural_machinery_pvt_ltd
tariff_rates_id_22648,10,1,0.0,RIDL,Duty,0.0,Jinasena_MasterData_Purchase.tariff_date_id_922,Jinasena_MasterData_Purchase.misc_charge_codes_ridl_124,0.0,Jinasena_MasterData_Common.res_company_jinasena_agricultural_machinery_pvt_ltd
tariff_rates_id_22649,10,1,0.0,SRL,Duty,0.0,Jinasena_MasterData_Purchase.tariff_date_id_922,Jinasena_MasterData_Purchase.misc_charge_codes_srl_125,0.0,Jinasena_MasterData_Common.res_company_jinasena_agricultural_machinery_pvt_ltd
tariff_rates_id_22650,10,1,0.0,Surcharge,Duty,0.0,Jinasena_MasterData_Purchase.tariff_date_id_922,Jinasena_MasterData_Purchase.misc_charge_codes_surcharge_126,0.0,Jinasena_MasterData_Common.res_company_jinasena_agricultural_machinery_pvt_ltd
tariff_rates_id_22651,10,1,0.0,NBT,Taxes,0.0,Jinasena_MasterData_Purchase.tariff_date_id_922,Jinasena_MasterData_Purchase.misc_charge_codes_nbt_155,0.0,Jinasena_MasterData_Common.res_company_jinasena_agricultural_machinery_pvt_ltd
tariff_rates_id_22652,10,1,0.0,NBT-N,Taxes,0.0,Jinasena_MasterData_Purchase.tariff_date_id_922,Jinasena_MasterData_Purchase.misc_charge_codes_nbt_n_156,0.0,Jinasena_MasterData_Common.res_company_jinasena_agricultural_machinery_pvt_ltd
tariff_rates_id_22653,10,1,0.0,VAT-on-Item,Taxes,0.0,Jinasena_MasterData_Purchase.tariff_date_id_922,Jinasena_MasterData_Purchase.misc_charge_codes_vat_on_item_157,0.0,Jinasena_MasterData_Common.res_company_jinasena_agricultural_machinery_pvt_ltd
tariff_rates_id_22654,10,1,0.0,VAT-on-GL,Taxes,0.0,Jinasena_MasterData_Purchase.tariff_date_id_922,Jinasena_MasterData_Purchase.misc_charge_codes_vat_on_gl_158,0.0,Jinasena_MasterData_Common.res_company_jinasena_agricultural_machinery_pvt_ltd
tariff_rates_id_22655,10,1,0.0,SSCL,Taxes,0.0,Jinasena_MasterData_Purchase.tariff_date_id_922,Jinasena_MasterData_Purchase.misc_charge_codes_sscl_159,0.0,Jinasena_MasterData_Common.res_company_jinasena_agricultural_machinery_pvt_ltd
tariff_rates_id_22656,10,1,0.0,CID,Duty,0.0,Jinasena_MasterData_Purchase.tariff_date_id_923,Jinasena_MasterData_Purchase.misc_charge_codes_cid_119,0.0,Jinasena_MasterData_Common.res_company_jinasena_agricultural_machinery_pvt_ltd
tariff_rates_id_22657,10,1,0.0,EIC,Duty,0.0,Jinasena_MasterData_Purchase.tariff_date_id_923,Jinasena_MasterData_Purchase.misc_charge_codes_eic_120,0.0,Jinasena_MasterData_Common.res_company_jinasena_agricultural_machinery_pvt_ltd
tariff_rates_id_22658,10,1,0.0,ESC,Duty,0.0,Jinasena_MasterData_Purchase.tariff_date_id_923,Jinasena_MasterData_Purchase.misc_charge_codes_esc_121,0.0,Jinasena_MasterData_Common.res_company_jinasena_agricultural_machinery_pvt_ltd
tariff_rates_id_22659,10,1,0.0,Excise,Duty,0.0,Jinasena_MasterData_Purchase.tariff_date_id_923,Jinasena_MasterData_Purchase.misc_charge_codes_excise_122,0.0,Jinasena_MasterData_Common.res_company_jinasena_agricultural_machinery_pvt_ltd
tariff_rates_id_22660,10,1,0.0,PAL,Duty,0.0,Jinasena_MasterData_Purchase.tariff_date_id_923,Jinasena_MasterData_Purchase.misc_charge_codes_pal_123,0.0,Jinasena_MasterData_Common.res_company_jinasena_agricultural_machinery_pvt_ltd
tariff_rates_id_22661,10,1,0.0,RIDL,Duty,0.0,Jinasena_MasterData_Purchase.tariff_date_id_923,Jinasena_MasterData_Purchase.misc_charge_codes_ridl_124,0.0,Jinasena_MasterData_Common.res_company_jinasena_agricultural_machinery_pvt_ltd
tariff_rates_id_22662,10,1,0.0,SRL,Duty,0.0,Jinasena_MasterData_Purchase.tariff_date_id_923,Jinasena_MasterData_Purchase.misc_charge_codes_srl_125,0.0,Jinasena_MasterData_Common.res_company_jinasena_agricultural_machinery_pvt_ltd
tariff_rates_id_22663,10,1,0.0,Surcharge,Duty,0.0,Jinasena_MasterData_Purchase.tariff_date_id_923,Jinasena_MasterData_Purchase.misc_charge_codes_surcharge_126,0.0,Jinasena_MasterData_Common.res_company_jinasena_agricultural_machinery_pvt_ltd
tariff_rates_id_22664,10,1,0.0,NBT,Taxes,0.0,Jinasena_MasterData_Purchase.tariff_date_id_923,Jinasena_MasterData_Purchase.misc_charge_codes_nbt_155,0.0,Jinasena_MasterData_Common.res_company_jinasena_agricultural_machinery_pvt_ltd
tariff_rates_id_22665,10,1,0.0,NBT-N,Taxes,0.0,Jinasena_MasterData_Purchase.tariff_date_id_923,Jinasena_MasterData_Purchase.misc_charge_codes_nbt_n_156,0.0,Jinasena_MasterData_Common.res_company_jinasena_agricultural_machinery_pvt_ltd
tariff_rates_id_22666,10,1,0.0,VAT-on-Item,Taxes,0.0,Jinasena_MasterData_Purchase.tariff_date_id_923,Jinasena_MasterData_Purchase.misc_charge_codes_vat_on_item_157,0.0,Jinasena_MasterData_Common.res_company_jinasena_agricultural_machinery_pvt_ltd
tariff_rates_id_22667,10,1,0.0,VAT-on-GL,Taxes,0.0,Jinasena_MasterData_Purchase.tariff_date_id_923,Jinasena_MasterData_Purchase.misc_charge_codes_vat_on_gl_158,0.0,Jinasena_MasterData_Common.res_company_jinasena_agricultural_machinery_pvt_ltd
tariff_rates_id_22668,10,1,0.0,SSCL,Taxes,0.0,Jinasena_MasterData_Purchase.tariff_date_id_923,Jinasena_MasterData_Purchase.misc_charge_codes_sscl_159,0.0,Jinasena_MasterData_Common.res_company_jinasena_agricultural_machinery_pvt_ltd
tariff_rates_id_22669,10,1,0.0,CID,Duty,0.0,Jinasena_MasterData_Purchase.tariff_date_id_924,Jinasena_MasterData_Purchase.misc_charge_codes_cid_119,0.0,Jinasena_MasterData_Common.res_company_jinasena_agricultural_machinery_pvt_ltd
tariff_rates_id_22670,10,1,0.0,EIC,Duty,0.0,Jinasena_MasterData_Purchase.tariff_date_id_924,Jinasena_MasterData_Purchase.misc_charge_codes_eic_120,0.0,Jinasena_MasterData_Common.res_company_jinasena_agricultural_machinery_pvt_ltd
tariff_rates_id_22671,10,1,0.0,ESC,Duty,0.0,Jinasena_MasterData_Purchase.tariff_date_id_924,Jinasena_MasterData_Purchase.misc_charge_codes_esc_121,0.0,Jinasena_MasterData_Common.res_company_jinasena_agricultural_machinery_pvt_ltd
tariff_rates_id_22672,10,1,0.0,Excise,Duty,0.0,Jinasena_MasterData_Purchase.tariff_date_id_924,Jinasena_MasterData_Purchase.misc_charge_codes_excise_122,0.0,Jinasena_MasterData_Common.res_company_jinasena_agricultural_machinery_pvt_ltd
tariff_rates_id_22673,10,1,0.0,PAL,Duty,0.0,Jinasena_MasterData_Purchase.tariff_date_id_924,Jinasena_MasterData_Purchase.misc_charge_codes_pal_123,0.0,Jinasena_MasterData_Common.res_company_jinasena_agricultural_machinery_pvt_ltd
tariff_rates_id_22674,10,1,0.0,RIDL,Duty,0.0,Jinasena_MasterData_Purchase.tariff_date_id_924,Jinasena_MasterData_Purchase.misc_charge_codes_ridl_124,0.0,Jinasena_MasterData_Common.res_company_jinasena_agricultural_machinery_pvt_ltd
tariff_rates_id_22675,10,1,0.0,SRL,Duty,0.0,Jinasena_MasterData_Purchase.tariff_date_id_924,Jinasena_MasterData_Purchase.misc_charge_codes_srl_125,0.0,Jinasena_MasterData_Common.res_company_jinasena_agricultural_machinery_pvt_ltd
tariff_rates_id_22676,10,1,0.0,Surcharge,Duty,0.0,Jinasena_MasterData_Purchase.tariff_date_id_924,Jinasena_MasterData_Purchase.misc_charge_codes_surcharge_126,0.0,Jinasena_MasterData_Common.res_company_jinasena_agricultural_machinery_pvt_ltd
tariff_rates_id_22677,10,1,0.0,NBT,Taxes,0.0,Jinasena_MasterData_Purchase.tariff_date_id_924,Jinasena_MasterData_Purchase.misc_charge_codes_nbt_155,0.0,Jinasena_MasterData_Common.res_company_jinasena_agricultural_machinery_pvt_ltd
tariff_rates_id_22678,10,1,0.0,NBT-N,Taxes,0.0,Jinasena_MasterData_Purchase.tariff_date_id_924,Jinasena_MasterData_Purchase.misc_charge_codes_nbt_n_156,0.0,Jinasena_MasterData_Common.res_company_jinasena_agricultural_machinery_pvt_ltd
tariff_rates_id_22679,10,1,0.0,VAT-on-Item,Taxes,0.0,Jinasena_MasterData_Purchase.tariff_date_id_924,Jinasena_MasterData_Purchase.misc_charge_codes_vat_on_item_157,0.0,Jinasena_MasterData_Common.res_company_jinasena_agricultural_machinery_pvt_ltd
tariff_rates_id_22680,10,1,0.0,VAT-on-GL,Taxes,0.0,Jinasena_MasterData_Purchase.tariff_date_id_924,Jinasena_MasterData_Purchase.misc_charge_codes_vat_on_gl_158,0.0,Jinasena_MasterData_Common.res_company_jinasena_agricultural_machinery_pvt_ltd
tariff_rates_id_22681,10,1,0.0,SSCL,Taxes,0.0,Jinasena_MasterData_Purchase.tariff_date_id_924,Jinasena_MasterData_Purchase.misc_charge_codes_sscl_159,0.0,Jinasena_MasterData_Common.res_company_jinasena_agricultural_machinery_pvt_ltd
tariff_rates_id_22682,10,1,0.0,CID,Duty,0.0,Jinasena_MasterData_Purchase.tariff_date_id_925,Jinasena_MasterData_Purchase.misc_charge_codes_cid_119,0.0,Jinasena_MasterData_Common.res_company_jinasena_agricultural_machinery_pvt_ltd
tariff_rates_id_22683,10,1,0.0,EIC,Duty,0.0,Jinasena_MasterData_Purchase.tariff_date_id_925,Jinasena_MasterData_Purchase.misc_charge_codes_eic_120,0.0,Jinasena_MasterData_Common.res_company_jinasena_agricultural_machinery_pvt_ltd
tariff_rates_id_22684,10,1,0.0,ESC,Duty,0.0,Jinasena_MasterData_Purchase.tariff_date_id_925,Jinasena_MasterData_Purchase.misc_charge_codes_esc_121,0.0,Jinasena_MasterData_Common.res_company_jinasena_agricultural_machinery_pvt_ltd
tariff_rates_id_22685,10,1,0.0,Excise,Duty,0.0,Jinasena_MasterData_Purchase.tariff_date_id_925,Jinasena_MasterData_Purchase.misc_charge_codes_excise_122,0.0,Jinasena_MasterData_Common.res_company_jinasena_agricultural_machinery_pvt_ltd
tariff_rates_id_22686,10,1,0.0,PAL,Duty,0.0,Jinasena_MasterData_Purchase.tariff_date_id_925,Jinasena_MasterData_Purchase.misc_charge_codes_pal_123,0.0,Jinasena_MasterData_Common.res_company_jinasena_agricultural_machinery_pvt_ltd
tariff_rates_id_22687,10,1,0.0,RIDL,Duty,0.0,Jinasena_MasterData_Purchase.tariff_date_id_925,Jinasena_MasterData_Purchase.misc_charge_codes_ridl_124,0.0,Jinasena_MasterData_Common.res_company_jinasena_agricultural_machinery_pvt_ltd
tariff_rates_id_22688,10,1,0.0,SRL,Duty,0.0,Jinasena_MasterData_Purchase.tariff_date_id_925,Jinasena_MasterData_Purchase.misc_charge_codes_srl_125,0.0,Jinasena_MasterData_Common.res_company_jinasena_agricultural_machinery_pvt_ltd
tariff_rates_id_22689,10,1,0.0,Surcharge,Duty,0.0,Jinasena_MasterData_Purchase.tariff_date_id_925,Jinasena_MasterData_Purchase.misc_charge_codes_surcharge_126,0.0,Jinasena_MasterData_Common.res_company_jinasena_agricultural_machinery_pvt_ltd
tariff_rates_id_22690,10,1,0.0,NBT,Taxes,0.0,Jinasena_MasterData_Purchase.tariff_date_id_925,Jinasena_MasterData_Purchase.misc_charge_codes_nbt_155,0.0,Jinasena_MasterData_Common.res_company_jinasena_agricultural_machinery_pvt_ltd
tariff_rates_id_22691,10,1,0.0,NBT-N,Taxes,0.0,Jinasena_MasterData_Purchase.tariff_date_id_925,Jinasena_MasterData_Purchase.misc_charge_codes_nbt_n_156,0.0,Jinasena_MasterData_Common.res_company_jinasena_agricultural_machinery_pvt_ltd
tariff_rates_id_22692,10,1,0.0,VAT-on-Item,Taxes,0.0,Jinasena_MasterData_Purchase.tariff_date_id_925,Jinasena_MasterData_Purchase.misc_charge_codes_vat_on_item_157,0.0,Jinasena_MasterData_Common.res_company_jinasena_agricultural_machinery_pvt_ltd
tariff_rates_id_22693,10,1,0.0,VAT-on-GL,Taxes,0.0,Jinasena_MasterData_Purchase.tariff_date_id_925,Jinasena_MasterData_Purchase.misc_charge_codes_vat_on_gl_158,0.0,Jinasena_MasterData_Common.res_company_jinasena_agricultural_machinery_pvt_ltd
tariff_rates_id_22694,10,1,0.0,SSCL,Taxes,0.0,Jinasena_MasterData_Purchase.tariff_date_id_925,Jinasena_MasterData_Purchase.misc_charge_codes_sscl_159,0.0,Jinasena_MasterData_Common.res_company_jinasena_agricultural_machinery_pvt_ltd
tariff_rates_id_22695,10,1,0.0,CID,Duty,0.0,Jinasena_MasterData_Purchase.tariff_date_id_926,Jinasena_MasterData_Purchase.misc_charge_codes_cid_119,0.0,Jinasena_MasterData_Common.res_company_jinasena_agricultural_machinery_pvt_ltd
tariff_rates_id_22696,10,1,0.0,EIC,Duty,0.0,Jinasena_MasterData_Purchase.tariff_date_id_926,Jinasena_MasterData_Purchase.misc_charge_codes_eic_120,0.0,Jinasena_MasterData_Common.res_company_jinasena_agricultural_machinery_pvt_ltd
tariff_rates_id_22697,10,1,0.0,ESC,Duty,0.0,Jinasena_MasterData_Purchase.tariff_date_id_926,Jinasena_MasterData_Purchase.misc_charge_codes_esc_121,0.0,Jinasena_MasterData_Common.res_company_jinasena_agricultural_machinery_pvt_ltd
tariff_rates_id_22698,10,1,0.0,Excise,Duty,0.0,Jinasena_MasterData_Purchase.tariff_date_id_926,Jinasena_MasterData_Purchase.misc_charge_codes_excise_122,0.0,Jinasena_MasterData_Common.res_company_jinasena_agricultural_machinery_pvt_ltd
tariff_rates_id_22699,10,1,0.0,PAL,Duty,0.0,Jinasena_MasterData_Purchase.tariff_date_id_926,Jinasena_MasterData_Purchase.misc_charge_codes_pal_123,0.0,Jinasena_MasterData_Common.res_company_jinasena_agricultural_machinery_pvt_ltd
tariff_rates_id_22700,10,1,0.0,RIDL,Duty,0.0,Jinasena_MasterData_Purchase.tariff_date_id_926,Jinasena_MasterData_Purchase.misc_charge_codes_ridl_124,0.0,Jinasena_MasterData_Common.res_company_jinasena_agricultural_machinery_pvt_ltd
tariff_rates_id_22701,10,1,0.0,SRL,Duty,0.0,Jinasena_MasterData_Purchase.tariff_date_id_926,Jinasena_MasterData_Purchase.misc_charge_codes_srl_125,0.0,Jinasena_MasterData_Common.res_company_jinasena_agricultural_machinery_pvt_ltd
tariff_rates_id_22702,10,1,0.0,Surcharge,Duty,0.0,Jinasena_MasterData_Purchase.tariff_date_id_926,Jinasena_MasterData_Purchase.misc_charge_codes_surcharge_126,0.0,Jinasena_MasterData_Common.res_company_jinasena_agricultural_machinery_pvt_ltd
tariff_rates_id_22703,10,1,0.0,NBT,Taxes,0.0,Jinasena_MasterData_Purchase.tariff_date_id_926,Jinasena_MasterData_Purchase.misc_charge_codes_nbt_155,0.0,Jinasena_MasterData_Common.res_company_jinasena_agricultural_machinery_pvt_ltd
tariff_rates_id_22704,10,1,0.0,NBT-N,Taxes,0.0,Jinasena_MasterData_Purchase.tariff_date_id_926,Jinasena_MasterData_Purchase.misc_charge_codes_nbt_n_156,0.0,Jinasena_MasterData_Common.res_company_jinasena_agricultural_machinery_pvt_ltd
tariff_rates_id_22705,10,1,0.0,VAT-on-Item,Taxes,0.0,Jinasena_MasterData_Purchase.tariff_date_id_926,Jinasena_MasterData_Purchase.misc_charge_codes_vat_on_item_157,0.0,Jinasena_MasterData_Common.res_company_jinasena_agricultural_machinery_pvt_ltd
tariff_rates_id_22706,10,1,0.0,VAT-on-GL,Taxes,0.0,Jinasena_MasterData_Purchase.tariff_date_id_926,Jinasena_MasterData_Purchase.misc_charge_codes_vat_on_gl_158,0.0,Jinasena_MasterData_Common.res_company_jinasena_agricultural_machinery_pvt_ltd
tariff_rates_id_22707,10,1,0.0,SSCL,Taxes,0.0,Jinasena_MasterData_Purchase.tariff_date_id_926,Jinasena_MasterData_Purchase.misc_charge_codes_sscl_159,0.0,Jinasena_MasterData_Common.res_company_jinasena_agricultural_machinery_pvt_ltd
tariff_rates_id_22708,10,1,0.0,CID,Duty,0.0,Jinasena_MasterData_Purchase.tariff_date_id_927,Jinasena_MasterData_Purchase.misc_charge_codes_cid_119,0.0,Jinasena_MasterData_Common.res_company_jinasena_agricultural_machinery_pvt_ltd
tariff_rates_id_22709,10,1,0.0,EIC,Duty,0.0,Jinasena_MasterData_Purchase.tariff_date_id_927,Jinasena_MasterData_Purchase.misc_charge_codes_eic_120,0.0,Jinasena_MasterData_Common.res_company_jinasena_agricultural_machinery_pvt_ltd
tariff_rates_id_22710,10,1,0.0,ESC,Duty,0.0,Jinasena_MasterData_Purchase.tariff_date_id_927,Jinasena_MasterData_Purchase.misc_charge_codes_esc_121,0.0,Jinasena_MasterData_Common.res_company_jinasena_agricultural_machinery_pvt_ltd
tariff_rates_id_22711,10,1,0.0,Excise,Duty,0.0,Jinasena_MasterData_Purchase.tariff_date_id_927,Jinasena_MasterData_Purchase.misc_charge_codes_excise_122,0.0,Jinasena_MasterData_Common.res_company_jinasena_agricultural_machinery_pvt_ltd
tariff_rates_id_22712,10,1,0.0,PAL,Duty,0.0,Jinasena_MasterData_Purchase.tariff_date_id_927,Jinasena_MasterData_Purchase.misc_charge_codes_pal_123,0.0,Jinasena_MasterData_Common.res_company_jinasena_agricultural_machinery_pvt_ltd
tariff_rates_id_22713,10,1,0.0,RIDL,Duty,0.0,Jinasena_MasterData_Purchase.tariff_date_id_927,Jinasena_MasterData_Purchase.misc_charge_codes_ridl_124,0.0,Jinasena_MasterData_Common.res_company_jinasena_agricultural_machinery_pvt_ltd
tariff_rates_id_22714,10,1,0.0,SRL,Duty,0.0,Jinasena_MasterData_Purchase.tariff_date_id_927,Jinasena_MasterData_Purchase.misc_charge_codes_srl_125,0.0,Jinasena_MasterData_Common.res_company_jinasena_agricultural_machinery_pvt_ltd
tariff_rates_id_22715,10,1,0.0,Surcharge,Duty,0.0,Jinasena_MasterData_Purchase.tariff_date_id_927,Jinasena_MasterData_Purchase.misc_charge_codes_surcharge_126,0.0,Jinasena_MasterData_Common.res_company_jinasena_agricultural_machinery_pvt_ltd
tariff_rates_id_22716,10,1,0.0,NBT,Taxes,0.0,Jinasena_MasterData_Purchase.tariff_date_id_927,Jinasena_MasterData_Purchase.misc_charge_codes_nbt_155,0.0,Jinasena_MasterData_Common.res_company_jinasena_agricultural_machinery_pvt_ltd
tariff_rates_id_22717,10,1,0.0,NBT-N,Taxes,0.0,Jinasena_MasterData_Purchase.tariff_date_id_927,Jinasena_MasterData_Purchase.misc_charge_codes_nbt_n_156,0.0,Jinasena_MasterData_Common.res_company_jinasena_agricultural_machinery_pvt_ltd
tariff_rates_id_22718,10,1,0.0,VAT-on-Item,Taxes,0.0,Jinasena_MasterData_Purchase.tariff_date_id_927,Jinasena_MasterData_Purchase.misc_charge_codes_vat_on_item_157,0.0,Jinasena_MasterData_Common.res_company_jinasena_agricultural_machinery_pvt_ltd
tariff_rates_id_22719,10,1,0.0,VAT-on-GL,Taxes,0.0,Jinasena_MasterData_Purchase.tariff_date_id_927,Jinasena_MasterData_Purchase.misc_charge_codes_vat_on_gl_158,0.0,Jinasena_MasterData_Common.res_company_jinasena_agricultural_machinery_pvt_ltd
tariff_rates_id_22720,10,1,0.0,SSCL,Taxes,0.0,Jinasena_MasterData_Purchase.tariff_date_id_927,Jinasena_MasterData_Purchase.misc_charge_codes_sscl_159,0.0,Jinasena_MasterData_Common.res_company_jinasena_agricultural_machinery_pvt_ltd
tariff_rates_id_22721,10,1,0.0,CID,Duty,0.0,Jinasena_MasterData_Purchase.tariff_date_id_928,Jinasena_MasterData_Purchase.misc_charge_codes_cid_119,0.0,Jinasena_MasterData_Common.res_company_jinasena_agricultural_machinery_pvt_ltd
tariff_rates_id_22722,10,1,0.0,EIC,Duty,0.0,Jinasena_MasterData_Purchase.tariff_date_id_928,Jinasena_MasterData_Purchase.misc_charge_codes_eic_120,0.0,Jinasena_MasterData_Common.res_company_jinasena_agricultural_machinery_pvt_ltd
tariff_rates_id_22723,10,1,0.0,ESC,Duty,0.0,Jinasena_MasterData_Purchase.tariff_date_id_928,Jinasena_MasterData_Purchase.misc_charge_codes_esc_121,0.0,Jinasena_MasterData_Common.res_company_jinasena_agricultural_machinery_pvt_ltd
tariff_rates_id_22724,10,1,0.0,Excise,Duty,0.0,Jinasena_MasterData_Purchase.tariff_date_id_928,Jinasena_MasterData_Purchase.misc_charge_codes_excise_122,0.0,Jinasena_MasterData_Common.res_company_jinasena_agricultural_machinery_pvt_ltd
tariff_rates_id_22725,10,1,0.0,PAL,Duty,0.0,Jinasena_MasterData_Purchase.tariff_date_id_928,Jinasena_MasterData_Purchase.misc_charge_codes_pal_123,0.0,Jinasena_MasterData_Common.res_company_jinasena_agricultural_machinery_pvt_ltd
tariff_rates_id_22726,10,1,0.0,RIDL,Duty,0.0,Jinasena_MasterData_Purchase.tariff_date_id_928,Jinasena_MasterData_Purchase.misc_charge_codes_ridl_124,0.0,Jinasena_MasterData_Common.res_company_jinasena_agricultural_machinery_pvt_ltd
tariff_rates_id_22727,10,1,0.0,SRL,Duty,0.0,Jinasena_MasterData_Purchase.tariff_date_id_928,Jinasena_MasterData_Purchase.misc_charge_codes_srl_125,0.0,Jinasena_MasterData_Common.res_company_jinasena_agricultural_machinery_pvt_ltd
tariff_rates_id_22728,10,1,0.0,Surcharge,Duty,0.0,Jinasena_MasterData_Purchase.tariff_date_id_928,Jinasena_MasterData_Purchase.misc_charge_codes_surcharge_126,0.0,Jinasena_MasterData_Common.res_company_jinasena_agricultural_machinery_pvt_ltd
tariff_rates_id_22729,10,1,0.0,NBT,Taxes,0.0,Jinasena_MasterData_Purchase.tariff_date_id_928,Jinasena_MasterData_Purchase.misc_charge_codes_nbt_155,0.0,Jinasena_MasterData_Common.res_company_jinasena_agricultural_machinery_pvt_ltd
tariff_rates_id_22730,10,1,0.0,NBT-N,Taxes,0.0,Jinasena_MasterData_Purchase.tariff_date_id_928,Jinasena_MasterData_Purchase.misc_charge_codes_nbt_n_156,0.0,Jinasena_MasterData_Common.res_company_jinasena_agricultural_machinery_pvt_ltd
tariff_rates_id_22731,10,1,0.0,VAT-on-Item,Taxes,0.0,Jinasena_MasterData_Purchase.tariff_date_id_928,Jinasena_MasterData_Purchase.misc_charge_codes_vat_on_item_157,0.0,Jinasena_MasterData_Common.res_company_jinasena_agricultural_machinery_pvt_ltd
tariff_rates_id_22732,10,1,0.0,VAT-on-GL,Taxes,0.0,Jinasena_MasterData_Purchase.tariff_date_id_928,Jinasena_MasterData_Purchase.misc_charge_codes_vat_on_gl_158,0.0,Jinasena_MasterData_Common.res_company_jinasena_agricultural_machinery_pvt_ltd
tariff_rates_id_22733,10,1,0.0,SSCL,Taxes,0.0,Jinasena_MasterData_Purchase.tariff_date_id_928,Jinasena_MasterData_Purchase.misc_charge_codes_sscl_159,0.0,Jinasena_MasterData_Common.res_company_jinasena_agricultural_machinery_pvt_ltd
tariff_rates_id_22734,10,1,0.0,CID,Duty,0.0,Jinasena_MasterData_Purchase.tariff_date_id_929,Jinasena_MasterData_Purchase.misc_charge_codes_cid_119,0.0,Jinasena_MasterData_Common.res_company_jinasena_agricultural_machinery_pvt_ltd
tariff_rates_id_22735,10,1,0.0,EIC,Duty,0.0,Jinasena_MasterData_Purchase.tariff_date_id_929,Jinasena_MasterData_Purchase.misc_charge_codes_eic_120,0.0,Jinasena_MasterData_Common.res_company_jinasena_agricultural_machinery_pvt_ltd
tariff_rates_id_22736,10,1,0.0,ESC,Duty,0.0,Jinasena_MasterData_Purchase.tariff_date_id_929,Jinasena_MasterData_Purchase.misc_charge_codes_esc_121,0.0,Jinasena_MasterData_Common.res_company_jinasena_agricultural_machinery_pvt_ltd
tariff_rates_id_22737,10,1,0.0,Excise,Duty,0.0,Jinasena_MasterData_Purchase.tariff_date_id_929,Jinasena_MasterData_Purchase.misc_charge_codes_excise_122,0.0,Jinasena_MasterData_Common.res_company_jinasena_agricultural_machinery_pvt_ltd
tariff_rates_id_22738,10,1,0.0,PAL,Duty,0.0,Jinasena_MasterData_Purchase.tariff_date_id_929,Jinasena_MasterData_Purchase.misc_charge_codes_pal_123,0.0,Jinasena_MasterData_Common.res_company_jinasena_agricultural_machinery_pvt_ltd
tariff_rates_id_22739,10,1,0.0,RIDL,Duty,0.0,Jinasena_MasterData_Purchase.tariff_date_id_929,Jinasena_MasterData_Purchase.misc_charge_codes_ridl_124,0.0,Jinasena_MasterData_Common.res_company_jinasena_agricultural_machinery_pvt_ltd
tariff_rates_id_22740,10,1,0.0,SRL,Duty,0.0,Jinasena_MasterData_Purchase.tariff_date_id_929,Jinasena_MasterData_Purchase.misc_charge_codes_srl_125,0.0,Jinasena_MasterData_Common.res_company_jinasena_agricultural_machinery_pvt_ltd
tariff_rates_id_22741,10,1,0.0,Surcharge,Duty,0.0,Jinasena_MasterData_Purchase.tariff_date_id_929,Jinasena_MasterData_Purchase.misc_charge_codes_surcharge_126,0.0,Jinasena_MasterData_Common.res_company_jinasena_agricultural_machinery_pvt_ltd
tariff_rates_id_22742,10,1,0.0,NBT,Taxes,0.0,Jinasena_MasterData_Purchase.tariff_date_id_929,Jinasena_MasterData_Purchase.misc_charge_codes_nbt_155,0.0,Jinasena_MasterData_Common.res_company_jinasena_agricultural_machinery_pvt_ltd
tariff_rates_id_22743,10,1,0.0,NBT-N,Taxes,0.0,Jinasena_MasterData_Purchase.tariff_date_id_929,Jinasena_MasterData_Purchase.misc_charge_codes_nbt_n_156,0.0,Jinasena_MasterData_Common.res_company_jinasena_agricultural_machinery_pvt_ltd
tariff_rates_id_22744,10,1,0.0,VAT-on-Item,Taxes,0.0,Jinasena_MasterData_Purchase.tariff_date_id_929,Jinasena_MasterData_Purchase.misc_charge_codes_vat_on_item_157,0.0,Jinasena_MasterData_Common.res_company_jinasena_agricultural_machinery_pvt_ltd
tariff_rates_id_22745,10,1,0.0,VAT-on-GL,Taxes,0.0,Jinasena_MasterData_Purchase.tariff_date_id_929,Jinasena_MasterData_Purchase.misc_charge_codes_vat_on_gl_158,0.0,Jinasena_MasterData_Common.res_company_jinasena_agricultural_machinery_pvt_ltd
tariff_rates_id_22746,10,1,0.0,SSCL,Taxes,0.0,Jinasena_MasterData_Purchase.tariff_date_id_929,Jinasena_MasterData_Purchase.misc_charge_codes_sscl_159,0.0,Jinasena_MasterData_Common.res_company_jinasena_agricultural_machinery_pvt_ltd
tariff_rates_id_22747,10,1,0.0,CID,Duty,0.0,Jinasena_MasterData_Purchase.tariff_date_id_930,Jinasena_MasterData_Purchase.misc_charge_codes_cid_119,0.0,Jinasena_MasterData_Common.res_company_jinasena_agricultural_machinery_pvt_ltd
tariff_rates_id_22748,10,1,0.0,EIC,Duty,0.0,Jinasena_MasterData_Purchase.tariff_date_id_930,Jinasena_MasterData_Purchase.misc_charge_codes_eic_120,0.0,Jinasena_MasterData_Common.res_company_jinasena_agricultural_machinery_pvt_ltd
tariff_rates_id_22749,10,1,0.0,ESC,Duty,0.0,Jinasena_MasterData_Purchase.tariff_date_id_930,Jinasena_MasterData_Purchase.misc_charge_codes_esc_121,0.0,Jinasena_MasterData_Common.res_company_jinasena_agricultural_machinery_pvt_ltd
tariff_rates_id_22750,10,1,0.0,Excise,Duty,0.0,Jinasena_MasterData_Purchase.tariff_date_id_930,Jinasena_MasterData_Purchase.misc_charge_codes_excise_122,0.0,Jinasena_MasterData_Common.res_company_jinasena_agricultural_machinery_pvt_ltd
tariff_rates_id_22751,10,1,0.0,PAL,Duty,0.0,Jinasena_MasterData_Purchase.tariff_date_id_930,Jinasena_MasterData_Purchase.misc_charge_codes_pal_123,0.0,Jinasena_MasterData_Common.res_company_jinasena_agricultural_machinery_pvt_ltd
tariff_rates_id_22752,10,1,0.0,RIDL,Duty,0.0,Jinasena_MasterData_Purchase.tariff_date_id_930,Jinasena_MasterData_Purchase.misc_charge_codes_ridl_124,0.0,Jinasena_MasterData_Common.res_company_jinasena_agricultural_machinery_pvt_ltd
tariff_rates_id_22753,10,1,0.0,SRL,Duty,0.0,Jinasena_MasterData_Purchase.tariff_date_id_930,Jinasena_MasterData_Purchase.misc_charge_codes_srl_125,0.0,Jinasena_MasterData_Common.res_company_jinasena_agricultural_machinery_pvt_ltd
tariff_rates_id_22754,10,1,0.0,Surcharge,Duty,0.0,Jinasena_MasterData_Purchase.tariff_date_id_930,Jinasena_MasterData_Purchase.misc_charge_codes_surcharge_126,0.0,Jinasena_MasterData_Common.res_company_jinasena_agricultural_machinery_pvt_ltd
tariff_rates_id_22755,10,1,0.0,NBT,Taxes,0.0,Jinasena_MasterData_Purchase.tariff_date_id_930,Jinasena_MasterData_Purchase.misc_charge_codes_nbt_155,0.0,Jinasena_MasterData_Common.res_company_jinasena_agricultural_machinery_pvt_ltd
tariff_rates_id_22756,10,1,0.0,NBT-N,Taxes,0.0,Jinasena_MasterData_Purchase.tariff_date_id_930,Jinasena_MasterData_Purchase.misc_charge_codes_nbt_n_156,0.0,Jinasena_MasterData_Common.res_company_jinasena_agricultural_machinery_pvt_ltd
tariff_rates_id_22757,10,1,0.0,VAT-on-Item,Taxes,0.0,Jinasena_MasterData_Purchase.tariff_date_id_930,Jinasena_MasterData_Purchase.misc_charge_codes_vat_on_item_157,0.0,Jinasena_MasterData_Common.res_company_jinasena_agricultural_machinery_pvt_ltd
tariff_rates_id_22758,10,1,0.0,VAT-on-GL,Taxes,0.0,Jinasena_MasterData_Purchase.tariff_date_id_930,Jinasena_MasterData_Purchase.misc_charge_codes_vat_on_gl_158,0.0,Jinasena_MasterData_Common.res_company_jinasena_agricultural_machinery_pvt_ltd
tariff_rates_id_22759,10,1,0.0,SSCL,Taxes,0.0,Jinasena_MasterData_Purchase.tariff_date_id_930,Jinasena_MasterData_Purchase.misc_charge_codes_sscl_159,0.0,Jinasena_MasterData_Common.res_company_jinasena_agricultural_machinery_pvt_ltd
tariff_rates_id_22760,10,1,0.0,CID,Duty,0.0,Jinasena_MasterData_Purchase.tariff_date_id_931,Jinasena_MasterData_Purchase.misc_charge_codes_cid_119,0.0,Jinasena_MasterData_Common.res_company_jinasena_agricultural_machinery_pvt_ltd
tariff_rates_id_22761,10,1,0.0,EIC,Duty,0.0,Jinasena_MasterData_Purchase.tariff_date_id_931,Jinasena_MasterData_Purchase.misc_charge_codes_eic_120,0.0,Jinasena_MasterData_Common.res_company_jinasena_agricultural_machinery_pvt_ltd
tariff_rates_id_22762,10,1,0.0,ESC,Duty,0.0,Jinasena_MasterData_Purchase.tariff_date_id_931,Jinasena_MasterData_Purchase.misc_charge_codes_esc_121,0.0,Jinasena_MasterData_Common.res_company_jinasena_agricultural_machinery_pvt_ltd
tariff_rates_id_22763,10,1,0.0,Excise,Duty,0.0,Jinasena_MasterData_Purchase.tariff_date_id_931,Jinasena_MasterData_Purchase.misc_charge_codes_excise_122,0.0,Jinasena_MasterData_Common.res_company_jinasena_agricultural_machinery_pvt_ltd
tariff_rates_id_22764,10,1,0.0,PAL,Duty,0.0,Jinasena_MasterData_Purchase.tariff_date_id_931,Jinasena_MasterData_Purchase.misc_charge_codes_pal_123,0.0,Jinasena_MasterData_Common.res_company_jinasena_agricultural_machinery_pvt_ltd
tariff_rates_id_22765,10,1,0.0,RIDL,Duty,0.0,Jinasena_MasterData_Purchase.tariff_date_id_931,Jinasena_MasterData_Purchase.misc_charge_codes_ridl_124,0.0,Jinasena_MasterData_Common.res_company_jinasena_agricultural_machinery_pvt_ltd
tariff_rates_id_22766,10,1,0.0,SRL,Duty,0.0,Jinasena_MasterData_Purchase.tariff_date_id_931,Jinasena_MasterData_Purchase.misc_charge_codes_srl_125,0.0,Jinasena_MasterData_Common.res_company_jinasena_agricultural_machinery_pvt_ltd
tariff_rates_id_22767,10,1,0.0,Surcharge,Duty,0.0,Jinasena_MasterData_Purchase.tariff_date_id_931,Jinasena_MasterData_Purchase.misc_charge_codes_surcharge_126,0.0,Jinasena_MasterData_Common.res_company_jinasena_agricultural_machinery_pvt_ltd
tariff_rates_id_22768,10,1,0.0,NBT,Taxes,0.0,Jinasena_MasterData_Purchase.tariff_date_id_931,Jinasena_MasterData_Purchase.misc_charge_codes_nbt_155,0.0,Jinasena_MasterData_Common.res_company_jinasena_agricultural_machinery_pvt_ltd
tariff_rates_id_22769,10,1,0.0,NBT-N,Taxes,0.0,Jinasena_MasterData_Purchase.tariff_date_id_931,Jinasena_MasterData_Purchase.misc_charge_codes_nbt_n_156,0.0,Jinasena_MasterData_Common.res_company_jinasena_agricultural_machinery_pvt_ltd
tariff_rates_id_22770,10,1,0.0,VAT-on-Item,Taxes,0.0,Jinasena_MasterData_Purchase.tariff_date_id_931,Jinasena_MasterData_Purchase.misc_charge_codes_vat_on_item_157,0.0,Jinasena_MasterData_Common.res_company_jinasena_agricultural_machinery_pvt_ltd
tariff_rates_id_22771,10,1,0.0,VAT-on-GL,Taxes,0.0,Jinasena_MasterData_Purchase.tariff_date_id_931,Jinasena_MasterData_Purchase.misc_charge_codes_vat_on_gl_158,0.0,Jinasena_MasterData_Common.res_company_jinasena_agricultural_machinery_pvt_ltd
tariff_rates_id_22772,10,1,0.0,SSCL,Taxes,0.0,Jinasena_MasterData_Purchase.tariff_date_id_931,Jinasena_MasterData_Purchase.misc_charge_codes_sscl_159,0.0,Jinasena_MasterData_Common.res_company_jinasena_agricultural_machinery_pvt_ltd
tariff_rates_id_22773,10,1,0.0,CID,Duty,0.0,Jinasena_MasterData_Purchase.tariff_date_id_932,Jinasena_MasterData_Purchase.misc_charge_codes_cid_119,0.0,Jinasena_MasterData_Common.res_company_jinasena_agricultural_machinery_pvt_ltd
tariff_rates_id_22774,10,1,0.0,EIC,Duty,0.0,Jinasena_MasterData_Purchase.tariff_date_id_932,Jinasena_MasterData_Purchase.misc_charge_codes_eic_120,0.0,Jinasena_MasterData_Common.res_company_jinasena_agricultural_machinery_pvt_ltd
tariff_rates_id_22775,10,1,0.0,ESC,Duty,0.0,Jinasena_MasterData_Purchase.tariff_date_id_932,Jinasena_MasterData_Purchase.misc_charge_codes_esc_121,0.0,Jinasena_MasterData_Common.res_company_jinasena_agricultural_machinery_pvt_ltd
tariff_rates_id_22776,10,1,0.0,Excise,Duty,0.0,Jinasena_MasterData_Purchase.tariff_date_id_932,Jinasena_MasterData_Purchase.misc_charge_codes_excise_122,0.0,Jinasena_MasterData_Common.res_company_jinasena_agricultural_machinery_pvt_ltd
tariff_rates_id_22777,10,1,0.0,PAL,Duty,0.0,Jinasena_MasterData_Purchase.tariff_date_id_932,Jinasena_MasterData_Purchase.misc_charge_codes_pal_123,0.0,Jinasena_MasterData_Common.res_company_jinasena_agricultural_machinery_pvt_ltd
tariff_rates_id_22778,10,1,0.0,RIDL,Duty,0.0,Jinasena_MasterData_Purchase.tariff_date_id_932,Jinasena_MasterData_Purchase.misc_charge_codes_ridl_124,0.0,Jinasena_MasterData_Common.res_company_jinasena_agricultural_machinery_pvt_ltd
tariff_rates_id_22779,10,1,0.0,SRL,Duty,0.0,Jinasena_MasterData_Purchase.tariff_date_id_932,Jinasena_MasterData_Purchase.misc_charge_codes_srl_125,0.0,Jinasena_MasterData_Common.res_company_jinasena_agricultural_machinery_pvt_ltd
tariff_rates_id_22780,10,1,0.0,Surcharge,Duty,0.0,Jinasena_MasterData_Purchase.tariff_date_id_932,Jinasena_MasterData_Purchase.misc_charge_codes_surcharge_126,0.0,Jinasena_MasterData_Common.res_company_jinasena_agricultural_machinery_pvt_ltd
tariff_rates_id_22781,10,1,0.0,NBT,Taxes,0.0,Jinasena_MasterData_Purchase.tariff_date_id_932,Jinasena_MasterData_Purchase.misc_charge_codes_nbt_155,0.0,Jinasena_MasterData_Common.res_company_jinasena_agricultural_machinery_pvt_ltd
tariff_rates_id_22782,10,1,0.0,NBT-N,Taxes,0.0,Jinasena_MasterData_Purchase.tariff_date_id_932,Jinasena_MasterData_Purchase.misc_charge_codes_nbt_n_156,0.0,Jinasena_MasterData_Common.res_company_jinasena_agricultural_machinery_pvt_ltd
tariff_rates_id_22783,10,1,0.0,VAT-on-Item,Taxes,0.0,Jinasena_MasterData_Purchase.tariff_date_id_932,Jinasena_MasterData_Purchase.misc_charge_codes_vat_on_item_157,0.0,Jinasena_MasterData_Common.res_company_jinasena_agricultural_machinery_pvt_ltd
tariff_rates_id_22784,10,1,0.0,VAT-on-GL,Taxes,0.0,Jinasena_MasterData_Purchase.tariff_date_id_932,Jinasena_MasterData_Purchase.misc_charge_codes_vat_on_gl_158,0.0,Jinasena_MasterData_Common.res_company_jinasena_agricultural_machinery_pvt_ltd
tariff_rates_id_22785,10,1,0.0,SSCL,Taxes,0.0,Jinasena_MasterData_Purchase.tariff_date_id_932,Jinasena_MasterData_Purchase.misc_charge_codes_sscl_159,0.0,Jinasena_MasterData_Common.res_company_jinasena_agricultural_machinery_pvt_ltd
tariff_rates_id_22786,10,1,0.0,CID,Duty,0.0,Jinasena_MasterData_Purchase.tariff_date_id_933,Jinasena_MasterData_Purchase.misc_charge_codes_cid_119,0.0,Jinasena_MasterData_Common.res_company_jinasena_agricultural_machinery_pvt_ltd
tariff_rates_id_22787,10,1,0.0,EIC,Duty,0.0,Jinasena_MasterData_Purchase.tariff_date_id_933,Jinasena_MasterData_Purchase.misc_charge_codes_eic_120,0.0,Jinasena_MasterData_Common.res_company_jinasena_agricultural_machinery_pvt_ltd
tariff_rates_id_22788,10,1,0.0,ESC,Duty,0.0,Jinasena_MasterData_Purchase.tariff_date_id_933,Jinasena_MasterData_Purchase.misc_charge_codes_esc_121,0.0,Jinasena_MasterData_Common.res_company_jinasena_agricultural_machinery_pvt_ltd
tariff_rates_id_22789,10,1,0.0,Excise,Duty,0.0,Jinasena_MasterData_Purchase.tariff_date_id_933,Jinasena_MasterData_Purchase.misc_charge_codes_excise_122,0.0,Jinasena_MasterData_Common.res_company_jinasena_agricultural_machinery_pvt_ltd
tariff_rates_id_22790,10,1,0.0,PAL,Duty,0.0,Jinasena_MasterData_Purchase.tariff_date_id_933,Jinasena_MasterData_Purchase.misc_charge_codes_pal_123,0.0,Jinasena_MasterData_Common.res_company_jinasena_agricultural_machinery_pvt_ltd
tariff_rates_id_22791,10,1,0.0,RIDL,Duty,0.0,Jinasena_MasterData_Purchase.tariff_date_id_933,Jinasena_MasterData_Purchase.misc_charge_codes_ridl_124,0.0,Jinasena_MasterData_Common.res_company_jinasena_agricultural_machinery_pvt_ltd
tariff_rates_id_22792,10,1,0.0,SRL,Duty,0.0,Jinasena_MasterData_Purchase.tariff_date_id_933,Jinasena_MasterData_Purchase.misc_charge_codes_srl_125,0.0,Jinasena_MasterData_Common.res_company_jinasena_agricultural_machinery_pvt_ltd
tariff_rates_id_22793,10,1,0.0,Surcharge,Duty,0.0,Jinasena_MasterData_Purchase.tariff_date_id_933,Jinasena_MasterData_Purchase.misc_charge_codes_surcharge_126,0.0,Jinasena_MasterData_Common.res_company_jinasena_agricultural_machinery_pvt_ltd
tariff_rates_id_22794,10,1,0.0,NBT,Taxes,0.0,Jinasena_MasterData_Purchase.tariff_date_id_933,Jinasena_MasterData_Purchase.misc_charge_codes_nbt_155,0.0,Jinasena_MasterData_Common.res_company_jinasena_agricultural_machinery_pvt_ltd
tariff_rates_id_22795,10,1,0.0,NBT-N,Taxes,0.0,Jinasena_MasterData_Purchase.tariff_date_id_933,Jinasena_MasterData_Purchase.misc_charge_codes_nbt_n_156,0.0,Jinasena_MasterData_Common.res_company_jinasena_agricultural_machinery_pvt_ltd
tariff_rates_id_22796,10,1,0.0,VAT-on-Item,Taxes,0.0,Jinasena_MasterData_Purchase.tariff_date_id_933,Jinasena_MasterData_Purchase.misc_charge_codes_vat_on_item_157,0.0,Jinasena_MasterData_Common.res_company_jinasena_agricultural_machinery_pvt_ltd
tariff_rates_id_22797,10,1,0.0,VAT-on-GL,Taxes,0.0,Jinasena_MasterData_Purchase.tariff_date_id_933,Jinasena_MasterData_Purchase.misc_charge_codes_vat_on_gl_158,0.0,Jinasena_MasterData_Common.res_company_jinasena_agricultural_machinery_pvt_ltd
tariff_rates_id_22798,10,1,0.0,SSCL,Taxes,0.0,Jinasena_MasterData_Purchase.tariff_date_id_933,Jinasena_MasterData_Purchase.misc_charge_codes_sscl_159,0.0,Jinasena_MasterData_Common.res_company_jinasena_agricultural_machinery_pvt_ltd
tariff_rates_id_22799,10,1,0.0,CID,Duty,0.0,Jinasena_MasterData_Purchase.tariff_date_id_934,Jinasena_MasterData_Purchase.misc_charge_codes_cid_119,0.0,Jinasena_MasterData_Common.res_company_jinasena_agricultural_machinery_pvt_ltd
tariff_rates_id_22800,10,1,0.0,EIC,Duty,0.0,Jinasena_MasterData_Purchase.tariff_date_id_934,Jinasena_MasterData_Purchase.misc_charge_codes_eic_120,0.0,Jinasena_MasterData_Common.res_company_jinasena_agricultural_machinery_pvt_ltd
tariff_rates_id_22801,10,1,0.0,ESC,Duty,0.0,Jinasena_MasterData_Purchase.tariff_date_id_934,Jinasena_MasterData_Purchase.misc_charge_codes_esc_121,0.0,Jinasena_MasterData_Common.res_company_jinasena_agricultural_machinery_pvt_ltd
tariff_rates_id_22802,10,1,0.0,Excise,Duty,0.0,Jinasena_MasterData_Purchase.tariff_date_id_934,Jinasena_MasterData_Purchase.misc_charge_codes_excise_122,0.0,Jinasena_MasterData_Common.res_company_jinasena_agricultural_machinery_pvt_ltd
tariff_rates_id_22803,10,1,0.0,PAL,Duty,0.0,Jinasena_MasterData_Purchase.tariff_date_id_934,Jinasena_MasterData_Purchase.misc_charge_codes_pal_123,0.0,Jinasena_MasterData_Common.res_company_jinasena_agricultural_machinery_pvt_ltd
tariff_rates_id_22804,10,1,0.0,RIDL,Duty,0.0,Jinasena_MasterData_Purchase.tariff_date_id_934,Jinasena_MasterData_Purchase.misc_charge_codes_ridl_124,0.0,Jinasena_MasterData_Common.res_company_jinasena_agricultural_machinery_pvt_ltd
tariff_rates_id_22805,10,1,0.0,SRL,Duty,0.0,Jinasena_MasterData_Purchase.tariff_date_id_934,Jinasena_MasterData_Purchase.misc_charge_codes_srl_125,0.0,Jinasena_MasterData_Common.res_company_jinasena_agricultural_machinery_pvt_ltd
tariff_rates_id_22806,10,1,0.0,Surcharge,Duty,0.0,Jinasena_MasterData_Purchase.tariff_date_id_934,Jinasena_MasterData_Purchase.misc_charge_codes_surcharge_126,0.0,Jinasena_MasterData_Common.res_company_jinasena_agricultural_machinery_pvt_ltd
tariff_rates_id_22807,10,1,0.0,NBT,Taxes,0.0,Jinasena_MasterData_Purchase.tariff_date_id_934,Jinasena_MasterData_Purchase.misc_charge_codes_nbt_155,0.0,Jinasena_MasterData_Common.res_company_jinasena_agricultural_machinery_pvt_ltd
tariff_rates_id_22808,10,1,0.0,NBT-N,Taxes,0.0,Jinasena_MasterData_Purchase.tariff_date_id_934,Jinasena_MasterData_Purchase.misc_charge_codes_nbt_n_156,0.0,Jinasena_MasterData_Common.res_company_jinasena_agricultural_machinery_pvt_ltd
tariff_rates_id_22809,10,1,0.0,VAT-on-Item,Taxes,0.0,Jinasena_MasterData_Purchase.tariff_date_id_934,Jinasena_MasterData_Purchase.misc_charge_codes_vat_on_item_157,0.0,Jinasena_MasterData_Common.res_company_jinasena_agricultural_machinery_pvt_ltd
tariff_rates_id_22810,10,1,0.0,VAT-on-GL,Taxes,0.0,Jinasena_MasterData_Purchase.tariff_date_id_934,Jinasena_MasterData_Purchase.misc_charge_codes_vat_on_gl_158,0.0,Jinasena_MasterData_Common.res_company_jinasena_agricultural_machinery_pvt_ltd
tariff_rates_id_22811,10,1,0.0,SSCL,Taxes,0.0,Jinasena_MasterData_Purchase.tariff_date_id_934,Jinasena_MasterData_Purchase.misc_charge_codes_sscl_159,0.0,Jinasena_MasterData_Common.res_company_jinasena_agricultural_machinery_pvt_ltd
tariff_rates_id_22812,10,1,0.0,CID,Duty,0.0,Jinasena_MasterData_Purchase.tariff_date_id_935,Jinasena_MasterData_Purchase.misc_charge_codes_cid_119,0.0,Jinasena_MasterData_Common.res_company_jinasena_agricultural_machinery_pvt_ltd
tariff_rates_id_22813,10,1,0.0,EIC,Duty,0.0,Jinasena_MasterData_Purchase.tariff_date_id_935,Jinasena_MasterData_Purchase.misc_charge_codes_eic_120,0.0,Jinasena_MasterData_Common.res_company_jinasena_agricultural_machinery_pvt_ltd
tariff_rates_id_22814,10,1,0.0,ESC,Duty,0.0,Jinasena_MasterData_Purchase.tariff_date_id_935,Jinasena_MasterData_Purchase.misc_charge_codes_esc_121,0.0,Jinasena_MasterData_Common.res_company_jinasena_agricultural_machinery_pvt_ltd
tariff_rates_id_22815,10,1,0.0,Excise,Duty,0.0,Jinasena_MasterData_Purchase.tariff_date_id_935,Jinasena_MasterData_Purchase.misc_charge_codes_excise_122,0.0,Jinasena_MasterData_Common.res_company_jinasena_agricultural_machinery_pvt_ltd
tariff_rates_id_22816,10,1,0.0,PAL,Duty,0.0,Jinasena_MasterData_Purchase.tariff_date_id_935,Jinasena_MasterData_Purchase.misc_charge_codes_pal_123,0.0,Jinasena_MasterData_Common.res_company_jinasena_agricultural_machinery_pvt_ltd
tariff_rates_id_22817,10,1,0.0,RIDL,Duty,0.0,Jinasena_MasterData_Purchase.tariff_date_id_935,Jinasena_MasterData_Purchase.misc_charge_codes_ridl_124,0.0,Jinasena_MasterData_Common.res_company_jinasena_agricultural_machinery_pvt_ltd
tariff_rates_id_22818,10,1,0.0,SRL,Duty,0.0,Jinasena_MasterData_Purchase.tariff_date_id_935,Jinasena_MasterData_Purchase.misc_charge_codes_srl_125,0.0,Jinasena_MasterData_Common.res_company_jinasena_agricultural_machinery_pvt_ltd
tariff_rates_id_22819,10,1,0.0,Surcharge,Duty,0.0,Jinasena_MasterData_Purchase.tariff_date_id_935,Jinasena_MasterData_Purchase.misc_charge_codes_surcharge_126,0.0,Jinasena_MasterData_Common.res_company_jinasena_agricultural_machinery_pvt_ltd
tariff_rates_id_22820,10,1,0.0,NBT,Taxes,0.0,Jinasena_MasterData_Purchase.tariff_date_id_935,Jinasena_MasterData_Purchase.misc_charge_codes_nbt_155,0.0,Jinasena_MasterData_Common.res_company_jinasena_agricultural_machinery_pvt_ltd
tariff_rates_id_22821,10,1,0.0,NBT-N,Taxes,0.0,Jinasena_MasterData_Purchase.tariff_date_id_935,Jinasena_MasterData_Purchase.misc_charge_codes_nbt_n_156,0.0,Jinasena_MasterData_Common.res_company_jinasena_agricultural_machinery_pvt_ltd
tariff_rates_id_22822,10,1,0.0,VAT-on-Item,Taxes,0.0,Jinasena_MasterData_Purchase.tariff_date_id_935,Jinasena_MasterData_Purchase.misc_charge_codes_vat_on_item_157,0.0,Jinasena_MasterData_Common.res_company_jinasena_agricultural_machinery_pvt_ltd
tariff_rates_id_22823,10,1,0.0,VAT-on-GL,Taxes,0.0,Jinasena_MasterData_Purchase.tariff_date_id_935,Jinasena_MasterData_Purchase.misc_charge_codes_vat_on_gl_158,0.0,Jinasena_MasterData_Common.res_company_jinasena_agricultural_machinery_pvt_ltd
tariff_rates_id_22824,10,1,0.0,SSCL,Taxes,0.0,Jinasena_MasterData_Purchase.tariff_date_id_935,Jinasena_MasterData_Purchase.misc_charge_codes_sscl_159,0.0,Jinasena_MasterData_Common.res_company_jinasena_agricultural_machinery_pvt_ltd
tariff_rates_id_22825,10,1,0.0,CID,Duty,0.0,Jinasena_MasterData_Purchase.tariff_date_id_936,Jinasena_MasterData_Purchase.misc_charge_codes_cid_119,0.0,Jinasena_MasterData_Common.res_company_jinasena_agricultural_machinery_pvt_ltd
tariff_rates_id_22826,10,1,0.0,EIC,Duty,0.0,Jinasena_MasterData_Purchase.tariff_date_id_936,Jinasena_MasterData_Purchase.misc_charge_codes_eic_120,0.0,Jinasena_MasterData_Common.res_company_jinasena_agricultural_machinery_pvt_ltd
tariff_rates_id_22827,10,1,0.0,ESC,Duty,0.0,Jinasena_MasterData_Purchase.tariff_date_id_936,Jinasena_MasterData_Purchase.misc_charge_codes_esc_121,0.0,Jinasena_MasterData_Common.res_company_jinasena_agricultural_machinery_pvt_ltd
tariff_rates_id_22828,10,1,0.0,Excise,Duty,0.0,Jinasena_MasterData_Purchase.tariff_date_id_936,Jinasena_MasterData_Purchase.misc_charge_codes_excise_122,0.0,Jinasena_MasterData_Common.res_company_jinasena_agricultural_machinery_pvt_ltd
tariff_rates_id_22829,10,1,0.0,PAL,Duty,0.0,Jinasena_MasterData_Purchase.tariff_date_id_936,Jinasena_MasterData_Purchase.misc_charge_codes_pal_123,0.0,Jinasena_MasterData_Common.res_company_jinasena_agricultural_machinery_pvt_ltd
tariff_rates_id_22830,10,1,0.0,RIDL,Duty,0.0,Jinasena_MasterData_Purchase.tariff_date_id_936,Jinasena_MasterData_Purchase.misc_charge_codes_ridl_124,0.0,Jinasena_MasterData_Common.res_company_jinasena_agricultural_machinery_pvt_ltd
tariff_rates_id_22831,10,1,0.0,SRL,Duty,0.0,Jinasena_MasterData_Purchase.tariff_date_id_936,Jinasena_MasterData_Purchase.misc_charge_codes_srl_125,0.0,Jinasena_MasterData_Common.res_company_jinasena_agricultural_machinery_pvt_ltd
tariff_rates_id_22832,10,1,0.0,Surcharge,Duty,0.0,Jinasena_MasterData_Purchase.tariff_date_id_936,Jinasena_MasterData_Purchase.misc_charge_codes_surcharge_126,0.0,Jinasena_MasterData_Common.res_company_jinasena_agricultural_machinery_pvt_ltd
tariff_rates_id_22833,10,1,0.0,NBT,Taxes,0.0,Jinasena_MasterData_Purchase.tariff_date_id_936,Jinasena_MasterData_Purchase.misc_charge_codes_nbt_155,0.0,Jinasena_MasterData_Common.res_company_jinasena_agricultural_machinery_pvt_ltd
tariff_rates_id_22834,10,1,0.0,NBT-N,Taxes,0.0,Jinasena_MasterData_Purchase.tariff_date_id_936,Jinasena_MasterData_Purchase.misc_charge_codes_nbt_n_156,0.0,Jinasena_MasterData_Common.res_company_jinasena_agricultural_machinery_pvt_ltd
tariff_rates_id_22835,10,1,0.0,VAT-on-Item,Taxes,0.0,Jinasena_MasterData_Purchase.tariff_date_id_936,Jinasena_MasterData_Purchase.misc_charge_codes_vat_on_item_157,0.0,Jinasena_MasterData_Common.res_company_jinasena_agricultural_machinery_pvt_ltd
tariff_rates_id_22836,10,1,0.0,VAT-on-GL,Taxes,0.0,Jinasena_MasterData_Purchase.tariff_date_id_936,Jinasena_MasterData_Purchase.misc_charge_codes_vat_on_gl_158,0.0,Jinasena_MasterData_Common.res_company_jinasena_agricultural_machinery_pvt_ltd
tariff_rates_id_22837,10,1,0.0,SSCL,Taxes,0.0,Jinasena_MasterData_Purchase.tariff_date_id_936,Jinasena_MasterData_Purchase.misc_charge_codes_sscl_159,0.0,Jinasena_MasterData_Common.res_company_jinasena_agricultural_machinery_pvt_ltd
tariff_rates_id_22838,10,1,0.0,CID,Duty,0.0,Jinasena_MasterData_Purchase.tariff_date_id_937,Jinasena_MasterData_Purchase.misc_charge_codes_cid_119,0.0,Jinasena_MasterData_Common.res_company_jinasena_agricultural_machinery_pvt_ltd
tariff_rates_id_22839,10,1,0.0,EIC,Duty,0.0,Jinasena_MasterData_Purchase.tariff_date_id_937,Jinasena_MasterData_Purchase.misc_charge_codes_eic_120,0.0,Jinasena_MasterData_Common.res_company_jinasena_agricultural_machinery_pvt_ltd
tariff_rates_id_22840,10,1,0.0,ESC,Duty,0.0,Jinasena_MasterData_Purchase.tariff_date_id_937,Jinasena_MasterData_Purchase.misc_charge_codes_esc_121,0.0,Jinasena_MasterData_Common.res_company_jinasena_agricultural_machinery_pvt_ltd
tariff_rates_id_22841,10,1,0.0,Excise,Duty,0.0,Jinasena_MasterData_Purchase.tariff_date_id_937,Jinasena_MasterData_Purchase.misc_charge_codes_excise_122,0.0,Jinasena_MasterData_Common.res_company_jinasena_agricultural_machinery_pvt_ltd
tariff_rates_id_22842,10,1,0.0,PAL,Duty,0.0,Jinasena_MasterData_Purchase.tariff_date_id_937,Jinasena_MasterData_Purchase.misc_charge_codes_pal_123,0.0,Jinasena_MasterData_Common.res_company_jinasena_agricultural_machinery_pvt_ltd
tariff_rates_id_22843,10,1,0.0,RIDL,Duty,0.0,Jinasena_MasterData_Purchase.tariff_date_id_937,Jinasena_MasterData_Purchase.misc_charge_codes_ridl_124,0.0,Jinasena_MasterData_Common.res_company_jinasena_agricultural_machinery_pvt_ltd
tariff_rates_id_22844,10,1,0.0,SRL,Duty,0.0,Jinasena_MasterData_Purchase.tariff_date_id_937,Jinasena_MasterData_Purchase.misc_charge_codes_srl_125,0.0,Jinasena_MasterData_Common.res_company_jinasena_agricultural_machinery_pvt_ltd
tariff_rates_id_22845,10,1,0.0,Surcharge,Duty,0.0,Jinasena_MasterData_Purchase.tariff_date_id_937,Jinasena_MasterData_Purchase.misc_charge_codes_surcharge_126,0.0,Jinasena_MasterData_Common.res_company_jinasena_agricultural_machinery_pvt_ltd
tariff_rates_id_22846,10,1,0.0,NBT,Taxes,0.0,Jinasena_MasterData_Purchase.tariff_date_id_937,Jinasena_MasterData_Purchase.misc_charge_codes_nbt_155,0.0,Jinasena_MasterData_Common.res_company_jinasena_agricultural_machinery_pvt_ltd
tariff_rates_id_22847,10,1,0.0,NBT-N,Taxes,0.0,Jinasena_MasterData_Purchase.tariff_date_id_937,Jinasena_MasterData_Purchase.misc_charge_codes_nbt_n_156,0.0,Jinasena_MasterData_Common.res_company_jinasena_agricultural_machinery_pvt_ltd
tariff_rates_id_22848,10,1,0.0,VAT-on-Item,Taxes,0.0,Jinasena_MasterData_Purchase.tariff_date_id_937,Jinasena_MasterData_Purchase.misc_charge_codes_vat_on_item_157,0.0,Jinasena_MasterData_Common.res_company_jinasena_agricultural_machinery_pvt_ltd
tariff_rates_id_22849,10,1,0.0,VAT-on-GL,Taxes,0.0,Jinasena_MasterData_Purchase.tariff_date_id_937,Jinasena_MasterData_Purchase.misc_charge_codes_vat_on_gl_158,0.0,Jinasena_MasterData_Common.res_company_jinasena_agricultural_machinery_pvt_ltd
tariff_rates_id_22850,10,1,0.0,SSCL,Taxes,0.0,Jinasena_MasterData_Purchase.tariff_date_id_937,Jinasena_MasterData_Purchase.misc_charge_codes_sscl_159,0.0,Jinasena_MasterData_Common.res_company_jinasena_agricultural_machinery_pvt_ltd
tariff_rates_id_22851,10,1,0.0,CID,Duty,0.0,Jinasena_MasterData_Purchase.tariff_date_id_938,Jinasena_MasterData_Purchase.misc_charge_codes_cid_119,0.0,Jinasena_MasterData_Common.res_company_jinasena_agricultural_machinery_pvt_ltd
tariff_rates_id_22852,10,1,0.0,EIC,Duty,0.0,Jinasena_MasterData_Purchase.tariff_date_id_938,Jinasena_MasterData_Purchase.misc_charge_codes_eic_120,0.0,Jinasena_MasterData_Common.res_company_jinasena_agricultural_machinery_pvt_ltd
tariff_rates_id_22853,10,1,0.0,ESC,Duty,0.0,Jinasena_MasterData_Purchase.tariff_date_id_938,Jinasena_MasterData_Purchase.misc_charge_codes_esc_121,0.0,Jinasena_MasterData_Common.res_company_jinasena_agricultural_machinery_pvt_ltd
tariff_rates_id_22854,10,1,0.0,Excise,Duty,0.0,Jinasena_MasterData_Purchase.tariff_date_id_938,Jinasena_MasterData_Purchase.misc_charge_codes_excise_122,0.0,Jinasena_MasterData_Common.res_company_jinasena_agricultural_machinery_pvt_ltd
tariff_rates_id_22855,10,1,0.0,PAL,Duty,0.0,Jinasena_MasterData_Purchase.tariff_date_id_938,Jinasena_MasterData_Purchase.misc_charge_codes_pal_123,0.0,Jinasena_MasterData_Common.res_company_jinasena_agricultural_machinery_pvt_ltd
tariff_rates_id_22856,10,1,0.0,RIDL,Duty,0.0,Jinasena_MasterData_Purchase.tariff_date_id_938,Jinasena_MasterData_Purchase.misc_charge_codes_ridl_124,0.0,Jinasena_MasterData_Common.res_company_jinasena_agricultural_machinery_pvt_ltd
tariff_rates_id_22857,10,1,0.0,SRL,Duty,0.0,Jinasena_MasterData_Purchase.tariff_date_id_938,Jinasena_MasterData_Purchase.misc_charge_codes_srl_125,0.0,Jinasena_MasterData_Common.res_company_jinasena_agricultural_machinery_pvt_ltd
tariff_rates_id_22858,10,1,0.0,Surcharge,Duty,0.0,Jinasena_MasterData_Purchase.tariff_date_id_938,Jinasena_MasterData_Purchase.misc_charge_codes_surcharge_126,0.0,Jinasena_MasterData_Common.res_company_jinasena_agricultural_machinery_pvt_ltd
tariff_rates_id_22859,10,1,0.0,NBT,Taxes,0.0,Jinasena_MasterData_Purchase.tariff_date_id_938,Jinasena_MasterData_Purchase.misc_charge_codes_nbt_155,0.0,Jinasena_MasterData_Common.res_company_jinasena_agricultural_machinery_pvt_ltd
tariff_rates_id_22860,10,1,0.0,NBT-N,Taxes,0.0,Jinasena_MasterData_Purchase.tariff_date_id_938,Jinasena_MasterData_Purchase.misc_charge_codes_nbt_n_156,0.0,Jinasena_MasterData_Common.res_company_jinasena_agricultural_machinery_pvt_ltd
tariff_rates_id_22861,10,1,0.0,VAT-on-Item,Taxes,0.0,Jinasena_MasterData_Purchase.tariff_date_id_938,Jinasena_MasterData_Purchase.misc_charge_codes_vat_on_item_157,0.0,Jinasena_MasterData_Common.res_company_jinasena_agricultural_machinery_pvt_ltd
tariff_rates_id_22862,10,1,0.0,VAT-on-GL,Taxes,0.0,Jinasena_MasterData_Purchase.tariff_date_id_938,Jinasena_MasterData_Purchase.misc_charge_codes_vat_on_gl_158,0.0,Jinasena_MasterData_Common.res_company_jinasena_agricultural_machinery_pvt_ltd
tariff_rates_id_22863,10,1,0.0,SSCL,Taxes,0.0,Jinasena_MasterData_Purchase.tariff_date_id_938,Jinasena_MasterData_Purchase.misc_charge_codes_sscl_159,0.0,Jinasena_MasterData_Common.res_company_jinasena_agricultural_machinery_pvt_ltd
tariff_rates_id_22864,10,1,0.0,CID,Duty,0.0,Jinasena_MasterData_Purchase.tariff_date_id_939,Jinasena_MasterData_Purchase.misc_charge_codes_cid_119,0.0,Jinasena_MasterData_Common.res_company_jinasena_agricultural_machinery_pvt_ltd
tariff_rates_id_22865,10,1,0.0,EIC,Duty,0.0,Jinasena_MasterData_Purchase.tariff_date_id_939,Jinasena_MasterData_Purchase.misc_charge_codes_eic_120,0.0,Jinasena_MasterData_Common.res_company_jinasena_agricultural_machinery_pvt_ltd
tariff_rates_id_22866,10,1,0.0,ESC,Duty,0.0,Jinasena_MasterData_Purchase.tariff_date_id_939,Jinasena_MasterData_Purchase.misc_charge_codes_esc_121,0.0,Jinasena_MasterData_Common.res_company_jinasena_agricultural_machinery_pvt_ltd
tariff_rates_id_22867,10,1,0.0,Excise,Duty,0.0,Jinasena_MasterData_Purchase.tariff_date_id_939,Jinasena_MasterData_Purchase.misc_charge_codes_excise_122,0.0,Jinasena_MasterData_Common.res_company_jinasena_agricultural_machinery_pvt_ltd
tariff_rates_id_22868,10,1,0.0,PAL,Duty,0.0,Jinasena_MasterData_Purchase.tariff_date_id_939,Jinasena_MasterData_Purchase.misc_charge_codes_pal_123,0.0,Jinasena_MasterData_Common.res_company_jinasena_agricultural_machinery_pvt_ltd
tariff_rates_id_22869,10,1,0.0,RIDL,Duty,0.0,Jinasena_MasterData_Purchase.tariff_date_id_939,Jinasena_MasterData_Purchase.misc_charge_codes_ridl_124,0.0,Jinasena_MasterData_Common.res_company_jinasena_agricultural_machinery_pvt_ltd
tariff_rates_id_22870,10,1,0.0,SRL,Duty,0.0,Jinasena_MasterData_Purchase.tariff_date_id_939,Jinasena_MasterData_Purchase.misc_charge_codes_srl_125,0.0,Jinasena_MasterData_Common.res_company_jinasena_agricultural_machinery_pvt_ltd
tariff_rates_id_22871,10,1,0.0,Surcharge,Duty,0.0,Jinasena_MasterData_Purchase.tariff_date_id_939,Jinasena_MasterData_Purchase.misc_charge_codes_surcharge_126,0.0,Jinasena_MasterData_Common.res_company_jinasena_agricultural_machinery_pvt_ltd
tariff_rates_id_22872,10,1,0.0,NBT,Taxes,0.0,Jinasena_MasterData_Purchase.tariff_date_id_939,Jinasena_MasterData_Purchase.misc_charge_codes_nbt_155,0.0,Jinasena_MasterData_Common.res_company_jinasena_agricultural_machinery_pvt_ltd
tariff_rates_id_22873,10,1,0.0,NBT-N,Taxes,0.0,Jinasena_MasterData_Purchase.tariff_date_id_939,Jinasena_MasterData_Purchase.misc_charge_codes_nbt_n_156,0.0,Jinasena_MasterData_Common.res_company_jinasena_agricultural_machinery_pvt_ltd
tariff_rates_id_22874,10,1,0.0,VAT-on-Item,Taxes,0.0,Jinasena_MasterData_Purchase.tariff_date_id_939,Jinasena_MasterData_Purchase.misc_charge_codes_vat_on_item_157,0.0,Jinasena_MasterData_Common.res_company_jinasena_agricultural_machinery_pvt_ltd
tariff_rates_id_22875,10,1,0.0,VAT-on-GL,Taxes,0.0,Jinasena_MasterData_Purchase.tariff_date_id_939,Jinasena_MasterData_Purchase.misc_charge_codes_vat_on_gl_158,0.0,Jinasena_MasterData_Common.res_company_jinasena_agricultural_machinery_pvt_ltd
tariff_rates_id_22876,10,1,0.0,SSCL,Taxes,0.0,Jinasena_MasterData_Purchase.tariff_date_id_939,Jinasena_MasterData_Purchase.misc_charge_codes_sscl_159,0.0,Jinasena_MasterData_Common.res_company_jinasena_agricultural_machinery_pvt_ltd
tariff_rates_id_22877,10,1,0.0,CID,Duty,0.0,Jinasena_MasterData_Purchase.tariff_date_id_940,Jinasena_MasterData_Purchase.misc_charge_codes_cid_119,0.0,Jinasena_MasterData_Common.res_company_jinasena_agricultural_machinery_pvt_ltd
tariff_rates_id_22878,10,1,0.0,EIC,Duty,0.0,Jinasena_MasterData_Purchase.tariff_date_id_940,Jinasena_MasterData_Purchase.misc_charge_codes_eic_120,0.0,Jinasena_MasterData_Common.res_company_jinasena_agricultural_machinery_pvt_ltd
tariff_rates_id_22879,10,1,0.0,ESC,Duty,0.0,Jinasena_MasterData_Purchase.tariff_date_id_940,Jinasena_MasterData_Purchase.misc_charge_codes_esc_121,0.0,Jinasena_MasterData_Common.res_company_jinasena_agricultural_machinery_pvt_ltd
tariff_rates_id_22880,10,1,0.0,Excise,Duty,0.0,Jinasena_MasterData_Purchase.tariff_date_id_940,Jinasena_MasterData_Purchase.misc_charge_codes_excise_122,0.0,Jinasena_MasterData_Common.res_company_jinasena_agricultural_machinery_pvt_ltd
tariff_rates_id_22881,10,1,0.0,PAL,Duty,0.0,Jinasena_MasterData_Purchase.tariff_date_id_940,Jinasena_MasterData_Purchase.misc_charge_codes_pal_123,0.0,Jinasena_MasterData_Common.res_company_jinasena_agricultural_machinery_pvt_ltd
tariff_rates_id_22882,10,1,0.0,RIDL,Duty,0.0,Jinasena_MasterData_Purchase.tariff_date_id_940,Jinasena_MasterData_Purchase.misc_charge_codes_ridl_124,0.0,Jinasena_MasterData_Common.res_company_jinasena_agricultural_machinery_pvt_ltd
tariff_rates_id_22883,10,1,0.0,SRL,Duty,0.0,Jinasena_MasterData_Purchase.tariff_date_id_940,Jinasena_MasterData_Purchase.misc_charge_codes_srl_125,0.0,Jinasena_MasterData_Common.res_company_jinasena_agricultural_machinery_pvt_ltd
tariff_rates_id_22884,10,1,0.0,Surcharge,Duty,0.0,Jinasena_MasterData_Purchase.tariff_date_id_940,Jinasena_MasterData_Purchase.misc_charge_codes_surcharge_126,0.0,Jinasena_MasterData_Common.res_company_jinasena_agricultural_machinery_pvt_ltd
tariff_rates_id_22885,10,1,0.0,NBT,Taxes,0.0,Jinasena_MasterData_Purchase.tariff_date_id_940,Jinasena_MasterData_Purchase.misc_charge_codes_nbt_155,0.0,Jinasena_MasterData_Common.res_company_jinasena_agricultural_machinery_pvt_ltd
tariff_rates_id_22886,10,1,0.0,NBT-N,Taxes,0.0,Jinasena_MasterData_Purchase.tariff_date_id_940,Jinasena_MasterData_Purchase.misc_charge_codes_nbt_n_156,0.0,Jinasena_MasterData_Common.res_company_jinasena_agricultural_machinery_pvt_ltd
tariff_rates_id_22887,10,1,0.0,VAT-on-Item,Taxes,0.0,Jinasena_MasterData_Purchase.tariff_date_id_940,Jinasena_MasterData_Purchase.misc_charge_codes_vat_on_item_157,0.0,Jinasena_MasterData_Common.res_company_jinasena_agricultural_machinery_pvt_ltd
tariff_rates_id_22888,10,1,0.0,VAT-on-GL,Taxes,0.0,Jinasena_MasterData_Purchase.tariff_date_id_940,Jinasena_MasterData_Purchase.misc_charge_codes_vat_on_gl_158,0.0,Jinasena_MasterData_Common.res_company_jinasena_agricultural_machinery_pvt_ltd
tariff_rates_id_22889,10,1,0.0,SSCL,Taxes,0.0,Jinasena_MasterData_Purchase.tariff_date_id_940,Jinasena_MasterData_Purchase.misc_charge_codes_sscl_159,0.0,Jinasena_MasterData_Common.res_company_jinasena_agricultural_machinery_pvt_ltd
tariff_rates_id_22890,10,1,0.0,CID,Duty,0.0,Jinasena_MasterData_Purchase.tariff_date_id_941,Jinasena_MasterData_Purchase.misc_charge_codes_cid_119,0.0,Jinasena_MasterData_Common.res_company_jinasena_agricultural_machinery_pvt_ltd
tariff_rates_id_22891,10,1,0.0,EIC,Duty,0.0,Jinasena_MasterData_Purchase.tariff_date_id_941,Jinasena_MasterData_Purchase.misc_charge_codes_eic_120,0.0,Jinasena_MasterData_Common.res_company_jinasena_agricultural_machinery_pvt_ltd
tariff_rates_id_22892,10,1,0.0,ESC,Duty,0.0,Jinasena_MasterData_Purchase.tariff_date_id_941,Jinasena_MasterData_Purchase.misc_charge_codes_esc_121,0.0,Jinasena_MasterData_Common.res_company_jinasena_agricultural_machinery_pvt_ltd
tariff_rates_id_22893,10,1,0.0,Excise,Duty,0.0,Jinasena_MasterData_Purchase.tariff_date_id_941,Jinasena_MasterData_Purchase.misc_charge_codes_excise_122,0.0,Jinasena_MasterData_Common.res_company_jinasena_agricultural_machinery_pvt_ltd
tariff_rates_id_22894,10,1,0.0,PAL,Duty,0.0,Jinasena_MasterData_Purchase.tariff_date_id_941,Jinasena_MasterData_Purchase.misc_charge_codes_pal_123,0.0,Jinasena_MasterData_Common.res_company_jinasena_agricultural_machinery_pvt_ltd
tariff_rates_id_22895,10,1,0.0,RIDL,Duty,0.0,Jinasena_MasterData_Purchase.tariff_date_id_941,Jinasena_MasterData_Purchase.misc_charge_codes_ridl_124,0.0,Jinasena_MasterData_Common.res_company_jinasena_agricultural_machinery_pvt_ltd
tariff_rates_id_22896,10,1,0.0,SRL,Duty,0.0,Jinasena_MasterData_Purchase.tariff_date_id_941,Jinasena_MasterData_Purchase.misc_charge_codes_srl_125,0.0,Jinasena_MasterData_Common.res_company_jinasena_agricultural_machinery_pvt_ltd
tariff_rates_id_22897,10,1,0.0,Surcharge,Duty,0.0,Jinasena_MasterData_Purchase.tariff_date_id_941,Jinasena_MasterData_Purchase.misc_charge_codes_surcharge_126,0.0,Jinasena_MasterData_Common.res_company_jinasena_agricultural_machinery_pvt_ltd
tariff_rates_id_22898,10,1,0.0,NBT,Taxes,0.0,Jinasena_MasterData_Purchase.tariff_date_id_941,Jinasena_MasterData_Purchase.misc_charge_codes_nbt_155,0.0,Jinasena_MasterData_Common.res_company_jinasena_agricultural_machinery_pvt_ltd
tariff_rates_id_22899,10,1,0.0,NBT-N,Taxes,0.0,Jinasena_MasterData_Purchase.tariff_date_id_941,Jinasena_MasterData_Purchase.misc_charge_codes_nbt_n_156,0.0,Jinasena_MasterData_Common.res_company_jinasena_agricultural_machinery_pvt_ltd
tariff_rates_id_22900,10,1,0.0,VAT-on-Item,Taxes,0.0,Jinasena_MasterData_Purchase.tariff_date_id_941,Jinasena_MasterData_Purchase.misc_charge_codes_vat_on_item_157,0.0,Jinasena_MasterData_Common.res_company_jinasena_agricultural_machinery_pvt_ltd
tariff_rates_id_22901,10,1,0.0,VAT-on-GL,Taxes,0.0,Jinasena_MasterData_Purchase.tariff_date_id_941,Jinasena_MasterData_Purchase.misc_charge_codes_vat_on_gl_158,0.0,Jinasena_MasterData_Common.res_company_jinasena_agricultural_machinery_pvt_ltd
tariff_rates_id_22902,10,1,0.0,SSCL,Taxes,0.0,Jinasena_MasterData_Purchase.tariff_date_id_941,Jinasena_MasterData_Purchase.misc_charge_codes_sscl_159,0.0,Jinasena_MasterData_Common.res_company_jinasena_agricultural_machinery_pvt_ltd
tariff_rates_id_22903,10,1,0.0,CID,Duty,0.0,Jinasena_MasterData_Purchase.tariff_date_id_942,Jinasena_MasterData_Purchase.misc_charge_codes_cid_119,0.0,Jinasena_MasterData_Common.res_company_jinasena_agricultural_machinery_pvt_ltd
tariff_rates_id_22904,10,1,0.0,EIC,Duty,0.0,Jinasena_MasterData_Purchase.tariff_date_id_942,Jinasena_MasterData_Purchase.misc_charge_codes_eic_120,0.0,Jinasena_MasterData_Common.res_company_jinasena_agricultural_machinery_pvt_ltd
tariff_rates_id_22905,10,1,0.0,ESC,Duty,0.0,Jinasena_MasterData_Purchase.tariff_date_id_942,Jinasena_MasterData_Purchase.misc_charge_codes_esc_121,0.0,Jinasena_MasterData_Common.res_company_jinasena_agricultural_machinery_pvt_ltd
tariff_rates_id_22906,10,1,0.0,Excise,Duty,0.0,Jinasena_MasterData_Purchase.tariff_date_id_942,Jinasena_MasterData_Purchase.misc_charge_codes_excise_122,0.0,Jinasena_MasterData_Common.res_company_jinasena_agricultural_machinery_pvt_ltd
tariff_rates_id_22907,10,1,0.0,PAL,Duty,0.0,Jinasena_MasterData_Purchase.tariff_date_id_942,Jinasena_MasterData_Purchase.misc_charge_codes_pal_123,0.0,Jinasena_MasterData_Common.res_company_jinasena_agricultural_machinery_pvt_ltd
tariff_rates_id_22908,10,1,0.0,RIDL,Duty,0.0,Jinasena_MasterData_Purchase.tariff_date_id_942,Jinasena_MasterData_Purchase.misc_charge_codes_ridl_124,0.0,Jinasena_MasterData_Common.res_company_jinasena_agricultural_machinery_pvt_ltd
tariff_rates_id_22909,10,1,0.0,SRL,Duty,0.0,Jinasena_MasterData_Purchase.tariff_date_id_942,Jinasena_MasterData_Purchase.misc_charge_codes_srl_125,0.0,Jinasena_MasterData_Common.res_company_jinasena_agricultural_machinery_pvt_ltd
tariff_rates_id_22910,10,1,0.0,Surcharge,Duty,0.0,Jinasena_MasterData_Purchase.tariff_date_id_942,Jinasena_MasterData_Purchase.misc_charge_codes_surcharge_126,0.0,Jinasena_MasterData_Common.res_company_jinasena_agricultural_machinery_pvt_ltd
tariff_rates_id_22911,10,1,0.0,NBT,Taxes,0.0,Jinasena_MasterData_Purchase.tariff_date_id_942,Jinasena_MasterData_Purchase.misc_charge_codes_nbt_155,0.0,Jinasena_MasterData_Common.res_company_jinasena_agricultural_machinery_pvt_ltd
tariff_rates_id_22912,10,1,0.0,NBT-N,Taxes,0.0,Jinasena_MasterData_Purchase.tariff_date_id_942,Jinasena_MasterData_Purchase.misc_charge_codes_nbt_n_156,0.0,Jinasena_MasterData_Common.res_company_jinasena_agricultural_machinery_pvt_ltd
tariff_rates_id_22913,10,1,0.0,VAT-on-Item,Taxes,0.0,Jinasena_MasterData_Purchase.tariff_date_id_942,Jinasena_MasterData_Purchase.misc_charge_codes_vat_on_item_157,0.0,Jinasena_MasterData_Common.res_company_jinasena_agricultural_machinery_pvt_ltd
tariff_rates_id_22914,10,1,0.0,VAT-on-GL,Taxes,0.0,Jinasena_MasterData_Purchase.tariff_date_id_942,Jinasena_MasterData_Purchase.misc_charge_codes_vat_on_gl_158,0.0,Jinasena_MasterData_Common.res_company_jinasena_agricultural_machinery_pvt_ltd
tariff_rates_id_22915,10,1,0.0,SSCL,Taxes,0.0,Jinasena_MasterData_Purchase.tariff_date_id_942,Jinasena_MasterData_Purchase.misc_charge_codes_sscl_159,0.0,Jinasena_MasterData_Common.res_company_jinasena_agricultural_machinery_pvt_ltd
tariff_rates_id_22916,10,1,0.0,CID,Duty,0.0,Jinasena_MasterData_Purchase.tariff_date_id_943,Jinasena_MasterData_Purchase.misc_charge_codes_cid_119,0.0,Jinasena_MasterData_Common.res_company_jinasena_agricultural_machinery_pvt_ltd
tariff_rates_id_22917,10,1,0.0,EIC,Duty,0.0,Jinasena_MasterData_Purchase.tariff_date_id_943,Jinasena_MasterData_Purchase.misc_charge_codes_eic_120,0.0,Jinasena_MasterData_Common.res_company_jinasena_agricultural_machinery_pvt_ltd
tariff_rates_id_22918,10,1,0.0,ESC,Duty,0.0,Jinasena_MasterData_Purchase.tariff_date_id_943,Jinasena_MasterData_Purchase.misc_charge_codes_esc_121,0.0,Jinasena_MasterData_Common.res_company_jinasena_agricultural_machinery_pvt_ltd
tariff_rates_id_22919,10,1,0.0,Excise,Duty,0.0,Jinasena_MasterData_Purchase.tariff_date_id_943,Jinasena_MasterData_Purchase.misc_charge_codes_excise_122,0.0,Jinasena_MasterData_Common.res_company_jinasena_agricultural_machinery_pvt_ltd
tariff_rates_id_22920,10,1,0.0,PAL,Duty,0.0,Jinasena_MasterData_Purchase.tariff_date_id_943,Jinasena_MasterData_Purchase.misc_charge_codes_pal_123,0.0,Jinasena_MasterData_Common.res_company_jinasena_agricultural_machinery_pvt_ltd
tariff_rates_id_22921,10,1,0.0,RIDL,Duty,0.0,Jinasena_MasterData_Purchase.tariff_date_id_943,Jinasena_MasterData_Purchase.misc_charge_codes_ridl_124,0.0,Jinasena_MasterData_Common.res_company_jinasena_agricultural_machinery_pvt_ltd
tariff_rates_id_22922,10,1,0.0,SRL,Duty,0.0,Jinasena_MasterData_Purchase.tariff_date_id_943,Jinasena_MasterData_Purchase.misc_charge_codes_srl_125,0.0,Jinasena_MasterData_Common.res_company_jinasena_agricultural_machinery_pvt_ltd
tariff_rates_id_22923,10,1,0.0,Surcharge,Duty,0.0,Jinasena_MasterData_Purchase.tariff_date_id_943,Jinasena_MasterData_Purchase.misc_charge_codes_surcharge_126,0.0,Jinasena_MasterData_Common.res_company_jinasena_agricultural_machinery_pvt_ltd
tariff_rates_id_22924,10,1,0.0,NBT,Taxes,0.0,Jinasena_MasterData_Purchase.tariff_date_id_943,Jinasena_MasterData_Purchase.misc_charge_codes_nbt_155,0.0,Jinasena_MasterData_Common.res_company_jinasena_agricultural_machinery_pvt_ltd
tariff_rates_id_22925,10,1,0.0,NBT-N,Taxes,0.0,Jinasena_MasterData_Purchase.tariff_date_id_943,Jinasena_MasterData_Purchase.misc_charge_codes_nbt_n_156,0.0,Jinasena_MasterData_Common.res_company_jinasena_agricultural_machinery_pvt_ltd
tariff_rates_id_22926,10,1,0.0,VAT-on-Item,Taxes,0.0,Jinasena_MasterData_Purchase.tariff_date_id_943,Jinasena_MasterData_Purchase.misc_charge_codes_vat_on_item_157,0.0,Jinasena_MasterData_Common.res_company_jinasena_agricultural_machinery_pvt_ltd
tariff_rates_id_22927,10,1,0.0,VAT-on-GL,Taxes,0.0,Jinasena_MasterData_Purchase.tariff_date_id_943,Jinasena_MasterData_Purchase.misc_charge_codes_vat_on_gl_158,0.0,Jinasena_MasterData_Common.res_company_jinasena_agricultural_machinery_pvt_ltd
tariff_rates_id_22928,10,1,0.0,SSCL,Taxes,0.0,Jinasena_MasterData_Purchase.tariff_date_id_943,Jinasena_MasterData_Purchase.misc_charge_codes_sscl_159,0.0,Jinasena_MasterData_Common.res_company_jinasena_agricultural_machinery_pvt_ltd
tariff_rates_id_22929,10,1,0.0,CID,Duty,0.0,Jinasena_MasterData_Purchase.tariff_date_id_944,Jinasena_MasterData_Purchase.misc_charge_codes_cid_119,0.0,Jinasena_MasterData_Common.res_company_jinasena_agricultural_machinery_pvt_ltd
tariff_rates_id_22930,10,1,0.0,EIC,Duty,0.0,Jinasena_MasterData_Purchase.tariff_date_id_944,Jinasena_MasterData_Purchase.misc_charge_codes_eic_120,0.0,Jinasena_MasterData_Common.res_company_jinasena_agricultural_machinery_pvt_ltd
tariff_rates_id_22931,10,1,0.0,ESC,Duty,0.0,Jinasena_MasterData_Purchase.tariff_date_id_944,Jinasena_MasterData_Purchase.misc_charge_codes_esc_121,0.0,Jinasena_MasterData_Common.res_company_jinasena_agricultural_machinery_pvt_ltd
tariff_rates_id_22932,10,1,0.0,Excise,Duty,0.0,Jinasena_MasterData_Purchase.tariff_date_id_944,Jinasena_MasterData_Purchase.misc_charge_codes_excise_122,0.0,Jinasena_MasterData_Common.res_company_jinasena_agricultural_machinery_pvt_ltd
tariff_rates_id_22933,10,1,0.0,PAL,Duty,0.0,Jinasena_MasterData_Purchase.tariff_date_id_944,Jinasena_MasterData_Purchase.misc_charge_codes_pal_123,0.0,Jinasena_MasterData_Common.res_company_jinasena_agricultural_machinery_pvt_ltd
tariff_rates_id_22934,10,1,0.0,RIDL,Duty,0.0,Jinasena_MasterData_Purchase.tariff_date_id_944,Jinasena_MasterData_Purchase.misc_charge_codes_ridl_124,0.0,Jinasena_MasterData_Common.res_company_jinasena_agricultural_machinery_pvt_ltd
tariff_rates_id_22935,10,1,0.0,SRL,Duty,0.0,Jinasena_MasterData_Purchase.tariff_date_id_944,Jinasena_MasterData_Purchase.misc_charge_codes_srl_125,0.0,Jinasena_MasterData_Common.res_company_jinasena_agricultural_machinery_pvt_ltd
tariff_rates_id_22936,10,1,0.0,Surcharge,Duty,0.0,Jinasena_MasterData_Purchase.tariff_date_id_944,Jinasena_MasterData_Purchase.misc_charge_codes_surcharge_126,0.0,Jinasena_MasterData_Common.res_company_jinasena_agricultural_machinery_pvt_ltd
tariff_rates_id_22937,10,1,0.0,NBT,Taxes,0.0,Jinasena_MasterData_Purchase.tariff_date_id_944,Jinasena_MasterData_Purchase.misc_charge_codes_nbt_155,0.0,Jinasena_MasterData_Common.res_company_jinasena_agricultural_machinery_pvt_ltd
tariff_rates_id_22938,10,1,0.0,NBT-N,Taxes,0.0,Jinasena_MasterData_Purchase.tariff_date_id_944,Jinasena_MasterData_Purchase.misc_charge_codes_nbt_n_156,0.0,Jinasena_MasterData_Common.res_company_jinasena_agricultural_machinery_pvt_ltd
tariff_rates_id_22939,10,1,0.0,VAT-on-Item,Taxes,0.0,Jinasena_MasterData_Purchase.tariff_date_id_944,Jinasena_MasterData_Purchase.misc_charge_codes_vat_on_item_157,0.0,Jinasena_MasterData_Common.res_company_jinasena_agricultural_machinery_pvt_ltd
tariff_rates_id_22940,10,1,0.0,VAT-on-GL,Taxes,0.0,Jinasena_MasterData_Purchase.tariff_date_id_944,Jinasena_MasterData_Purchase.misc_charge_codes_vat_on_gl_158,0.0,Jinasena_MasterData_Common.res_company_jinasena_agricultural_machinery_pvt_ltd
tariff_rates_id_22941,10,1,0.0,SSCL,Taxes,0.0,Jinasena_MasterData_Purchase.tariff_date_id_944,Jinasena_MasterData_Purchase.misc_charge_codes_sscl_159,0.0,Jinasena_MasterData_Common.res_company_jinasena_agricultural_machinery_pvt_ltd
tariff_rates_id_22942,10,1,0.0,CID,Duty,0.0,Jinasena_MasterData_Purchase.tariff_date_id_945,Jinasena_MasterData_Purchase.misc_charge_codes_cid_119,0.0,Jinasena_MasterData_Common.res_company_jinasena_agricultural_machinery_pvt_ltd
tariff_rates_id_22943,10,1,0.0,EIC,Duty,0.0,Jinasena_MasterData_Purchase.tariff_date_id_945,Jinasena_MasterData_Purchase.misc_charge_codes_eic_120,0.0,Jinasena_MasterData_Common.res_company_jinasena_agricultural_machinery_pvt_ltd
tariff_rates_id_22944,10,1,0.0,ESC,Duty,0.0,Jinasena_MasterData_Purchase.tariff_date_id_945,Jinasena_MasterData_Purchase.misc_charge_codes_esc_121,0.0,Jinasena_MasterData_Common.res_company_jinasena_agricultural_machinery_pvt_ltd
tariff_rates_id_22945,10,1,0.0,Excise,Duty,0.0,Jinasena_MasterData_Purchase.tariff_date_id_945,Jinasena_MasterData_Purchase.misc_charge_codes_excise_122,0.0,Jinasena_MasterData_Common.res_company_jinasena_agricultural_machinery_pvt_ltd
tariff_rates_id_22946,10,1,0.0,PAL,Duty,0.0,Jinasena_MasterData_Purchase.tariff_date_id_945,Jinasena_MasterData_Purchase.misc_charge_codes_pal_123,0.0,Jinasena_MasterData_Common.res_company_jinasena_agricultural_machinery_pvt_ltd
tariff_rates_id_22947,10,1,0.0,RIDL,Duty,0.0,Jinasena_MasterData_Purchase.tariff_date_id_945,Jinasena_MasterData_Purchase.misc_charge_codes_ridl_124,0.0,Jinasena_MasterData_Common.res_company_jinasena_agricultural_machinery_pvt_ltd
tariff_rates_id_22948,10,1,0.0,SRL,Duty,0.0,Jinasena_MasterData_Purchase.tariff_date_id_945,Jinasena_MasterData_Purchase.misc_charge_codes_srl_125,0.0,Jinasena_MasterData_Common.res_company_jinasena_agricultural_machinery_pvt_ltd
tariff_rates_id_22949,10,1,0.0,Surcharge,Duty,0.0,Jinasena_MasterData_Purchase.tariff_date_id_945,Jinasena_MasterData_Purchase.misc_charge_codes_surcharge_126,0.0,Jinasena_MasterData_Common.res_company_jinasena_agricultural_machinery_pvt_ltd
tariff_rates_id_22950,10,1,0.0,NBT,Taxes,0.0,Jinasena_MasterData_Purchase.tariff_date_id_945,Jinasena_MasterData_Purchase.misc_charge_codes_nbt_155,0.0,Jinasena_MasterData_Common.res_company_jinasena_agricultural_machinery_pvt_ltd
tariff_rates_id_22951,10,1,0.0,NBT-N,Taxes,0.0,Jinasena_MasterData_Purchase.tariff_date_id_945,Jinasena_MasterData_Purchase.misc_charge_codes_nbt_n_156,0.0,Jinasena_MasterData_Common.res_company_jinasena_agricultural_machinery_pvt_ltd
tariff_rates_id_22952,10,1,0.0,VAT-on-Item,Taxes,0.0,Jinasena_MasterData_Purchase.tariff_date_id_945,Jinasena_MasterData_Purchase.misc_charge_codes_vat_on_item_157,0.0,Jinasena_MasterData_Common.res_company_jinasena_agricultural_machinery_pvt_ltd
tariff_rates_id_22953,10,1,0.0,VAT-on-GL,Taxes,0.0,Jinasena_MasterData_Purchase.tariff_date_id_945,Jinasena_MasterData_Purchase.misc_charge_codes_vat_on_gl_158,0.0,Jinasena_MasterData_Common.res_company_jinasena_agricultural_machinery_pvt_ltd
tariff_rates_id_22954,10,1,0.0,SSCL,Taxes,0.0,Jinasena_MasterData_Purchase.tariff_date_id_945,Jinasena_MasterData_Purchase.misc_charge_codes_sscl_159,0.0,Jinasena_MasterData_Common.res_company_jinasena_agricultural_machinery_pvt_ltd
tariff_rates_id_22955,10,1,0.0,CID,Duty,0.0,Jinasena_MasterData_Purchase.tariff_date_id_946,Jinasena_MasterData_Purchase.misc_charge_codes_cid_119,0.0,Jinasena_MasterData_Common.res_company_jinasena_agricultural_machinery_pvt_ltd
tariff_rates_id_22956,10,1,0.0,EIC,Duty,0.0,Jinasena_MasterData_Purchase.tariff_date_id_946,Jinasena_MasterData_Purchase.misc_charge_codes_eic_120,0.0,Jinasena_MasterData_Common.res_company_jinasena_agricultural_machinery_pvt_ltd
tariff_rates_id_22957,10,1,0.0,ESC,Duty,0.0,Jinasena_MasterData_Purchase.tariff_date_id_946,Jinasena_MasterData_Purchase.misc_charge_codes_esc_121,0.0,Jinasena_MasterData_Common.res_company_jinasena_agricultural_machinery_pvt_ltd
tariff_rates_id_22958,10,1,0.0,Excise,Duty,0.0,Jinasena_MasterData_Purchase.tariff_date_id_946,Jinasena_MasterData_Purchase.misc_charge_codes_excise_122,0.0,Jinasena_MasterData_Common.res_company_jinasena_agricultural_machinery_pvt_ltd
tariff_rates_id_22959,10,1,0.0,PAL,Duty,0.0,Jinasena_MasterData_Purchase.tariff_date_id_946,Jinasena_MasterData_Purchase.misc_charge_codes_pal_123,0.0,Jinasena_MasterData_Common.res_company_jinasena_agricultural_machinery_pvt_ltd
tariff_rates_id_22960,10,1,0.0,RIDL,Duty,0.0,Jinasena_MasterData_Purchase.tariff_date_id_946,Jinasena_MasterData_Purchase.misc_charge_codes_ridl_124,0.0,Jinasena_MasterData_Common.res_company_jinasena_agricultural_machinery_pvt_ltd
tariff_rates_id_22961,10,1,0.0,SRL,Duty,0.0,Jinasena_MasterData_Purchase.tariff_date_id_946,Jinasena_MasterData_Purchase.misc_charge_codes_srl_125,0.0,Jinasena_MasterData_Common.res_company_jinasena_agricultural_machinery_pvt_ltd
tariff_rates_id_22962,10,1,0.0,Surcharge,Duty,0.0,Jinasena_MasterData_Purchase.tariff_date_id_946,Jinasena_MasterData_Purchase.misc_charge_codes_surcharge_126,0.0,Jinasena_MasterData_Common.res_company_jinasena_agricultural_machinery_pvt_ltd
tariff_rates_id_22963,10,1,0.0,NBT,Taxes,0.0,Jinasena_MasterData_Purchase.tariff_date_id_946,Jinasena_MasterData_Purchase.misc_charge_codes_nbt_155,0.0,Jinasena_MasterData_Common.res_company_jinasena_agricultural_machinery_pvt_ltd
tariff_rates_id_22964,10,1,0.0,NBT-N,Taxes,0.0,Jinasena_MasterData_Purchase.tariff_date_id_946,Jinasena_MasterData_Purchase.misc_charge_codes_nbt_n_156,0.0,Jinasena_MasterData_Common.res_company_jinasena_agricultural_machinery_pvt_ltd
tariff_rates_id_22965,10,1,0.0,VAT-on-Item,Taxes,0.0,Jinasena_MasterData_Purchase.tariff_date_id_946,Jinasena_MasterData_Purchase.misc_charge_codes_vat_on_item_157,0.0,Jinasena_MasterData_Common.res_company_jinasena_agricultural_machinery_pvt_ltd
tariff_rates_id_22966,10,1,0.0,VAT-on-GL,Taxes,0.0,Jinasena_MasterData_Purchase.tariff_date_id_946,Jinasena_MasterData_Purchase.misc_charge_codes_vat_on_gl_158,0.0,Jinasena_MasterData_Common.res_company_jinasena_agricultural_machinery_pvt_ltd
tariff_rates_id_22967,10,1,0.0,SSCL,Taxes,0.0,Jinasena_MasterData_Purchase.tariff_date_id_946,Jinasena_MasterData_Purchase.misc_charge_codes_sscl_159,0.0,Jinasena_MasterData_Common.res_company_jinasena_agricultural_machinery_pvt_ltd
tariff_rates_id_22968,10,1,0.0,CID,Duty,0.0,Jinasena_MasterData_Purchase.tariff_date_id_947,Jinasena_MasterData_Purchase.misc_charge_codes_cid_119,0.0,Jinasena_MasterData_Common.res_company_jinasena_agricultural_machinery_pvt_ltd
tariff_rates_id_22969,10,1,0.0,EIC,Duty,0.0,Jinasena_MasterData_Purchase.tariff_date_id_947,Jinasena_MasterData_Purchase.misc_charge_codes_eic_120,0.0,Jinasena_MasterData_Common.res_company_jinasena_agricultural_machinery_pvt_ltd
tariff_rates_id_22970,10,1,0.0,ESC,Duty,0.0,Jinasena_MasterData_Purchase.tariff_date_id_947,Jinasena_MasterData_Purchase.misc_charge_codes_esc_121,0.0,Jinasena_MasterData_Common.res_company_jinasena_agricultural_machinery_pvt_ltd
tariff_rates_id_22971,10,1,0.0,Excise,Duty,0.0,Jinasena_MasterData_Purchase.tariff_date_id_947,Jinasena_MasterData_Purchase.misc_charge_codes_excise_122,0.0,Jinasena_MasterData_Common.res_company_jinasena_agricultural_machinery_pvt_ltd
tariff_rates_id_22972,10,1,0.0,PAL,Duty,0.0,Jinasena_MasterData_Purchase.tariff_date_id_947,Jinasena_MasterData_Purchase.misc_charge_codes_pal_123,0.0,Jinasena_MasterData_Common.res_company_jinasena_agricultural_machinery_pvt_ltd
tariff_rates_id_22973,10,1,0.0,RIDL,Duty,0.0,Jinasena_MasterData_Purchase.tariff_date_id_947,Jinasena_MasterData_Purchase.misc_charge_codes_ridl_124,0.0,Jinasena_MasterData_Common.res_company_jinasena_agricultural_machinery_pvt_ltd
tariff_rates_id_22974,10,1,0.0,SRL,Duty,0.0,Jinasena_MasterData_Purchase.tariff_date_id_947,Jinasena_MasterData_Purchase.misc_charge_codes_srl_125,0.0,Jinasena_MasterData_Common.res_company_jinasena_agricultural_machinery_pvt_ltd
tariff_rates_id_22975,10,1,0.0,Surcharge,Duty,0.0,Jinasena_MasterData_Purchase.tariff_date_id_947,Jinasena_MasterData_Purchase.misc_charge_codes_surcharge_126,0.0,Jinasena_MasterData_Common.res_company_jinasena_agricultural_machinery_pvt_ltd
tariff_rates_id_22976,10,1,0.0,NBT,Taxes,0.0,Jinasena_MasterData_Purchase.tariff_date_id_947,Jinasena_MasterData_Purchase.misc_charge_codes_nbt_155,0.0,Jinasena_MasterData_Common.res_company_jinasena_agricultural_machinery_pvt_ltd
tariff_rates_id_22977,10,1,0.0,NBT-N,Taxes,0.0,Jinasena_MasterData_Purchase.tariff_date_id_947,Jinasena_MasterData_Purchase.misc_charge_codes_nbt_n_156,0.0,Jinasena_MasterData_Common.res_company_jinasena_agricultural_machinery_pvt_ltd
tariff_rates_id_22978,10,1,0.0,VAT-on-Item,Taxes,0.0,Jinasena_MasterData_Purchase.tariff_date_id_947,Jinasena_MasterData_Purchase.misc_charge_codes_vat_on_item_157,0.0,Jinasena_MasterData_Common.res_company_jinasena_agricultural_machinery_pvt_ltd
tariff_rates_id_22979,10,1,0.0,VAT-on-GL,Taxes,0.0,Jinasena_MasterData_Purchase.tariff_date_id_947,Jinasena_MasterData_Purchase.misc_charge_codes_vat_on_gl_158,0.0,Jinasena_MasterData_Common.res_company_jinasena_agricultural_machinery_pvt_ltd
tariff_rates_id_22980,10,1,0.0,SSCL,Taxes,0.0,Jinasena_MasterData_Purchase.tariff_date_id_947,Jinasena_MasterData_Purchase.misc_charge_codes_sscl_159,0.0,Jinasena_MasterData_Common.res_company_jinasena_agricultural_machinery_pvt_ltd
tariff_rates_id_22981,10,1,0.0,CID,Duty,0.0,Jinasena_MasterData_Purchase.tariff_date_id_948,Jinasena_MasterData_Purchase.misc_charge_codes_cid_119,0.0,Jinasena_MasterData_Common.res_company_jinasena_agricultural_machinery_pvt_ltd
tariff_rates_id_22982,10,1,0.0,EIC,Duty,0.0,Jinasena_MasterData_Purchase.tariff_date_id_948,Jinasena_MasterData_Purchase.misc_charge_codes_eic_120,0.0,Jinasena_MasterData_Common.res_company_jinasena_agricultural_machinery_pvt_ltd
tariff_rates_id_22983,10,1,0.0,ESC,Duty,0.0,Jinasena_MasterData_Purchase.tariff_date_id_948,Jinasena_MasterData_Purchase.misc_charge_codes_esc_121,0.0,Jinasena_MasterData_Common.res_company_jinasena_agricultural_machinery_pvt_ltd
tariff_rates_id_22984,10,1,0.0,Excise,Duty,0.0,Jinasena_MasterData_Purchase.tariff_date_id_948,Jinasena_MasterData_Purchase.misc_charge_codes_excise_122,0.0,Jinasena_MasterData_Common.res_company_jinasena_agricultural_machinery_pvt_ltd
tariff_rates_id_22985,10,1,0.0,PAL,Duty,0.0,Jinasena_MasterData_Purchase.tariff_date_id_948,Jinasena_MasterData_Purchase.misc_charge_codes_pal_123,0.0,Jinasena_MasterData_Common.res_company_jinasena_agricultural_machinery_pvt_ltd
tariff_rates_id_22986,10,1,0.0,RIDL,Duty,0.0,Jinasena_MasterData_Purchase.tariff_date_id_948,Jinasena_MasterData_Purchase.misc_charge_codes_ridl_124,0.0,Jinasena_MasterData_Common.res_company_jinasena_agricultural_machinery_pvt_ltd
tariff_rates_id_22987,10,1,0.0,SRL,Duty,0.0,Jinasena_MasterData_Purchase.tariff_date_id_948,Jinasena_MasterData_Purchase.misc_charge_codes_srl_125,0.0,Jinasena_MasterData_Common.res_company_jinasena_agricultural_machinery_pvt_ltd
tariff_rates_id_22988,10,1,0.0,Surcharge,Duty,0.0,Jinasena_MasterData_Purchase.tariff_date_id_948,Jinasena_MasterData_Purchase.misc_charge_codes_surcharge_126,0.0,Jinasena_MasterData_Common.res_company_jinasena_agricultural_machinery_pvt_ltd
tariff_rates_id_22989,10,1,0.0,NBT,Taxes,0.0,Jinasena_MasterData_Purchase.tariff_date_id_948,Jinasena_MasterData_Purchase.misc_charge_codes_nbt_155,0.0,Jinasena_MasterData_Common.res_company_jinasena_agricultural_machinery_pvt_ltd
tariff_rates_id_22990,10,1,0.0,NBT-N,Taxes,0.0,Jinasena_MasterData_Purchase.tariff_date_id_948,Jinasena_MasterData_Purchase.misc_charge_codes_nbt_n_156,0.0,Jinasena_MasterData_Common.res_company_jinasena_agricultural_machinery_pvt_ltd
tariff_rates_id_22991,10,1,0.0,VAT-on-Item,Taxes,0.0,Jinasena_MasterData_Purchase.tariff_date_id_948,Jinasena_MasterData_Purchase.misc_charge_codes_vat_on_item_157,0.0,Jinasena_MasterData_Common.res_company_jinasena_agricultural_machinery_pvt_ltd
tariff_rates_id_22992,10,1,0.0,VAT-on-GL,Taxes,0.0,Jinasena_MasterData_Purchase.tariff_date_id_948,Jinasena_MasterData_Purchase.misc_charge_codes_vat_on_gl_158,0.0,Jinasena_MasterData_Common.res_company_jinasena_agricultural_machinery_pvt_ltd
tariff_rates_id_22993,10,1,0.0,SSCL,Taxes,0.0,Jinasena_MasterData_Purchase.tariff_date_id_948,Jinasena_MasterData_Purchase.misc_charge_codes_sscl_159,0.0,Jinasena_MasterData_Common.res_company_jinasena_agricultural_machinery_pvt_ltd
tariff_rates_id_22994,10,1,0.0,CID,Duty,0.0,Jinasena_MasterData_Purchase.tariff_date_id_949,Jinasena_MasterData_Purchase.misc_charge_codes_cid_119,0.0,Jinasena_MasterData_Common.res_company_jinasena_agricultural_machinery_pvt_ltd
tariff_rates_id_22995,10,1,0.0,EIC,Duty,0.0,Jinasena_MasterData_Purchase.tariff_date_id_949,Jinasena_MasterData_Purchase.misc_charge_codes_eic_120,0.0,Jinasena_MasterData_Common.res_company_jinasena_agricultural_machinery_pvt_ltd
tariff_rates_id_22996,10,1,0.0,ESC,Duty,0.0,Jinasena_MasterData_Purchase.tariff_date_id_949,Jinasena_MasterData_Purchase.misc_charge_codes_esc_121,0.0,Jinasena_MasterData_Common.res_company_jinasena_agricultural_machinery_pvt_ltd
tariff_rates_id_22997,10,1,0.0,Excise,Duty,0.0,Jinasena_MasterData_Purchase.tariff_date_id_949,Jinasena_MasterData_Purchase.misc_charge_codes_excise_122,0.0,Jinasena_MasterData_Common.res_company_jinasena_agricultural_machinery_pvt_ltd
tariff_rates_id_22998,10,1,0.0,PAL,Duty,0.0,Jinasena_MasterData_Purchase.tariff_date_id_949,Jinasena_MasterData_Purchase.misc_charge_codes_pal_123,0.0,Jinasena_MasterData_Common.res_company_jinasena_agricultural_machinery_pvt_ltd
tariff_rates_id_22999,10,1,0.0,RIDL,Duty,0.0,Jinasena_MasterData_Purchase.tariff_date_id_949,Jinasena_MasterData_Purchase.misc_charge_codes_ridl_124,0.0,Jinasena_MasterData_Common.res_company_jinasena_agricultural_machinery_pvt_ltd
tariff_rates_id_23000,10,1,0.0,SRL,Duty,0.0,Jinasena_MasterData_Purchase.tariff_date_id_949,Jinasena_MasterData_Purchase.misc_charge_codes_srl_125,0.0,Jinasena_MasterData_Common.res_company_jinasena_agricultural_machinery_pvt_ltd
tariff_rates_id_23001,10,1,0.0,Surcharge,Duty,0.0,Jinasena_MasterData_Purchase.tariff_date_id_949,Jinasena_MasterData_Purchase.misc_charge_codes_surcharge_126,0.0,Jinasena_MasterData_Common.res_company_jinasena_agricultural_machinery_pvt_ltd
tariff_rates_id_23002,10,1,0.0,NBT,Taxes,0.0,Jinasena_MasterData_Purchase.tariff_date_id_949,Jinasena_MasterData_Purchase.misc_charge_codes_nbt_155,0.0,Jinasena_MasterData_Common.res_company_jinasena_agricultural_machinery_pvt_ltd
tariff_rates_id_23003,10,1,0.0,NBT-N,Taxes,0.0,Jinasena_MasterData_Purchase.tariff_date_id_949,Jinasena_MasterData_Purchase.misc_charge_codes_nbt_n_156,0.0,Jinasena_MasterData_Common.res_company_jinasena_agricultural_machinery_pvt_ltd
tariff_rates_id_23004,10,1,0.0,VAT-on-Item,Taxes,0.0,Jinasena_MasterData_Purchase.tariff_date_id_949,Jinasena_MasterData_Purchase.misc_charge_codes_vat_on_item_157,0.0,Jinasena_MasterData_Common.res_company_jinasena_agricultural_machinery_pvt_ltd
tariff_rates_id_23005,10,1,0.0,VAT-on-GL,Taxes,0.0,Jinasena_MasterData_Purchase.tariff_date_id_949,Jinasena_MasterData_Purchase.misc_charge_codes_vat_on_gl_158,0.0,Jinasena_MasterData_Common.res_company_jinasena_agricultural_machinery_pvt_ltd
tariff_rates_id_23006,10,1,0.0,SSCL,Taxes,0.0,Jinasena_MasterData_Purchase.tariff_date_id_949,Jinasena_MasterData_Purchase.misc_charge_codes_sscl_159,0.0,Jinasena_MasterData_Common.res_company_jinasena_agricultural_machinery_pvt_ltd
tariff_rates_id_23007,10,1,0.0,CID,Duty,0.0,Jinasena_MasterData_Purchase.tariff_date_id_950,Jinasena_MasterData_Purchase.misc_charge_codes_cid_119,0.0,Jinasena_MasterData_Common.res_company_jinasena_agricultural_machinery_pvt_ltd
tariff_rates_id_23008,10,1,0.0,EIC,Duty,0.0,Jinasena_MasterData_Purchase.tariff_date_id_950,Jinasena_MasterData_Purchase.misc_charge_codes_eic_120,0.0,Jinasena_MasterData_Common.res_company_jinasena_agricultural_machinery_pvt_ltd
tariff_rates_id_23009,10,1,0.0,ESC,Duty,0.0,Jinasena_MasterData_Purchase.tariff_date_id_950,Jinasena_MasterData_Purchase.misc_charge_codes_esc_121,0.0,Jinasena_MasterData_Common.res_company_jinasena_agricultural_machinery_pvt_ltd
tariff_rates_id_23010,10,1,0.0,Excise,Duty,0.0,Jinasena_MasterData_Purchase.tariff_date_id_950,Jinasena_MasterData_Purchase.misc_charge_codes_excise_122,0.0,Jinasena_MasterData_Common.res_company_jinasena_agricultural_machinery_pvt_ltd
tariff_rates_id_23011,10,1,0.0,PAL,Duty,0.0,Jinasena_MasterData_Purchase.tariff_date_id_950,Jinasena_MasterData_Purchase.misc_charge_codes_pal_123,0.0,Jinasena_MasterData_Common.res_company_jinasena_agricultural_machinery_pvt_ltd
tariff_rates_id_23012,10,1,0.0,RIDL,Duty,0.0,Jinasena_MasterData_Purchase.tariff_date_id_950,Jinasena_MasterData_Purchase.misc_charge_codes_ridl_124,0.0,Jinasena_MasterData_Common.res_company_jinasena_agricultural_machinery_pvt_ltd
tariff_rates_id_23013,10,1,0.0,SRL,Duty,0.0,Jinasena_MasterData_Purchase.tariff_date_id_950,Jinasena_MasterData_Purchase.misc_charge_codes_srl_125,0.0,Jinasena_MasterData_Common.res_company_jinasena_agricultural_machinery_pvt_ltd
tariff_rates_id_23014,10,1,0.0,Surcharge,Duty,0.0,Jinasena_MasterData_Purchase.tariff_date_id_950,Jinasena_MasterData_Purchase.misc_charge_codes_surcharge_126,0.0,Jinasena_MasterData_Common.res_company_jinasena_agricultural_machinery_pvt_ltd
tariff_rates_id_23015,10,1,0.0,NBT,Taxes,0.0,Jinasena_MasterData_Purchase.tariff_date_id_950,Jinasena_MasterData_Purchase.misc_charge_codes_nbt_155,0.0,Jinasena_MasterData_Common.res_company_jinasena_agricultural_machinery_pvt_ltd
tariff_rates_id_23016,10,1,0.0,NBT-N,Taxes,0.0,Jinasena_MasterData_Purchase.tariff_date_id_950,Jinasena_MasterData_Purchase.misc_charge_codes_nbt_n_156,0.0,Jinasena_MasterData_Common.res_company_jinasena_agricultural_machinery_pvt_ltd
tariff_rates_id_23017,10,1,0.0,VAT-on-Item,Taxes,0.0,Jinasena_MasterData_Purchase.tariff_date_id_950,Jinasena_MasterData_Purchase.misc_charge_codes_vat_on_item_157,0.0,Jinasena_MasterData_Common.res_company_jinasena_agricultural_machinery_pvt_ltd
tariff_rates_id_23018,10,1,0.0,VAT-on-GL,Taxes,0.0,Jinasena_MasterData_Purchase.tariff_date_id_950,Jinasena_MasterData_Purchase.misc_charge_codes_vat_on_gl_158,0.0,Jinasena_MasterData_Common.res_company_jinasena_agricultural_machinery_pvt_ltd
tariff_rates_id_23019,10,1,0.0,SSCL,Taxes,0.0,Jinasena_MasterData_Purchase.tariff_date_id_950,Jinasena_MasterData_Purchase.misc_charge_codes_sscl_159,0.0,Jinasena_MasterData_Common.res_company_jinasena_agricultural_machinery_pvt_ltd
tariff_rates_id_23020,10,1,0.0,CID,Duty,0.0,Jinasena_MasterData_Purchase.tariff_date_id_951,Jinasena_MasterData_Purchase.misc_charge_codes_cid_119,0.0,Jinasena_MasterData_Common.res_company_jinasena_agricultural_machinery_pvt_ltd
tariff_rates_id_23021,10,1,0.0,EIC,Duty,0.0,Jinasena_MasterData_Purchase.tariff_date_id_951,Jinasena_MasterData_Purchase.misc_charge_codes_eic_120,0.0,Jinasena_MasterData_Common.res_company_jinasena_agricultural_machinery_pvt_ltd
tariff_rates_id_23022,10,1,0.0,ESC,Duty,0.0,Jinasena_MasterData_Purchase.tariff_date_id_951,Jinasena_MasterData_Purchase.misc_charge_codes_esc_121,0.0,Jinasena_MasterData_Common.res_company_jinasena_agricultural_machinery_pvt_ltd
tariff_rates_id_23023,10,1,0.0,Excise,Duty,0.0,Jinasena_MasterData_Purchase.tariff_date_id_951,Jinasena_MasterData_Purchase.misc_charge_codes_excise_122,0.0,Jinasena_MasterData_Common.res_company_jinasena_agricultural_machinery_pvt_ltd
tariff_rates_id_23024,10,1,0.0,PAL,Duty,0.0,Jinasena_MasterData_Purchase.tariff_date_id_951,Jinasena_MasterData_Purchase.misc_charge_codes_pal_123,0.0,Jinasena_MasterData_Common.res_company_jinasena_agricultural_machinery_pvt_ltd
tariff_rates_id_23025,10,1,0.0,RIDL,Duty,0.0,Jinasena_MasterData_Purchase.tariff_date_id_951,Jinasena_MasterData_Purchase.misc_charge_codes_ridl_124,0.0,Jinasena_MasterData_Common.res_company_jinasena_agricultural_machinery_pvt_ltd
tariff_rates_id_23026,10,1,0.0,SRL,Duty,0.0,Jinasena_MasterData_Purchase.tariff_date_id_951,Jinasena_MasterData_Purchase.misc_charge_codes_srl_125,0.0,Jinasena_MasterData_Common.res_company_jinasena_agricultural_machinery_pvt_ltd
tariff_rates_id_23027,10,1,0.0,Surcharge,Duty,0.0,Jinasena_MasterData_Purchase.tariff_date_id_951,Jinasena_MasterData_Purchase.misc_charge_codes_surcharge_126,0.0,Jinasena_MasterData_Common.res_company_jinasena_agricultural_machinery_pvt_ltd
tariff_rates_id_23028,10,1,0.0,NBT,Taxes,0.0,Jinasena_MasterData_Purchase.tariff_date_id_951,Jinasena_MasterData_Purchase.misc_charge_codes_nbt_155,0.0,Jinasena_MasterData_Common.res_company_jinasena_agricultural_machinery_pvt_ltd
tariff_rates_id_23029,10,1,0.0,NBT-N,Taxes,0.0,Jinasena_MasterData_Purchase.tariff_date_id_951,Jinasena_MasterData_Purchase.misc_charge_codes_nbt_n_156,0.0,Jinasena_MasterData_Common.res_company_jinasena_agricultural_machinery_pvt_ltd
tariff_rates_id_23030,10,1,0.0,VAT-on-Item,Taxes,0.0,Jinasena_MasterData_Purchase.tariff_date_id_951,Jinasena_MasterData_Purchase.misc_charge_codes_vat_on_item_157,0.0,Jinasena_MasterData_Common.res_company_jinasena_agricultural_machinery_pvt_ltd
tariff_rates_id_23031,10,1,0.0,VAT-on-GL,Taxes,0.0,Jinasena_MasterData_Purchase.tariff_date_id_951,Jinasena_MasterData_Purchase.misc_charge_codes_vat_on_gl_158,0.0,Jinasena_MasterData_Common.res_company_jinasena_agricultural_machinery_pvt_ltd
tariff_rates_id_23032,10,1,0.0,SSCL,Taxes,0.0,Jinasena_MasterData_Purchase.tariff_date_id_951,Jinasena_MasterData_Purchase.misc_charge_codes_sscl_159,0.0,Jinasena_MasterData_Common.res_company_jinasena_agricultural_machinery_pvt_ltd
tariff_rates_id_23033,10,1,0.0,CID,Duty,0.0,Jinasena_MasterData_Purchase.tariff_date_id_952,Jinasena_MasterData_Purchase.misc_charge_codes_cid_119,0.0,Jinasena_MasterData_Common.res_company_jinasena_agricultural_machinery_pvt_ltd
tariff_rates_id_23034,10,1,0.0,EIC,Duty,0.0,Jinasena_MasterData_Purchase.tariff_date_id_952,Jinasena_MasterData_Purchase.misc_charge_codes_eic_120,0.0,Jinasena_MasterData_Common.res_company_jinasena_agricultural_machinery_pvt_ltd
tariff_rates_id_23035,10,1,0.0,ESC,Duty,0.0,Jinasena_MasterData_Purchase.tariff_date_id_952,Jinasena_MasterData_Purchase.misc_charge_codes_esc_121,0.0,Jinasena_MasterData_Common.res_company_jinasena_agricultural_machinery_pvt_ltd
tariff_rates_id_23036,10,1,0.0,Excise,Duty,0.0,Jinasena_MasterData_Purchase.tariff_date_id_952,Jinasena_MasterData_Purchase.misc_charge_codes_excise_122,0.0,Jinasena_MasterData_Common.res_company_jinasena_agricultural_machinery_pvt_ltd
tariff_rates_id_23037,10,1,0.0,PAL,Duty,0.0,Jinasena_MasterData_Purchase.tariff_date_id_952,Jinasena_MasterData_Purchase.misc_charge_codes_pal_123,0.0,Jinasena_MasterData_Common.res_company_jinasena_agricultural_machinery_pvt_ltd
tariff_rates_id_23038,10,1,0.0,RIDL,Duty,0.0,Jinasena_MasterData_Purchase.tariff_date_id_952,Jinasena_MasterData_Purchase.misc_charge_codes_ridl_124,0.0,Jinasena_MasterData_Common.res_company_jinasena_agricultural_machinery_pvt_ltd
tariff_rates_id_23039,10,1,0.0,SRL,Duty,0.0,Jinasena_MasterData_Purchase.tariff_date_id_952,Jinasena_MasterData_Purchase.misc_charge_codes_srl_125,0.0,Jinasena_MasterData_Common.res_company_jinasena_agricultural_machinery_pvt_ltd
tariff_rates_id_23040,10,1,0.0,Surcharge,Duty,0.0,Jinasena_MasterData_Purchase.tariff_date_id_952,Jinasena_MasterData_Purchase.misc_charge_codes_surcharge_126,0.0,Jinasena_MasterData_Common.res_company_jinasena_agricultural_machinery_pvt_ltd
tariff_rates_id_23041,10,1,0.0,NBT,Taxes,0.0,Jinasena_MasterData_Purchase.tariff_date_id_952,Jinasena_MasterData_Purchase.misc_charge_codes_nbt_155,0.0,Jinasena_MasterData_Common.res_company_jinasena_agricultural_machinery_pvt_ltd
tariff_rates_id_23042,10,1,0.0,NBT-N,Taxes,0.0,Jinasena_MasterData_Purchase.tariff_date_id_952,Jinasena_MasterData_Purchase.misc_charge_codes_nbt_n_156,0.0,Jinasena_MasterData_Common.res_company_jinasena_agricultural_machinery_pvt_ltd
tariff_rates_id_23043,10,1,0.0,VAT-on-Item,Taxes,0.0,Jinasena_MasterData_Purchase.tariff_date_id_952,Jinasena_MasterData_Purchase.misc_charge_codes_vat_on_item_157,0.0,Jinasena_MasterData_Common.res_company_jinasena_agricultural_machinery_pvt_ltd
tariff_rates_id_23044,10,1,0.0,VAT-on-GL,Taxes,0.0,Jinasena_MasterData_Purchase.tariff_date_id_952,Jinasena_MasterData_Purchase.misc_charge_codes_vat_on_gl_158,0.0,Jinasena_MasterData_Common.res_company_jinasena_agricultural_machinery_pvt_ltd
tariff_rates_id_23045,10,1,0.0,SSCL,Taxes,0.0,Jinasena_MasterData_Purchase.tariff_date_id_952,Jinasena_MasterData_Purchase.misc_charge_codes_sscl_159,0.0,Jinasena_MasterData_Common.res_company_jinasena_agricultural_machinery_pvt_ltd
tariff_rates_id_23046,10,1,0.0,CID,Duty,0.0,Jinasena_MasterData_Purchase.tariff_date_id_953,Jinasena_MasterData_Purchase.misc_charge_codes_cid_119,0.0,Jinasena_MasterData_Common.res_company_jinasena_agricultural_machinery_pvt_ltd
tariff_rates_id_23047,10,1,0.0,EIC,Duty,0.0,Jinasena_MasterData_Purchase.tariff_date_id_953,Jinasena_MasterData_Purchase.misc_charge_codes_eic_120,0.0,Jinasena_MasterData_Common.res_company_jinasena_agricultural_machinery_pvt_ltd
tariff_rates_id_23048,10,1,0.0,ESC,Duty,0.0,Jinasena_MasterData_Purchase.tariff_date_id_953,Jinasena_MasterData_Purchase.misc_charge_codes_esc_121,0.0,Jinasena_MasterData_Common.res_company_jinasena_agricultural_machinery_pvt_ltd
tariff_rates_id_23049,10,1,0.0,Excise,Duty,0.0,Jinasena_MasterData_Purchase.tariff_date_id_953,Jinasena_MasterData_Purchase.misc_charge_codes_excise_122,0.0,Jinasena_MasterData_Common.res_company_jinasena_agricultural_machinery_pvt_ltd
tariff_rates_id_23050,10,1,0.0,PAL,Duty,0.0,Jinasena_MasterData_Purchase.tariff_date_id_953,Jinasena_MasterData_Purchase.misc_charge_codes_pal_123,0.0,Jinasena_MasterData_Common.res_company_jinasena_agricultural_machinery_pvt_ltd
tariff_rates_id_23051,10,1,0.0,RIDL,Duty,0.0,Jinasena_MasterData_Purchase.tariff_date_id_953,Jinasena_MasterData_Purchase.misc_charge_codes_ridl_124,0.0,Jinasena_MasterData_Common.res_company_jinasena_agricultural_machinery_pvt_ltd
tariff_rates_id_23052,10,1,0.0,SRL,Duty,0.0,Jinasena_MasterData_Purchase.tariff_date_id_953,Jinasena_MasterData_Purchase.misc_charge_codes_srl_125,0.0,Jinasena_MasterData_Common.res_company_jinasena_agricultural_machinery_pvt_ltd
tariff_rates_id_23053,10,1,0.0,Surcharge,Duty,0.0,Jinasena_MasterData_Purchase.tariff_date_id_953,Jinasena_MasterData_Purchase.misc_charge_codes_surcharge_126,0.0,Jinasena_MasterData_Common.res_company_jinasena_agricultural_machinery_pvt_ltd
tariff_rates_id_23054,10,1,0.0,NBT,Taxes,0.0,Jinasena_MasterData_Purchase.tariff_date_id_953,Jinasena_MasterData_Purchase.misc_charge_codes_nbt_155,0.0,Jinasena_MasterData_Common.res_company_jinasena_agricultural_machinery_pvt_ltd
tariff_rates_id_23055,10,1,0.0,NBT-N,Taxes,0.0,Jinasena_MasterData_Purchase.tariff_date_id_953,Jinasena_MasterData_Purchase.misc_charge_codes_nbt_n_156,0.0,Jinasena_MasterData_Common.res_company_jinasena_agricultural_machinery_pvt_ltd
tariff_rates_id_23056,10,1,0.0,VAT-on-Item,Taxes,0.0,Jinasena_MasterData_Purchase.tariff_date_id_953,Jinasena_MasterData_Purchase.misc_charge_codes_vat_on_item_157,0.0,Jinasena_MasterData_Common.res_company_jinasena_agricultural_machinery_pvt_ltd
tariff_rates_id_23057,10,1,0.0,VAT-on-GL,Taxes,0.0,Jinasena_MasterData_Purchase.tariff_date_id_953,Jinasena_MasterData_Purchase.misc_charge_codes_vat_on_gl_158,0.0,Jinasena_MasterData_Common.res_company_jinasena_agricultural_machinery_pvt_ltd
tariff_rates_id_23058,10,1,0.0,SSCL,Taxes,0.0,Jinasena_MasterData_Purchase.tariff_date_id_953,Jinasena_MasterData_Purchase.misc_charge_codes_sscl_159,0.0,Jinasena_MasterData_Common.res_company_jinasena_agricultural_machinery_pvt_ltd
tariff_rates_id_23059,10,1,0.0,CID,Duty,0.0,Jinasena_MasterData_Purchase.tariff_date_id_954,Jinasena_MasterData_Purchase.misc_charge_codes_cid_119,0.0,Jinasena_MasterData_Common.res_company_jinasena_agricultural_machinery_pvt_ltd
tariff_rates_id_23060,10,1,0.0,EIC,Duty,0.0,Jinasena_MasterData_Purchase.tariff_date_id_954,Jinasena_MasterData_Purchase.misc_charge_codes_eic_120,0.0,Jinasena_MasterData_Common.res_company_jinasena_agricultural_machinery_pvt_ltd
tariff_rates_id_23061,10,1,0.0,ESC,Duty,0.0,Jinasena_MasterData_Purchase.tariff_date_id_954,Jinasena_MasterData_Purchase.misc_charge_codes_esc_121,0.0,Jinasena_MasterData_Common.res_company_jinasena_agricultural_machinery_pvt_ltd
tariff_rates_id_23062,10,1,0.0,Excise,Duty,0.0,Jinasena_MasterData_Purchase.tariff_date_id_954,Jinasena_MasterData_Purchase.misc_charge_codes_excise_122,0.0,Jinasena_MasterData_Common.res_company_jinasena_agricultural_machinery_pvt_ltd
tariff_rates_id_23063,10,1,0.0,PAL,Duty,0.0,Jinasena_MasterData_Purchase.tariff_date_id_954,Jinasena_MasterData_Purchase.misc_charge_codes_pal_123,0.0,Jinasena_MasterData_Common.res_company_jinasena_agricultural_machinery_pvt_ltd
tariff_rates_id_23064,10,1,0.0,RIDL,Duty,0.0,Jinasena_MasterData_Purchase.tariff_date_id_954,Jinasena_MasterData_Purchase.misc_charge_codes_ridl_124,0.0,Jinasena_MasterData_Common.res_company_jinasena_agricultural_machinery_pvt_ltd
tariff_rates_id_23065,10,1,0.0,SRL,Duty,0.0,Jinasena_MasterData_Purchase.tariff_date_id_954,Jinasena_MasterData_Purchase.misc_charge_codes_srl_125,0.0,Jinasena_MasterData_Common.res_company_jinasena_agricultural_machinery_pvt_ltd
tariff_rates_id_23066,10,1,0.0,Surcharge,Duty,0.0,Jinasena_MasterData_Purchase.tariff_date_id_954,Jinasena_MasterData_Purchase.misc_charge_codes_surcharge_126,0.0,Jinasena_MasterData_Common.res_company_jinasena_agricultural_machinery_pvt_ltd
tariff_rates_id_23067,10,1,0.0,NBT,Taxes,0.0,Jinasena_MasterData_Purchase.tariff_date_id_954,Jinasena_MasterData_Purchase.misc_charge_codes_nbt_155,0.0,Jinasena_MasterData_Common.res_company_jinasena_agricultural_machinery_pvt_ltd
tariff_rates_id_23068,10,1,0.0,NBT-N,Taxes,0.0,Jinasena_MasterData_Purchase.tariff_date_id_954,Jinasena_MasterData_Purchase.misc_charge_codes_nbt_n_156,0.0,Jinasena_MasterData_Common.res_company_jinasena_agricultural_machinery_pvt_ltd
tariff_rates_id_23069,10,1,0.0,VAT-on-Item,Taxes,0.0,Jinasena_MasterData_Purchase.tariff_date_id_954,Jinasena_MasterData_Purchase.misc_charge_codes_vat_on_item_157,0.0,Jinasena_MasterData_Common.res_company_jinasena_agricultural_machinery_pvt_ltd
tariff_rates_id_23070,10,1,0.0,VAT-on-GL,Taxes,0.0,Jinasena_MasterData_Purchase.tariff_date_id_954,Jinasena_MasterData_Purchase.misc_charge_codes_vat_on_gl_158,0.0,Jinasena_MasterData_Common.res_company_jinasena_agricultural_machinery_pvt_ltd
tariff_rates_id_23071,10,1,0.0,SSCL,Taxes,0.0,Jinasena_MasterData_Purchase.tariff_date_id_954,Jinasena_MasterData_Purchase.misc_charge_codes_sscl_159,0.0,Jinasena_MasterData_Common.res_company_jinasena_agricultural_machinery_pvt_ltd
tariff_rates_id_23072,10,1,0.0,CID,Duty,0.0,Jinasena_MasterData_Purchase.tariff_date_id_955,Jinasena_MasterData_Purchase.misc_charge_codes_cid_119,0.0,Jinasena_MasterData_Common.res_company_jinasena_agricultural_machinery_pvt_ltd
tariff_rates_id_23073,10,1,0.0,EIC,Duty,0.0,Jinasena_MasterData_Purchase.tariff_date_id_955,Jinasena_MasterData_Purchase.misc_charge_codes_eic_120,0.0,Jinasena_MasterData_Common.res_company_jinasena_agricultural_machinery_pvt_ltd
tariff_rates_id_23074,10,1,0.0,ESC,Duty,0.0,Jinasena_MasterData_Purchase.tariff_date_id_955,Jinasena_MasterData_Purchase.misc_charge_codes_esc_121,0.0,Jinasena_MasterData_Common.res_company_jinasena_agricultural_machinery_pvt_ltd
tariff_rates_id_23075,10,1,0.0,Excise,Duty,0.0,Jinasena_MasterData_Purchase.tariff_date_id_955,Jinasena_MasterData_Purchase.misc_charge_codes_excise_122,0.0,Jinasena_MasterData_Common.res_company_jinasena_agricultural_machinery_pvt_ltd
tariff_rates_id_23076,10,1,0.0,PAL,Duty,0.0,Jinasena_MasterData_Purchase.tariff_date_id_955,Jinasena_MasterData_Purchase.misc_charge_codes_pal_123,0.0,Jinasena_MasterData_Common.res_company_jinasena_agricultural_machinery_pvt_ltd
tariff_rates_id_23077,10,1,0.0,RIDL,Duty,0.0,Jinasena_MasterData_Purchase.tariff_date_id_955,Jinasena_MasterData_Purchase.misc_charge_codes_ridl_124,0.0,Jinasena_MasterData_Common.res_company_jinasena_agricultural_machinery_pvt_ltd
tariff_rates_id_23078,10,1,0.0,SRL,Duty,0.0,Jinasena_MasterData_Purchase.tariff_date_id_955,Jinasena_MasterData_Purchase.misc_charge_codes_srl_125,0.0,Jinasena_MasterData_Common.res_company_jinasena_agricultural_machinery_pvt_ltd
tariff_rates_id_23079,10,1,0.0,Surcharge,Duty,0.0,Jinasena_MasterData_Purchase.tariff_date_id_955,Jinasena_MasterData_Purchase.misc_charge_codes_surcharge_126,0.0,Jinasena_MasterData_Common.res_company_jinasena_agricultural_machinery_pvt_ltd
tariff_rates_id_23080,10,1,0.0,NBT,Taxes,0.0,Jinasena_MasterData_Purchase.tariff_date_id_955,Jinasena_MasterData_Purchase.misc_charge_codes_nbt_155,0.0,Jinasena_MasterData_Common.res_company_jinasena_agricultural_machinery_pvt_ltd
tariff_rates_id_23081,10,1,0.0,NBT-N,Taxes,0.0,Jinasena_MasterData_Purchase.tariff_date_id_955,Jinasena_MasterData_Purchase.misc_charge_codes_nbt_n_156,0.0,Jinasena_MasterData_Common.res_company_jinasena_agricultural_machinery_pvt_ltd
tariff_rates_id_23082,10,1,0.0,VAT-on-Item,Taxes,0.0,Jinasena_MasterData_Purchase.tariff_date_id_955,Jinasena_MasterData_Purchase.misc_charge_codes_vat_on_item_157,0.0,Jinasena_MasterData_Common.res_company_jinasena_agricultural_machinery_pvt_ltd
tariff_rates_id_23083,10,1,0.0,VAT-on-GL,Taxes,0.0,Jinasena_MasterData_Purchase.tariff_date_id_955,Jinasena_MasterData_Purchase.misc_charge_codes_vat_on_gl_158,0.0,Jinasena_MasterData_Common.res_company_jinasena_agricultural_machinery_pvt_ltd
tariff_rates_id_23084,10,1,0.0,SSCL,Taxes,0.0,Jinasena_MasterData_Purchase.tariff_date_id_955,Jinasena_MasterData_Purchase.misc_charge_codes_sscl_159,0.0,Jinasena_MasterData_Common.res_company_jinasena_agricultural_machinery_pvt_ltd
tariff_rates_id_23085,10,1,0.0,CID,Duty,0.0,Jinasena_MasterData_Purchase.tariff_date_id_956,Jinasena_MasterData_Purchase.misc_charge_codes_cid_119,0.0,Jinasena_MasterData_Common.res_company_jinasena_agricultural_machinery_pvt_ltd
tariff_rates_id_23086,10,1,0.0,EIC,Duty,0.0,Jinasena_MasterData_Purchase.tariff_date_id_956,Jinasena_MasterData_Purchase.misc_charge_codes_eic_120,0.0,Jinasena_MasterData_Common.res_company_jinasena_agricultural_machinery_pvt_ltd
tariff_rates_id_23087,10,1,0.0,ESC,Duty,0.0,Jinasena_MasterData_Purchase.tariff_date_id_956,Jinasena_MasterData_Purchase.misc_charge_codes_esc_121,0.0,Jinasena_MasterData_Common.res_company_jinasena_agricultural_machinery_pvt_ltd
tariff_rates_id_23088,10,1,0.0,Excise,Duty,0.0,Jinasena_MasterData_Purchase.tariff_date_id_956,Jinasena_MasterData_Purchase.misc_charge_codes_excise_122,0.0,Jinasena_MasterData_Common.res_company_jinasena_agricultural_machinery_pvt_ltd
tariff_rates_id_23089,10,1,0.0,PAL,Duty,0.0,Jinasena_MasterData_Purchase.tariff_date_id_956,Jinasena_MasterData_Purchase.misc_charge_codes_pal_123,0.0,Jinasena_MasterData_Common.res_company_jinasena_agricultural_machinery_pvt_ltd
tariff_rates_id_23090,10,1,0.0,RIDL,Duty,0.0,Jinasena_MasterData_Purchase.tariff_date_id_956,Jinasena_MasterData_Purchase.misc_charge_codes_ridl_124,0.0,Jinasena_MasterData_Common.res_company_jinasena_agricultural_machinery_pvt_ltd
tariff_rates_id_23091,10,1,0.0,SRL,Duty,0.0,Jinasena_MasterData_Purchase.tariff_date_id_956,Jinasena_MasterData_Purchase.misc_charge_codes_srl_125,0.0,Jinasena_MasterData_Common.res_company_jinasena_agricultural_machinery_pvt_ltd
tariff_rates_id_23092,10,1,0.0,Surcharge,Duty,0.0,Jinasena_MasterData_Purchase.tariff_date_id_956,Jinasena_MasterData_Purchase.misc_charge_codes_surcharge_126,0.0,Jinasena_MasterData_Common.res_company_jinasena_agricultural_machinery_pvt_ltd
tariff_rates_id_23093,10,1,0.0,NBT,Taxes,0.0,Jinasena_MasterData_Purchase.tariff_date_id_956,Jinasena_MasterData_Purchase.misc_charge_codes_nbt_155,0.0,Jinasena_MasterData_Common.res_company_jinasena_agricultural_machinery_pvt_ltd
tariff_rates_id_23094,10,1,0.0,NBT-N,Taxes,0.0,Jinasena_MasterData_Purchase.tariff_date_id_956,Jinasena_MasterData_Purchase.misc_charge_codes_nbt_n_156,0.0,Jinasena_MasterData_Common.res_company_jinasena_agricultural_machinery_pvt_ltd
tariff_rates_id_23095,10,1,0.0,VAT-on-Item,Taxes,0.0,Jinasena_MasterData_Purchase.tariff_date_id_956,Jinasena_MasterData_Purchase.misc_charge_codes_vat_on_item_157,0.0,Jinasena_MasterData_Common.res_company_jinasena_agricultural_machinery_pvt_ltd
tariff_rates_id_23096,10,1,0.0,VAT-on-GL,Taxes,0.0,Jinasena_MasterData_Purchase.tariff_date_id_956,Jinasena_MasterData_Purchase.misc_charge_codes_vat_on_gl_158,0.0,Jinasena_MasterData_Common.res_company_jinasena_agricultural_machinery_pvt_ltd
tariff_rates_id_23097,10,1,0.0,SSCL,Taxes,0.0,Jinasena_MasterData_Purchase.tariff_date_id_956,Jinasena_MasterData_Purchase.misc_charge_codes_sscl_159,0.0,Jinasena_MasterData_Common.res_company_jinasena_agricultural_machinery_pvt_ltd
tariff_rates_id_23098,10,1,0.0,CID,Duty,0.0,Jinasena_MasterData_Purchase.tariff_date_id_957,Jinasena_MasterData_Purchase.misc_charge_codes_cid_119,0.0,Jinasena_MasterData_Common.res_company_jinasena_agricultural_machinery_pvt_ltd
tariff_rates_id_23099,10,1,0.0,EIC,Duty,0.0,Jinasena_MasterData_Purchase.tariff_date_id_957,Jinasena_MasterData_Purchase.misc_charge_codes_eic_120,0.0,Jinasena_MasterData_Common.res_company_jinasena_agricultural_machinery_pvt_ltd
tariff_rates_id_23100,10,1,0.0,ESC,Duty,0.0,Jinasena_MasterData_Purchase.tariff_date_id_957,Jinasena_MasterData_Purchase.misc_charge_codes_esc_121,0.0,Jinasena_MasterData_Common.res_company_jinasena_agricultural_machinery_pvt_ltd
tariff_rates_id_23101,10,1,0.0,Excise,Duty,0.0,Jinasena_MasterData_Purchase.tariff_date_id_957,Jinasena_MasterData_Purchase.misc_charge_codes_excise_122,0.0,Jinasena_MasterData_Common.res_company_jinasena_agricultural_machinery_pvt_ltd
tariff_rates_id_23102,10,1,0.0,PAL,Duty,0.0,Jinasena_MasterData_Purchase.tariff_date_id_957,Jinasena_MasterData_Purchase.misc_charge_codes_pal_123,0.0,Jinasena_MasterData_Common.res_company_jinasena_agricultural_machinery_pvt_ltd
tariff_rates_id_23103,10,1,0.0,RIDL,Duty,0.0,Jinasena_MasterData_Purchase.tariff_date_id_957,Jinasena_MasterData_Purchase.misc_charge_codes_ridl_124,0.0,Jinasena_MasterData_Common.res_company_jinasena_agricultural_machinery_pvt_ltd
tariff_rates_id_23104,10,1,0.0,SRL,Duty,0.0,Jinasena_MasterData_Purchase.tariff_date_id_957,Jinasena_MasterData_Purchase.misc_charge_codes_srl_125,0.0,Jinasena_MasterData_Common.res_company_jinasena_agricultural_machinery_pvt_ltd
tariff_rates_id_23105,10,1,0.0,Surcharge,Duty,0.0,Jinasena_MasterData_Purchase.tariff_date_id_957,Jinasena_MasterData_Purchase.misc_charge_codes_surcharge_126,0.0,Jinasena_MasterData_Common.res_company_jinasena_agricultural_machinery_pvt_ltd
tariff_rates_id_23106,10,1,0.0,NBT,Taxes,0.0,Jinasena_MasterData_Purchase.tariff_date_id_957,Jinasena_MasterData_Purchase.misc_charge_codes_nbt_155,0.0,Jinasena_MasterData_Common.res_company_jinasena_agricultural_machinery_pvt_ltd
tariff_rates_id_23107,10,1,0.0,NBT-N,Taxes,0.0,Jinasena_MasterData_Purchase.tariff_date_id_957,Jinasena_MasterData_Purchase.misc_charge_codes_nbt_n_156,0.0,Jinasena_MasterData_Common.res_company_jinasena_agricultural_machinery_pvt_ltd
tariff_rates_id_23108,10,1,0.0,VAT-on-Item,Taxes,0.0,Jinasena_MasterData_Purchase.tariff_date_id_957,Jinasena_MasterData_Purchase.misc_charge_codes_vat_on_item_157,0.0,Jinasena_MasterData_Common.res_company_jinasena_agricultural_machinery_pvt_ltd
tariff_rates_id_23109,10,1,0.0,VAT-on-GL,Taxes,0.0,Jinasena_MasterData_Purchase.tariff_date_id_957,Jinasena_MasterData_Purchase.misc_charge_codes_vat_on_gl_158,0.0,Jinasena_MasterData_Common.res_company_jinasena_agricultural_machinery_pvt_ltd
tariff_rates_id_23110,10,1,0.0,SSCL,Taxes,0.0,Jinasena_MasterData_Purchase.tariff_date_id_957,Jinasena_MasterData_Purchase.misc_charge_codes_sscl_159,0.0,Jinasena_MasterData_Common.res_company_jinasena_agricultural_machinery_pvt_ltd
tariff_rates_id_23111,10,1,0.0,CID,Duty,0.0,Jinasena_MasterData_Purchase.tariff_date_id_958,Jinasena_MasterData_Purchase.misc_charge_codes_cid_119,0.0,Jinasena_MasterData_Common.res_company_jinasena_agricultural_machinery_pvt_ltd
tariff_rates_id_23112,10,1,0.0,EIC,Duty,0.0,Jinasena_MasterData_Purchase.tariff_date_id_958,Jinasena_MasterData_Purchase.misc_charge_codes_eic_120,0.0,Jinasena_MasterData_Common.res_company_jinasena_agricultural_machinery_pvt_ltd
tariff_rates_id_23113,10,1,0.0,ESC,Duty,0.0,Jinasena_MasterData_Purchase.tariff_date_id_958,Jinasena_MasterData_Purchase.misc_charge_codes_esc_121,0.0,Jinasena_MasterData_Common.res_company_jinasena_agricultural_machinery_pvt_ltd
tariff_rates_id_23114,10,1,0.0,Excise,Duty,0.0,Jinasena_MasterData_Purchase.tariff_date_id_958,Jinasena_MasterData_Purchase.misc_charge_codes_excise_122,0.0,Jinasena_MasterData_Common.res_company_jinasena_agricultural_machinery_pvt_ltd
tariff_rates_id_23115,10,1,0.0,PAL,Duty,0.0,Jinasena_MasterData_Purchase.tariff_date_id_958,Jinasena_MasterData_Purchase.misc_charge_codes_pal_123,0.0,Jinasena_MasterData_Common.res_company_jinasena_agricultural_machinery_pvt_ltd
tariff_rates_id_23116,10,1,0.0,RIDL,Duty,0.0,Jinasena_MasterData_Purchase.tariff_date_id_958,Jinasena_MasterData_Purchase.misc_charge_codes_ridl_124,0.0,Jinasena_MasterData_Common.res_company_jinasena_agricultural_machinery_pvt_ltd
tariff_rates_id_23117,10,1,0.0,SRL,Duty,0.0,Jinasena_MasterData_Purchase.tariff_date_id_958,Jinasena_MasterData_Purchase.misc_charge_codes_srl_125,0.0,Jinasena_MasterData_Common.res_company_jinasena_agricultural_machinery_pvt_ltd
tariff_rates_id_23118,10,1,0.0,Surcharge,Duty,0.0,Jinasena_MasterData_Purchase.tariff_date_id_958,Jinasena_MasterData_Purchase.misc_charge_codes_surcharge_126,0.0,Jinasena_MasterData_Common.res_company_jinasena_agricultural_machinery_pvt_ltd
tariff_rates_id_23119,10,1,0.0,NBT,Taxes,0.0,Jinasena_MasterData_Purchase.tariff_date_id_958,Jinasena_MasterData_Purchase.misc_charge_codes_nbt_155,0.0,Jinasena_MasterData_Common.res_company_jinasena_agricultural_machinery_pvt_ltd
tariff_rates_id_23120,10,1,0.0,NBT-N,Taxes,0.0,Jinasena_MasterData_Purchase.tariff_date_id_958,Jinasena_MasterData_Purchase.misc_charge_codes_nbt_n_156,0.0,Jinasena_MasterData_Common.res_company_jinasena_agricultural_machinery_pvt_ltd
tariff_rates_id_23121,10,1,0.0,VAT-on-Item,Taxes,0.0,Jinasena_MasterData_Purchase.tariff_date_id_958,Jinasena_MasterData_Purchase.misc_charge_codes_vat_on_item_157,0.0,Jinasena_MasterData_Common.res_company_jinasena_agricultural_machinery_pvt_ltd
tariff_rates_id_23122,10,1,0.0,VAT-on-GL,Taxes,0.0,Jinasena_MasterData_Purchase.tariff_date_id_958,Jinasena_MasterData_Purchase.misc_charge_codes_vat_on_gl_158,0.0,Jinasena_MasterData_Common.res_company_jinasena_agricultural_machinery_pvt_ltd
tariff_rates_id_23123,10,1,0.0,SSCL,Taxes,0.0,Jinasena_MasterData_Purchase.tariff_date_id_958,Jinasena_MasterData_Purchase.misc_charge_codes_sscl_159,0.0,Jinasena_MasterData_Common.res_company_jinasena_agricultural_machinery_pvt_ltd
tariff_rates_id_23124,10,1,0.0,CID,Duty,0.0,Jinasena_MasterData_Purchase.tariff_date_id_959,Jinasena_MasterData_Purchase.misc_charge_codes_cid_119,0.0,Jinasena_MasterData_Common.res_company_jinasena_agricultural_machinery_pvt_ltd
tariff_rates_id_23125,10,1,0.0,EIC,Duty,0.0,Jinasena_MasterData_Purchase.tariff_date_id_959,Jinasena_MasterData_Purchase.misc_charge_codes_eic_120,0.0,Jinasena_MasterData_Common.res_company_jinasena_agricultural_machinery_pvt_ltd
tariff_rates_id_23126,10,1,0.0,ESC,Duty,0.0,Jinasena_MasterData_Purchase.tariff_date_id_959,Jinasena_MasterData_Purchase.misc_charge_codes_esc_121,0.0,Jinasena_MasterData_Common.res_company_jinasena_agricultural_machinery_pvt_ltd
tariff_rates_id_23127,10,1,0.0,Excise,Duty,0.0,Jinasena_MasterData_Purchase.tariff_date_id_959,Jinasena_MasterData_Purchase.misc_charge_codes_excise_122,0.0,Jinasena_MasterData_Common.res_company_jinasena_agricultural_machinery_pvt_ltd
tariff_rates_id_23128,10,1,0.0,PAL,Duty,0.0,Jinasena_MasterData_Purchase.tariff_date_id_959,Jinasena_MasterData_Purchase.misc_charge_codes_pal_123,0.0,Jinasena_MasterData_Common.res_company_jinasena_agricultural_machinery_pvt_ltd
tariff_rates_id_23129,10,1,0.0,RIDL,Duty,0.0,Jinasena_MasterData_Purchase.tariff_date_id_959,Jinasena_MasterData_Purchase.misc_charge_codes_ridl_124,0.0,Jinasena_MasterData_Common.res_company_jinasena_agricultural_machinery_pvt_ltd
tariff_rates_id_23130,10,1,0.0,SRL,Duty,0.0,Jinasena_MasterData_Purchase.tariff_date_id_959,Jinasena_MasterData_Purchase.misc_charge_codes_srl_125,0.0,Jinasena_MasterData_Common.res_company_jinasena_agricultural_machinery_pvt_ltd
tariff_rates_id_23131,10,1,0.0,Surcharge,Duty,0.0,Jinasena_MasterData_Purchase.tariff_date_id_959,Jinasena_MasterData_Purchase.misc_charge_codes_surcharge_126,0.0,Jinasena_MasterData_Common.res_company_jinasena_agricultural_machinery_pvt_ltd
tariff_rates_id_23132,10,1,0.0,NBT,Taxes,0.0,Jinasena_MasterData_Purchase.tariff_date_id_959,Jinasena_MasterData_Purchase.misc_charge_codes_nbt_155,0.0,Jinasena_MasterData_Common.res_company_jinasena_agricultural_machinery_pvt_ltd
tariff_rates_id_23133,10,1,0.0,NBT-N,Taxes,0.0,Jinasena_MasterData_Purchase.tariff_date_id_959,Jinasena_MasterData_Purchase.misc_charge_codes_nbt_n_156,0.0,Jinasena_MasterData_Common.res_company_jinasena_agricultural_machinery_pvt_ltd
tariff_rates_id_23134,10,1,0.0,VAT-on-Item,Taxes,0.0,Jinasena_MasterData_Purchase.tariff_date_id_959,Jinasena_MasterData_Purchase.misc_charge_codes_vat_on_item_157,0.0,Jinasena_MasterData_Common.res_company_jinasena_agricultural_machinery_pvt_ltd
tariff_rates_id_23135,10,1,0.0,VAT-on-GL,Taxes,0.0,Jinasena_MasterData_Purchase.tariff_date_id_959,Jinasena_MasterData_Purchase.misc_charge_codes_vat_on_gl_158,0.0,Jinasena_MasterData_Common.res_company_jinasena_agricultural_machinery_pvt_ltd
tariff_rates_id_23136,10,1,0.0,SSCL,Taxes,0.0,Jinasena_MasterData_Purchase.tariff_date_id_959,Jinasena_MasterData_Purchase.misc_charge_codes_sscl_159,0.0,Jinasena_MasterData_Common.res_company_jinasena_agricultural_machinery_pvt_ltd
tariff_rates_id_23137,10,1,0.0,CID,Duty,0.0,Jinasena_MasterData_Purchase.tariff_date_id_960,Jinasena_MasterData_Purchase.misc_charge_codes_cid_119,0.0,Jinasena_MasterData_Common.res_company_jinasena_agricultural_machinery_pvt_ltd
tariff_rates_id_23138,10,1,0.0,EIC,Duty,0.0,Jinasena_MasterData_Purchase.tariff_date_id_960,Jinasena_MasterData_Purchase.misc_charge_codes_eic_120,0.0,Jinasena_MasterData_Common.res_company_jinasena_agricultural_machinery_pvt_ltd
tariff_rates_id_23139,10,1,0.0,ESC,Duty,0.0,Jinasena_MasterData_Purchase.tariff_date_id_960,Jinasena_MasterData_Purchase.misc_charge_codes_esc_121,0.0,Jinasena_MasterData_Common.res_company_jinasena_agricultural_machinery_pvt_ltd
tariff_rates_id_23140,10,1,0.0,Excise,Duty,0.0,Jinasena_MasterData_Purchase.tariff_date_id_960,Jinasena_MasterData_Purchase.misc_charge_codes_excise_122,0.0,Jinasena_MasterData_Common.res_company_jinasena_agricultural_machinery_pvt_ltd
tariff_rates_id_23141,10,1,0.0,PAL,Duty,0.0,Jinasena_MasterData_Purchase.tariff_date_id_960,Jinasena_MasterData_Purchase.misc_charge_codes_pal_123,0.0,Jinasena_MasterData_Common.res_company_jinasena_agricultural_machinery_pvt_ltd
tariff_rates_id_23142,10,1,0.0,RIDL,Duty,0.0,Jinasena_MasterData_Purchase.tariff_date_id_960,Jinasena_MasterData_Purchase.misc_charge_codes_ridl_124,0.0,Jinasena_MasterData_Common.res_company_jinasena_agricultural_machinery_pvt_ltd
tariff_rates_id_23143,10,1,0.0,SRL,Duty,0.0,Jinasena_MasterData_Purchase.tariff_date_id_960,Jinasena_MasterData_Purchase.misc_charge_codes_srl_125,0.0,Jinasena_MasterData_Common.res_company_jinasena_agricultural_machinery_pvt_ltd
tariff_rates_id_23144,10,1,0.0,Surcharge,Duty,0.0,Jinasena_MasterData_Purchase.tariff_date_id_960,Jinasena_MasterData_Purchase.misc_charge_codes_surcharge_126,0.0,Jinasena_MasterData_Common.res_company_jinasena_agricultural_machinery_pvt_ltd
tariff_rates_id_23145,10,1,0.0,NBT,Taxes,0.0,Jinasena_MasterData_Purchase.tariff_date_id_960,Jinasena_MasterData_Purchase.misc_charge_codes_nbt_155,0.0,Jinasena_MasterData_Common.res_company_jinasena_agricultural_machinery_pvt_ltd
tariff_rates_id_23146,10,1,0.0,NBT-N,Taxes,0.0,Jinasena_MasterData_Purchase.tariff_date_id_960,Jinasena_MasterData_Purchase.misc_charge_codes_nbt_n_156,0.0,Jinasena_MasterData_Common.res_company_jinasena_agricultural_machinery_pvt_ltd
tariff_rates_id_23147,10,1,0.0,VAT-on-Item,Taxes,0.0,Jinasena_MasterData_Purchase.tariff_date_id_960,Jinasena_MasterData_Purchase.misc_charge_codes_vat_on_item_157,0.0,Jinasena_MasterData_Common.res_company_jinasena_agricultural_machinery_pvt_ltd
tariff_rates_id_23148,10,1,0.0,VAT-on-GL,Taxes,0.0,Jinasena_MasterData_Purchase.tariff_date_id_960,Jinasena_MasterData_Purchase.misc_charge_codes_vat_on_gl_158,0.0,Jinasena_MasterData_Common.res_company_jinasena_agricultural_machinery_pvt_ltd
tariff_rates_id_23149,10,1,0.0,SSCL,Taxes,0.0,Jinasena_MasterData_Purchase.tariff_date_id_960,Jinasena_MasterData_Purchase.misc_charge_codes_sscl_159,0.0,Jinasena_MasterData_Common.res_company_jinasena_agricultural_machinery_pvt_ltd
tariff_rates_id_23150,10,1,0.0,CID,Duty,0.0,Jinasena_MasterData_Purchase.tariff_date_id_961,Jinasena_MasterData_Purchase.misc_charge_codes_cid_119,0.0,Jinasena_MasterData_Common.res_company_jinasena_agricultural_machinery_pvt_ltd
tariff_rates_id_23151,10,1,0.0,EIC,Duty,0.0,Jinasena_MasterData_Purchase.tariff_date_id_961,Jinasena_MasterData_Purchase.misc_charge_codes_eic_120,0.0,Jinasena_MasterData_Common.res_company_jinasena_agricultural_machinery_pvt_ltd
tariff_rates_id_23152,10,1,0.0,ESC,Duty,0.0,Jinasena_MasterData_Purchase.tariff_date_id_961,Jinasena_MasterData_Purchase.misc_charge_codes_esc_121,0.0,Jinasena_MasterData_Common.res_company_jinasena_agricultural_machinery_pvt_ltd
tariff_rates_id_23153,10,1,0.0,Excise,Duty,0.0,Jinasena_MasterData_Purchase.tariff_date_id_961,Jinasena_MasterData_Purchase.misc_charge_codes_excise_122,0.0,Jinasena_MasterData_Common.res_company_jinasena_agricultural_machinery_pvt_ltd
tariff_rates_id_23154,10,1,0.0,PAL,Duty,0.0,Jinasena_MasterData_Purchase.tariff_date_id_961,Jinasena_MasterData_Purchase.misc_charge_codes_pal_123,0.0,Jinasena_MasterData_Common.res_company_jinasena_agricultural_machinery_pvt_ltd
tariff_rates_id_23155,10,1,0.0,RIDL,Duty,0.0,Jinasena_MasterData_Purchase.tariff_date_id_961,Jinasena_MasterData_Purchase.misc_charge_codes_ridl_124,0.0,Jinasena_MasterData_Common.res_company_jinasena_agricultural_machinery_pvt_ltd
tariff_rates_id_23156,10,1,0.0,SRL,Duty,0.0,Jinasena_MasterData_Purchase.tariff_date_id_961,Jinasena_MasterData_Purchase.misc_charge_codes_srl_125,0.0,Jinasena_MasterData_Common.res_company_jinasena_agricultural_machinery_pvt_ltd
tariff_rates_id_23157,10,1,0.0,Surcharge,Duty,0.0,Jinasena_MasterData_Purchase.tariff_date_id_961,Jinasena_MasterData_Purchase.misc_charge_codes_surcharge_126,0.0,Jinasena_MasterData_Common.res_company_jinasena_agricultural_machinery_pvt_ltd
tariff_rates_id_23158,10,1,0.0,NBT,Taxes,0.0,Jinasena_MasterData_Purchase.tariff_date_id_961,Jinasena_MasterData_Purchase.misc_charge_codes_nbt_155,0.0,Jinasena_MasterData_Common.res_company_jinasena_agricultural_machinery_pvt_ltd
tariff_rates_id_23159,10,1,0.0,NBT-N,Taxes,0.0,Jinasena_MasterData_Purchase.tariff_date_id_961,Jinasena_MasterData_Purchase.misc_charge_codes_nbt_n_156,0.0,Jinasena_MasterData_Common.res_company_jinasena_agricultural_machinery_pvt_ltd
tariff_rates_id_23160,10,1,0.0,VAT-on-Item,Taxes,0.0,Jinasena_MasterData_Purchase.tariff_date_id_961,Jinasena_MasterData_Purchase.misc_charge_codes_vat_on_item_157,0.0,Jinasena_MasterData_Common.res_company_jinasena_agricultural_machinery_pvt_ltd
tariff_rates_id_23161,10,1,0.0,VAT-on-GL,Taxes,0.0,Jinasena_MasterData_Purchase.tariff_date_id_961,Jinasena_MasterData_Purchase.misc_charge_codes_vat_on_gl_158,0.0,Jinasena_MasterData_Common.res_company_jinasena_agricultural_machinery_pvt_ltd
tariff_rates_id_23162,10,1,0.0,SSCL,Taxes,0.0,Jinasena_MasterData_Purchase.tariff_date_id_961,Jinasena_MasterData_Purchase.misc_charge_codes_sscl_159,0.0,Jinasena_MasterData_Common.res_company_jinasena_agricultural_machinery_pvt_ltd
tariff_rates_id_23163,10,1,0.0,CID,Duty,0.0,Jinasena_MasterData_Purchase.tariff_date_id_962,Jinasena_MasterData_Purchase.misc_charge_codes_cid_119,0.0,Jinasena_MasterData_Common.res_company_jinasena_agricultural_machinery_pvt_ltd
tariff_rates_id_23164,10,1,0.0,EIC,Duty,0.0,Jinasena_MasterData_Purchase.tariff_date_id_962,Jinasena_MasterData_Purchase.misc_charge_codes_eic_120,0.0,Jinasena_MasterData_Common.res_company_jinasena_agricultural_machinery_pvt_ltd
tariff_rates_id_23165,10,1,0.0,ESC,Duty,0.0,Jinasena_MasterData_Purchase.tariff_date_id_962,Jinasena_MasterData_Purchase.misc_charge_codes_esc_121,0.0,Jinasena_MasterData_Common.res_company_jinasena_agricultural_machinery_pvt_ltd
tariff_rates_id_23166,10,1,0.0,Excise,Duty,0.0,Jinasena_MasterData_Purchase.tariff_date_id_962,Jinasena_MasterData_Purchase.misc_charge_codes_excise_122,0.0,Jinasena_MasterData_Common.res_company_jinasena_agricultural_machinery_pvt_ltd
tariff_rates_id_23167,10,1,0.0,PAL,Duty,0.0,Jinasena_MasterData_Purchase.tariff_date_id_962,Jinasena_MasterData_Purchase.misc_charge_codes_pal_123,0.0,Jinasena_MasterData_Common.res_company_jinasena_agricultural_machinery_pvt_ltd
tariff_rates_id_23168,10,1,0.0,RIDL,Duty,0.0,Jinasena_MasterData_Purchase.tariff_date_id_962,Jinasena_MasterData_Purchase.misc_charge_codes_ridl_124,0.0,Jinasena_MasterData_Common.res_company_jinasena_agricultural_machinery_pvt_ltd
tariff_rates_id_23169,10,1,0.0,SRL,Duty,0.0,Jinasena_MasterData_Purchase.tariff_date_id_962,Jinasena_MasterData_Purchase.misc_charge_codes_srl_125,0.0,Jinasena_MasterData_Common.res_company_jinasena_agricultural_machinery_pvt_ltd
tariff_rates_id_23170,10,1,0.0,Surcharge,Duty,0.0,Jinasena_MasterData_Purchase.tariff_date_id_962,Jinasena_MasterData_Purchase.misc_charge_codes_surcharge_126,0.0,Jinasena_MasterData_Common.res_company_jinasena_agricultural_machinery_pvt_ltd
tariff_rates_id_23171,10,1,0.0,NBT,Taxes,0.0,Jinasena_MasterData_Purchase.tariff_date_id_962,Jinasena_MasterData_Purchase.misc_charge_codes_nbt_155,0.0,Jinasena_MasterData_Common.res_company_jinasena_agricultural_machinery_pvt_ltd
tariff_rates_id_23172,10,1,0.0,NBT-N,Taxes,0.0,Jinasena_MasterData_Purchase.tariff_date_id_962,Jinasena_MasterData_Purchase.misc_charge_codes_nbt_n_156,0.0,Jinasena_MasterData_Common.res_company_jinasena_agricultural_machinery_pvt_ltd
tariff_rates_id_23173,10,1,0.0,VAT-on-Item,Taxes,0.0,Jinasena_MasterData_Purchase.tariff_date_id_962,Jinasena_MasterData_Purchase.misc_charge_codes_vat_on_item_157,0.0,Jinasena_MasterData_Common.res_company_jinasena_agricultural_machinery_pvt_ltd
tariff_rates_id_23174,10,1,0.0,VAT-on-GL,Taxes,0.0,Jinasena_MasterData_Purchase.tariff_date_id_962,Jinasena_MasterData_Purchase.misc_charge_codes_vat_on_gl_158,0.0,Jinasena_MasterData_Common.res_company_jinasena_agricultural_machinery_pvt_ltd
tariff_rates_id_23175,10,1,0.0,SSCL,Taxes,0.0,Jinasena_MasterData_Purchase.tariff_date_id_962,Jinasena_MasterData_Purchase.misc_charge_codes_sscl_159,0.0,Jinasena_MasterData_Common.res_company_jinasena_agricultural_machinery_pvt_ltd
tariff_rates_id_23176,10,1,0.0,CID,Duty,0.0,Jinasena_MasterData_Purchase.tariff_date_id_963,Jinasena_MasterData_Purchase.misc_charge_codes_cid_119,0.0,Jinasena_MasterData_Common.res_company_jinasena_agricultural_machinery_pvt_ltd
tariff_rates_id_23177,10,1,0.0,EIC,Duty,0.0,Jinasena_MasterData_Purchase.tariff_date_id_963,Jinasena_MasterData_Purchase.misc_charge_codes_eic_120,0.0,Jinasena_MasterData_Common.res_company_jinasena_agricultural_machinery_pvt_ltd
tariff_rates_id_23178,10,1,0.0,ESC,Duty,0.0,Jinasena_MasterData_Purchase.tariff_date_id_963,Jinasena_MasterData_Purchase.misc_charge_codes_esc_121,0.0,Jinasena_MasterData_Common.res_company_jinasena_agricultural_machinery_pvt_ltd
tariff_rates_id_23179,10,1,0.0,Excise,Duty,0.0,Jinasena_MasterData_Purchase.tariff_date_id_963,Jinasena_MasterData_Purchase.misc_charge_codes_excise_122,0.0,Jinasena_MasterData_Common.res_company_jinasena_agricultural_machinery_pvt_ltd
tariff_rates_id_23180,10,1,0.0,PAL,Duty,0.0,Jinasena_MasterData_Purchase.tariff_date_id_963,Jinasena_MasterData_Purchase.misc_charge_codes_pal_123,0.0,Jinasena_MasterData_Common.res_company_jinasena_agricultural_machinery_pvt_ltd
tariff_rates_id_23181,10,1,0.0,RIDL,Duty,0.0,Jinasena_MasterData_Purchase.tariff_date_id_963,Jinasena_MasterData_Purchase.misc_charge_codes_ridl_124,0.0,Jinasena_MasterData_Common.res_company_jinasena_agricultural_machinery_pvt_ltd
tariff_rates_id_23182,10,1,0.0,SRL,Duty,0.0,Jinasena_MasterData_Purchase.tariff_date_id_963,Jinasena_MasterData_Purchase.misc_charge_codes_srl_125,0.0,Jinasena_MasterData_Common.res_company_jinasena_agricultural_machinery_pvt_ltd
tariff_rates_id_23183,10,1,0.0,Surcharge,Duty,0.0,Jinasena_MasterData_Purchase.tariff_date_id_963,Jinasena_MasterData_Purchase.misc_charge_codes_surcharge_126,0.0,Jinasena_MasterData_Common.res_company_jinasena_agricultural_machinery_pvt_ltd
tariff_rates_id_23184,10,1,0.0,NBT,Taxes,0.0,Jinasena_MasterData_Purchase.tariff_date_id_963,Jinasena_MasterData_Purchase.misc_charge_codes_nbt_155,0.0,Jinasena_MasterData_Common.res_company_jinasena_agricultural_machinery_pvt_ltd
tariff_rates_id_23185,10,1,0.0,NBT-N,Taxes,0.0,Jinasena_MasterData_Purchase.tariff_date_id_963,Jinasena_MasterData_Purchase.misc_charge_codes_nbt_n_156,0.0,Jinasena_MasterData_Common.res_company_jinasena_agricultural_machinery_pvt_ltd
tariff_rates_id_23186,10,1,0.0,VAT-on-Item,Taxes,0.0,Jinasena_MasterData_Purchase.tariff_date_id_963,Jinasena_MasterData_Purchase.misc_charge_codes_vat_on_item_157,0.0,Jinasena_MasterData_Common.res_company_jinasena_agricultural_machinery_pvt_ltd
tariff_rates_id_23187,10,1,0.0,VAT-on-GL,Taxes,0.0,Jinasena_MasterData_Purchase.tariff_date_id_963,Jinasena_MasterData_Purchase.misc_charge_codes_vat_on_gl_158,0.0,Jinasena_MasterData_Common.res_company_jinasena_agricultural_machinery_pvt_ltd
tariff_rates_id_23188,10,1,0.0,SSCL,Taxes,0.0,Jinasena_MasterData_Purchase.tariff_date_id_963,Jinasena_MasterData_Purchase.misc_charge_codes_sscl_159,0.0,Jinasena_MasterData_Common.res_company_jinasena_agricultural_machinery_pvt_ltd
tariff_rates_id_23189,10,1,0.0,CID,Duty,0.0,Jinasena_MasterData_Purchase.tariff_date_id_964,Jinasena_MasterData_Purchase.misc_charge_codes_cid_119,0.0,Jinasena_MasterData_Common.res_company_jinasena_agricultural_machinery_pvt_ltd
tariff_rates_id_23190,10,1,0.0,EIC,Duty,0.0,Jinasena_MasterData_Purchase.tariff_date_id_964,Jinasena_MasterData_Purchase.misc_charge_codes_eic_120,0.0,Jinasena_MasterData_Common.res_company_jinasena_agricultural_machinery_pvt_ltd
tariff_rates_id_23191,10,1,0.0,ESC,Duty,0.0,Jinasena_MasterData_Purchase.tariff_date_id_964,Jinasena_MasterData_Purchase.misc_charge_codes_esc_121,0.0,Jinasena_MasterData_Common.res_company_jinasena_agricultural_machinery_pvt_ltd
tariff_rates_id_23192,10,1,0.0,Excise,Duty,0.0,Jinasena_MasterData_Purchase.tariff_date_id_964,Jinasena_MasterData_Purchase.misc_charge_codes_excise_122,0.0,Jinasena_MasterData_Common.res_company_jinasena_agricultural_machinery_pvt_ltd
tariff_rates_id_23193,10,1,0.0,PAL,Duty,0.0,Jinasena_MasterData_Purchase.tariff_date_id_964,Jinasena_MasterData_Purchase.misc_charge_codes_pal_123,0.0,Jinasena_MasterData_Common.res_company_jinasena_agricultural_machinery_pvt_ltd
tariff_rates_id_23194,10,1,0.0,RIDL,Duty,0.0,Jinasena_MasterData_Purchase.tariff_date_id_964,Jinasena_MasterData_Purchase.misc_charge_codes_ridl_124,0.0,Jinasena_MasterData_Common.res_company_jinasena_agricultural_machinery_pvt_ltd
tariff_rates_id_23195,10,1,0.0,SRL,Duty,0.0,Jinasena_MasterData_Purchase.tariff_date_id_964,Jinasena_MasterData_Purchase.misc_charge_codes_srl_125,0.0,Jinasena_MasterData_Common.res_company_jinasena_agricultural_machinery_pvt_ltd
tariff_rates_id_23196,10,1,0.0,Surcharge,Duty,0.0,Jinasena_MasterData_Purchase.tariff_date_id_964,Jinasena_MasterData_Purchase.misc_charge_codes_surcharge_126,0.0,Jinasena_MasterData_Common.res_company_jinasena_agricultural_machinery_pvt_ltd
tariff_rates_id_23197,10,1,0.0,NBT,Taxes,0.0,Jinasena_MasterData_Purchase.tariff_date_id_964,Jinasena_MasterData_Purchase.misc_charge_codes_nbt_155,0.0,Jinasena_MasterData_Common.res_company_jinasena_agricultural_machinery_pvt_ltd
tariff_rates_id_23198,10,1,0.0,NBT-N,Taxes,0.0,Jinasena_MasterData_Purchase.tariff_date_id_964,Jinasena_MasterData_Purchase.misc_charge_codes_nbt_n_156,0.0,Jinasena_MasterData_Common.res_company_jinasena_agricultural_machinery_pvt_ltd
tariff_rates_id_23199,10,1,0.0,VAT-on-Item,Taxes,0.0,Jinasena_MasterData_Purchase.tariff_date_id_964,Jinasena_MasterData_Purchase.misc_charge_codes_vat_on_item_157,0.0,Jinasena_MasterData_Common.res_company_jinasena_agricultural_machinery_pvt_ltd
tariff_rates_id_23200,10,1,0.0,VAT-on-GL,Taxes,0.0,Jinasena_MasterData_Purchase.tariff_date_id_964,Jinasena_MasterData_Purchase.misc_charge_codes_vat_on_gl_158,0.0,Jinasena_MasterData_Common.res_company_jinasena_agricultural_machinery_pvt_ltd
tariff_rates_id_23201,10,1,0.0,SSCL,Taxes,0.0,Jinasena_MasterData_Purchase.tariff_date_id_964,Jinasena_MasterData_Purchase.misc_charge_codes_sscl_159,0.0,Jinasena_MasterData_Common.res_company_jinasena_agricultural_machinery_pvt_ltd
tariff_rates_id_23202,10,1,0.0,CID,Duty,0.0,Jinasena_MasterData_Purchase.tariff_date_id_965,Jinasena_MasterData_Purchase.misc_charge_codes_cid_119,0.0,Jinasena_MasterData_Common.res_company_jinasena_agricultural_machinery_pvt_ltd
tariff_rates_id_23203,10,1,0.0,EIC,Duty,0.0,Jinasena_MasterData_Purchase.tariff_date_id_965,Jinasena_MasterData_Purchase.misc_charge_codes_eic_120,0.0,Jinasena_MasterData_Common.res_company_jinasena_agricultural_machinery_pvt_ltd
tariff_rates_id_23204,10,1,0.0,ESC,Duty,0.0,Jinasena_MasterData_Purchase.tariff_date_id_965,Jinasena_MasterData_Purchase.misc_charge_codes_esc_121,0.0,Jinasena_MasterData_Common.res_company_jinasena_agricultural_machinery_pvt_ltd
tariff_rates_id_23205,10,1,0.0,Excise,Duty,0.0,Jinasena_MasterData_Purchase.tariff_date_id_965,Jinasena_MasterData_Purchase.misc_charge_codes_excise_122,0.0,Jinasena_MasterData_Common.res_company_jinasena_agricultural_machinery_pvt_ltd
tariff_rates_id_23206,10,1,0.0,PAL,Duty,0.0,Jinasena_MasterData_Purchase.tariff_date_id_965,Jinasena_MasterData_Purchase.misc_charge_codes_pal_123,0.0,Jinasena_MasterData_Common.res_company_jinasena_agricultural_machinery_pvt_ltd
tariff_rates_id_23207,10,1,0.0,RIDL,Duty,0.0,Jinasena_MasterData_Purchase.tariff_date_id_965,Jinasena_MasterData_Purchase.misc_charge_codes_ridl_124,0.0,Jinasena_MasterData_Common.res_company_jinasena_agricultural_machinery_pvt_ltd
tariff_rates_id_23208,10,1,0.0,SRL,Duty,0.0,Jinasena_MasterData_Purchase.tariff_date_id_965,Jinasena_MasterData_Purchase.misc_charge_codes_srl_125,0.0,Jinasena_MasterData_Common.res_company_jinasena_agricultural_machinery_pvt_ltd
tariff_rates_id_23209,10,1,0.0,Surcharge,Duty,0.0,Jinasena_MasterData_Purchase.tariff_date_id_965,Jinasena_MasterData_Purchase.misc_charge_codes_surcharge_126,0.0,Jinasena_MasterData_Common.res_company_jinasena_agricultural_machinery_pvt_ltd
tariff_rates_id_23210,10,1,0.0,NBT,Taxes,0.0,Jinasena_MasterData_Purchase.tariff_date_id_965,Jinasena_MasterData_Purchase.misc_charge_codes_nbt_155,0.0,Jinasena_MasterData_Common.res_company_jinasena_agricultural_machinery_pvt_ltd
tariff_rates_id_23211,10,1,0.0,NBT-N,Taxes,0.0,Jinasena_MasterData_Purchase.tariff_date_id_965,Jinasena_MasterData_Purchase.misc_charge_codes_nbt_n_156,0.0,Jinasena_MasterData_Common.res_company_jinasena_agricultural_machinery_pvt_ltd
tariff_rates_id_23212,10,1,0.0,VAT-on-Item,Taxes,0.0,Jinasena_MasterData_Purchase.tariff_date_id_965,Jinasena_MasterData_Purchase.misc_charge_codes_vat_on_item_157,0.0,Jinasena_MasterData_Common.res_company_jinasena_agricultural_machinery_pvt_ltd
tariff_rates_id_23213,10,1,0.0,VAT-on-GL,Taxes,0.0,Jinasena_MasterData_Purchase.tariff_date_id_965,Jinasena_MasterData_Purchase.misc_charge_codes_vat_on_gl_158,0.0,Jinasena_MasterData_Common.res_company_jinasena_agricultural_machinery_pvt_ltd
tariff_rates_id_23214,10,1,0.0,SSCL,Taxes,0.0,Jinasena_MasterData_Purchase.tariff_date_id_965,Jinasena_MasterData_Purchase.misc_charge_codes_sscl_159,0.0,Jinasena_MasterData_Common.res_company_jinasena_agricultural_machinery_pvt_ltd
tariff_rates_id_23215,10,1,0.0,CID,Duty,0.0,Jinasena_MasterData_Purchase.tariff_date_id_966,Jinasena_MasterData_Purchase.misc_charge_codes_cid_119,0.0,Jinasena_MasterData_Common.res_company_jinasena_agricultural_machinery_pvt_ltd
tariff_rates_id_23216,10,1,0.0,EIC,Duty,0.0,Jinasena_MasterData_Purchase.tariff_date_id_966,Jinasena_MasterData_Purchase.misc_charge_codes_eic_120,0.0,Jinasena_MasterData_Common.res_company_jinasena_agricultural_machinery_pvt_ltd
tariff_rates_id_23217,10,1,0.0,ESC,Duty,0.0,Jinasena_MasterData_Purchase.tariff_date_id_966,Jinasena_MasterData_Purchase.misc_charge_codes_esc_121,0.0,Jinasena_MasterData_Common.res_company_jinasena_agricultural_machinery_pvt_ltd
tariff_rates_id_23218,10,1,0.0,Excise,Duty,0.0,Jinasena_MasterData_Purchase.tariff_date_id_966,Jinasena_MasterData_Purchase.misc_charge_codes_excise_122,0.0,Jinasena_MasterData_Common.res_company_jinasena_agricultural_machinery_pvt_ltd
tariff_rates_id_23219,10,1,0.0,PAL,Duty,0.0,Jinasena_MasterData_Purchase.tariff_date_id_966,Jinasena_MasterData_Purchase.misc_charge_codes_pal_123,0.0,Jinasena_MasterData_Common.res_company_jinasena_agricultural_machinery_pvt_ltd
tariff_rates_id_23220,10,1,0.0,RIDL,Duty,0.0,Jinasena_MasterData_Purchase.tariff_date_id_966,Jinasena_MasterData_Purchase.misc_charge_codes_ridl_124,0.0,Jinasena_MasterData_Common.res_company_jinasena_agricultural_machinery_pvt_ltd
tariff_rates_id_23221,10,1,0.0,SRL,Duty,0.0,Jinasena_MasterData_Purchase.tariff_date_id_966,Jinasena_MasterData_Purchase.misc_charge_codes_srl_125,0.0,Jinasena_MasterData_Common.res_company_jinasena_agricultural_machinery_pvt_ltd
tariff_rates_id_23222,10,1,0.0,Surcharge,Duty,0.0,Jinasena_MasterData_Purchase.tariff_date_id_966,Jinasena_MasterData_Purchase.misc_charge_codes_surcharge_126,0.0,Jinasena_MasterData_Common.res_company_jinasena_agricultural_machinery_pvt_ltd
tariff_rates_id_23223,10,1,0.0,NBT,Taxes,0.0,Jinasena_MasterData_Purchase.tariff_date_id_966,Jinasena_MasterData_Purchase.misc_charge_codes_nbt_155,0.0,Jinasena_MasterData_Common.res_company_jinasena_agricultural_machinery_pvt_ltd
tariff_rates_id_23224,10,1,0.0,NBT-N,Taxes,0.0,Jinasena_MasterData_Purchase.tariff_date_id_966,Jinasena_MasterData_Purchase.misc_charge_codes_nbt_n_156,0.0,Jinasena_MasterData_Common.res_company_jinasena_agricultural_machinery_pvt_ltd
tariff_rates_id_23225,10,1,0.0,VAT-on-Item,Taxes,0.0,Jinasena_MasterData_Purchase.tariff_date_id_966,Jinasena_MasterData_Purchase.misc_charge_codes_vat_on_item_157,0.0,Jinasena_MasterData_Common.res_company_jinasena_agricultural_machinery_pvt_ltd
tariff_rates_id_23226,10,1,0.0,VAT-on-GL,Taxes,0.0,Jinasena_MasterData_Purchase.tariff_date_id_966,Jinasena_MasterData_Purchase.misc_charge_codes_vat_on_gl_158,0.0,Jinasena_MasterData_Common.res_company_jinasena_agricultural_machinery_pvt_ltd
tariff_rates_id_23227,10,1,0.0,SSCL,Taxes,0.0,Jinasena_MasterData_Purchase.tariff_date_id_966,Jinasena_MasterData_Purchase.misc_charge_codes_sscl_159,0.0,Jinasena_MasterData_Common.res_company_jinasena_agricultural_machinery_pvt_ltd
tariff_rates_id_23228,10,1,0.0,CID,Duty,0.0,Jinasena_MasterData_Purchase.tariff_date_id_967,Jinasena_MasterData_Purchase.misc_charge_codes_cid_119,0.0,Jinasena_MasterData_Common.res_company_jinasena_agricultural_machinery_pvt_ltd
tariff_rates_id_23229,10,1,0.0,EIC,Duty,0.0,Jinasena_MasterData_Purchase.tariff_date_id_967,Jinasena_MasterData_Purchase.misc_charge_codes_eic_120,0.0,Jinasena_MasterData_Common.res_company_jinasena_agricultural_machinery_pvt_ltd
tariff_rates_id_23230,10,1,0.0,ESC,Duty,0.0,Jinasena_MasterData_Purchase.tariff_date_id_967,Jinasena_MasterData_Purchase.misc_charge_codes_esc_121,0.0,Jinasena_MasterData_Common.res_company_jinasena_agricultural_machinery_pvt_ltd
tariff_rates_id_23231,10,1,0.0,Excise,Duty,0.0,Jinasena_MasterData_Purchase.tariff_date_id_967,Jinasena_MasterData_Purchase.misc_charge_codes_excise_122,0.0,Jinasena_MasterData_Common.res_company_jinasena_agricultural_machinery_pvt_ltd
tariff_rates_id_23232,10,1,0.0,PAL,Duty,0.0,Jinasena_MasterData_Purchase.tariff_date_id_967,Jinasena_MasterData_Purchase.misc_charge_codes_pal_123,0.0,Jinasena_MasterData_Common.res_company_jinasena_agricultural_machinery_pvt_ltd
tariff_rates_id_23233,10,1,0.0,RIDL,Duty,0.0,Jinasena_MasterData_Purchase.tariff_date_id_967,Jinasena_MasterData_Purchase.misc_charge_codes_ridl_124,0.0,Jinasena_MasterData_Common.res_company_jinasena_agricultural_machinery_pvt_ltd
tariff_rates_id_23234,10,1,0.0,SRL,Duty,0.0,Jinasena_MasterData_Purchase.tariff_date_id_967,Jinasena_MasterData_Purchase.misc_charge_codes_srl_125,0.0,Jinasena_MasterData_Common.res_company_jinasena_agricultural_machinery_pvt_ltd
tariff_rates_id_23235,10,1,0.0,Surcharge,Duty,0.0,Jinasena_MasterData_Purchase.tariff_date_id_967,Jinasena_MasterData_Purchase.misc_charge_codes_surcharge_126,0.0,Jinasena_MasterData_Common.res_company_jinasena_agricultural_machinery_pvt_ltd
tariff_rates_id_23236,10,1,0.0,NBT,Taxes,0.0,Jinasena_MasterData_Purchase.tariff_date_id_967,Jinasena_MasterData_Purchase.misc_charge_codes_nbt_155,0.0,Jinasena_MasterData_Common.res_company_jinasena_agricultural_machinery_pvt_ltd
tariff_rates_id_23237,10,1,0.0,NBT-N,Taxes,0.0,Jinasena_MasterData_Purchase.tariff_date_id_967,Jinasena_MasterData_Purchase.misc_charge_codes_nbt_n_156,0.0,Jinasena_MasterData_Common.res_company_jinasena_agricultural_machinery_pvt_ltd
tariff_rates_id_23238,10,1,0.0,VAT-on-Item,Taxes,0.0,Jinasena_MasterData_Purchase.tariff_date_id_967,Jinasena_MasterData_Purchase.misc_charge_codes_vat_on_item_157,0.0,Jinasena_MasterData_Common.res_company_jinasena_agricultural_machinery_pvt_ltd
tariff_rates_id_23239,10,1,0.0,VAT-on-GL,Taxes,0.0,Jinasena_MasterData_Purchase.tariff_date_id_967,Jinasena_MasterData_Purchase.misc_charge_codes_vat_on_gl_158,0.0,Jinasena_MasterData_Common.res_company_jinasena_agricultural_machinery_pvt_ltd
tariff_rates_id_23240,10,1,0.0,SSCL,Taxes,0.0,Jinasena_MasterData_Purchase.tariff_date_id_967,Jinasena_MasterData_Purchase.misc_charge_codes_sscl_159,0.0,Jinasena_MasterData_Common.res_company_jinasena_agricultural_machinery_pvt_ltd
tariff_rates_id_23241,10,1,0.0,CID,Duty,0.0,Jinasena_MasterData_Purchase.tariff_date_id_968,Jinasena_MasterData_Purchase.misc_charge_codes_cid_119,0.0,Jinasena_MasterData_Common.res_company_jinasena_agricultural_machinery_pvt_ltd
tariff_rates_id_23242,10,1,0.0,EIC,Duty,0.0,Jinasena_MasterData_Purchase.tariff_date_id_968,Jinasena_MasterData_Purchase.misc_charge_codes_eic_120,0.0,Jinasena_MasterData_Common.res_company_jinasena_agricultural_machinery_pvt_ltd
tariff_rates_id_23243,10,1,0.0,ESC,Duty,0.0,Jinasena_MasterData_Purchase.tariff_date_id_968,Jinasena_MasterData_Purchase.misc_charge_codes_esc_121,0.0,Jinasena_MasterData_Common.res_company_jinasena_agricultural_machinery_pvt_ltd
tariff_rates_id_23244,10,1,0.0,Excise,Duty,0.0,Jinasena_MasterData_Purchase.tariff_date_id_968,Jinasena_MasterData_Purchase.misc_charge_codes_excise_122,0.0,Jinasena_MasterData_Common.res_company_jinasena_agricultural_machinery_pvt_ltd
tariff_rates_id_23245,10,1,0.0,PAL,Duty,0.0,Jinasena_MasterData_Purchase.tariff_date_id_968,Jinasena_MasterData_Purchase.misc_charge_codes_pal_123,0.0,Jinasena_MasterData_Common.res_company_jinasena_agricultural_machinery_pvt_ltd
tariff_rates_id_23246,10,1,0.0,RIDL,Duty,0.0,Jinasena_MasterData_Purchase.tariff_date_id_968,Jinasena_MasterData_Purchase.misc_charge_codes_ridl_124,0.0,Jinasena_MasterData_Common.res_company_jinasena_agricultural_machinery_pvt_ltd
tariff_rates_id_23247,10,1,0.0,SRL,Duty,0.0,Jinasena_MasterData_Purchase.tariff_date_id_968,Jinasena_MasterData_Purchase.misc_charge_codes_srl_125,0.0,Jinasena_MasterData_Common.res_company_jinasena_agricultural_machinery_pvt_ltd
tariff_rates_id_23248,10,1,0.0,Surcharge,Duty,0.0,Jinasena_MasterData_Purchase.tariff_date_id_968,Jinasena_MasterData_Purchase.misc_charge_codes_surcharge_126,0.0,Jinasena_MasterData_Common.res_company_jinasena_agricultural_machinery_pvt_ltd
tariff_rates_id_23249,10,1,0.0,NBT,Taxes,0.0,Jinasena_MasterData_Purchase.tariff_date_id_968,Jinasena_MasterData_Purchase.misc_charge_codes_nbt_155,0.0,Jinasena_MasterData_Common.res_company_jinasena_agricultural_machinery_pvt_ltd
tariff_rates_id_23250,10,1,0.0,NBT-N,Taxes,0.0,Jinasena_MasterData_Purchase.tariff_date_id_968,Jinasena_MasterData_Purchase.misc_charge_codes_nbt_n_156,0.0,Jinasena_MasterData_Common.res_company_jinasena_agricultural_machinery_pvt_ltd
tariff_rates_id_23251,10,1,0.0,VAT-on-Item,Taxes,0.0,Jinasena_MasterData_Purchase.tariff_date_id_968,Jinasena_MasterData_Purchase.misc_charge_codes_vat_on_item_157,0.0,Jinasena_MasterData_Common.res_company_jinasena_agricultural_machinery_pvt_ltd
tariff_rates_id_23252,10,1,0.0,VAT-on-GL,Taxes,0.0,Jinasena_MasterData_Purchase.tariff_date_id_968,Jinasena_MasterData_Purchase.misc_charge_codes_vat_on_gl_158,0.0,Jinasena_MasterData_Common.res_company_jinasena_agricultural_machinery_pvt_ltd
tariff_rates_id_23253,10,1,0.0,SSCL,Taxes,0.0,Jinasena_MasterData_Purchase.tariff_date_id_968,Jinasena_MasterData_Purchase.misc_charge_codes_sscl_159,0.0,Jinasena_MasterData_Common.res_company_jinasena_agricultural_machinery_pvt_ltd
tariff_rates_id_23254,10,1,0.0,CID,Duty,0.0,Jinasena_MasterData_Purchase.tariff_date_id_969,Jinasena_MasterData_Purchase.misc_charge_codes_cid_119,0.0,Jinasena_MasterData_Common.res_company_jinasena_agricultural_machinery_pvt_ltd
tariff_rates_id_23255,10,1,0.0,EIC,Duty,0.0,Jinasena_MasterData_Purchase.tariff_date_id_969,Jinasena_MasterData_Purchase.misc_charge_codes_eic_120,0.0,Jinasena_MasterData_Common.res_company_jinasena_agricultural_machinery_pvt_ltd
tariff_rates_id_23256,10,1,0.0,ESC,Duty,0.0,Jinasena_MasterData_Purchase.tariff_date_id_969,Jinasena_MasterData_Purchase.misc_charge_codes_esc_121,0.0,Jinasena_MasterData_Common.res_company_jinasena_agricultural_machinery_pvt_ltd
tariff_rates_id_23257,10,1,0.0,Excise,Duty,0.0,Jinasena_MasterData_Purchase.tariff_date_id_969,Jinasena_MasterData_Purchase.misc_charge_codes_excise_122,0.0,Jinasena_MasterData_Common.res_company_jinasena_agricultural_machinery_pvt_ltd
tariff_rates_id_23258,10,1,0.0,PAL,Duty,0.0,Jinasena_MasterData_Purchase.tariff_date_id_969,Jinasena_MasterData_Purchase.misc_charge_codes_pal_123,0.0,Jinasena_MasterData_Common.res_company_jinasena_agricultural_machinery_pvt_ltd
tariff_rates_id_23259,10,1,0.0,RIDL,Duty,0.0,Jinasena_MasterData_Purchase.tariff_date_id_969,Jinasena_MasterData_Purchase.misc_charge_codes_ridl_124,0.0,Jinasena_MasterData_Common.res_company_jinasena_agricultural_machinery_pvt_ltd
tariff_rates_id_23260,10,1,0.0,SRL,Duty,0.0,Jinasena_MasterData_Purchase.tariff_date_id_969,Jinasena_MasterData_Purchase.misc_charge_codes_srl_125,0.0,Jinasena_MasterData_Common.res_company_jinasena_agricultural_machinery_pvt_ltd
tariff_rates_id_23261,10,1,0.0,Surcharge,Duty,0.0,Jinasena_MasterData_Purchase.tariff_date_id_969,Jinasena_MasterData_Purchase.misc_charge_codes_surcharge_126,0.0,Jinasena_MasterData_Common.res_company_jinasena_agricultural_machinery_pvt_ltd
tariff_rates_id_23262,10,1,0.0,NBT,Taxes,0.0,Jinasena_MasterData_Purchase.tariff_date_id_969,Jinasena_MasterData_Purchase.misc_charge_codes_nbt_155,0.0,Jinasena_MasterData_Common.res_company_jinasena_agricultural_machinery_pvt_ltd
tariff_rates_id_23263,10,1,0.0,NBT-N,Taxes,0.0,Jinasena_MasterData_Purchase.tariff_date_id_969,Jinasena_MasterData_Purchase.misc_charge_codes_nbt_n_156,0.0,Jinasena_MasterData_Common.res_company_jinasena_agricultural_machinery_pvt_ltd
tariff_rates_id_23264,10,1,0.0,VAT-on-Item,Taxes,0.0,Jinasena_MasterData_Purchase.tariff_date_id_969,Jinasena_MasterData_Purchase.misc_charge_codes_vat_on_item_157,0.0,Jinasena_MasterData_Common.res_company_jinasena_agricultural_machinery_pvt_ltd
tariff_rates_id_23265,10,1,0.0,VAT-on-GL,Taxes,0.0,Jinasena_MasterData_Purchase.tariff_date_id_969,Jinasena_MasterData_Purchase.misc_charge_codes_vat_on_gl_158,0.0,Jinasena_MasterData_Common.res_company_jinasena_agricultural_machinery_pvt_ltd
tariff_rates_id_23266,10,1,0.0,SSCL,Taxes,0.0,Jinasena_MasterData_Purchase.tariff_date_id_969,Jinasena_MasterData_Purchase.misc_charge_codes_sscl_159,0.0,Jinasena_MasterData_Common.res_company_jinasena_agricultural_machinery_pvt_ltd
tariff_rates_id_23267,10,1,0.0,CID,Duty,0.0,Jinasena_MasterData_Purchase.tariff_date_id_970,Jinasena_MasterData_Purchase.misc_charge_codes_cid_119,0.0,Jinasena_MasterData_Common.res_company_jinasena_agricultural_machinery_pvt_ltd
tariff_rates_id_23268,10,1,0.0,EIC,Duty,0.0,Jinasena_MasterData_Purchase.tariff_date_id_970,Jinasena_MasterData_Purchase.misc_charge_codes_eic_120,0.0,Jinasena_MasterData_Common.res_company_jinasena_agricultural_machinery_pvt_ltd
tariff_rates_id_23269,10,1,0.0,ESC,Duty,0.0,Jinasena_MasterData_Purchase.tariff_date_id_970,Jinasena_MasterData_Purchase.misc_charge_codes_esc_121,0.0,Jinasena_MasterData_Common.res_company_jinasena_agricultural_machinery_pvt_ltd
tariff_rates_id_23270,10,1,0.0,Excise,Duty,0.0,Jinasena_MasterData_Purchase.tariff_date_id_970,Jinasena_MasterData_Purchase.misc_charge_codes_excise_122,0.0,Jinasena_MasterData_Common.res_company_jinasena_agricultural_machinery_pvt_ltd
tariff_rates_id_23271,10,1,0.0,PAL,Duty,0.0,Jinasena_MasterData_Purchase.tariff_date_id_970,Jinasena_MasterData_Purchase.misc_charge_codes_pal_123,0.0,Jinasena_MasterData_Common.res_company_jinasena_agricultural_machinery_pvt_ltd
tariff_rates_id_23272,10,1,0.0,RIDL,Duty,0.0,Jinasena_MasterData_Purchase.tariff_date_id_970,Jinasena_MasterData_Purchase.misc_charge_codes_ridl_124,0.0,Jinasena_MasterData_Common.res_company_jinasena_agricultural_machinery_pvt_ltd
tariff_rates_id_23273,10,1,0.0,SRL,Duty,0.0,Jinasena_MasterData_Purchase.tariff_date_id_970,Jinasena_MasterData_Purchase.misc_charge_codes_srl_125,0.0,Jinasena_MasterData_Common.res_company_jinasena_agricultural_machinery_pvt_ltd
tariff_rates_id_23274,10,1,0.0,Surcharge,Duty,0.0,Jinasena_MasterData_Purchase.tariff_date_id_970,Jinasena_MasterData_Purchase.misc_charge_codes_surcharge_126,0.0,Jinasena_MasterData_Common.res_company_jinasena_agricultural_machinery_pvt_ltd
tariff_rates_id_23275,10,1,0.0,NBT,Taxes,0.0,Jinasena_MasterData_Purchase.tariff_date_id_970,Jinasena_MasterData_Purchase.misc_charge_codes_nbt_155,0.0,Jinasena_MasterData_Common.res_company_jinasena_agricultural_machinery_pvt_ltd
tariff_rates_id_23276,10,1,0.0,NBT-N,Taxes,0.0,Jinasena_MasterData_Purchase.tariff_date_id_970,Jinasena_MasterData_Purchase.misc_charge_codes_nbt_n_156,0.0,Jinasena_MasterData_Common.res_company_jinasena_agricultural_machinery_pvt_ltd
tariff_rates_id_23277,10,1,0.0,VAT-on-Item,Taxes,0.0,Jinasena_MasterData_Purchase.tariff_date_id_970,Jinasena_MasterData_Purchase.misc_charge_codes_vat_on_item_157,0.0,Jinasena_MasterData_Common.res_company_jinasena_agricultural_machinery_pvt_ltd
tariff_rates_id_23278,10,1,0.0,VAT-on-GL,Taxes,0.0,Jinasena_MasterData_Purchase.tariff_date_id_970,Jinasena_MasterData_Purchase.misc_charge_codes_vat_on_gl_158,0.0,Jinasena_MasterData_Common.res_company_jinasena_agricultural_machinery_pvt_ltd
tariff_rates_id_23279,10,1,0.0,SSCL,Taxes,0.0,Jinasena_MasterData_Purchase.tariff_date_id_970,Jinasena_MasterData_Purchase.misc_charge_codes_sscl_159,0.0,Jinasena_MasterData_Common.res_company_jinasena_agricultural_machinery_pvt_ltd
tariff_rates_id_23280,10,1,0.0,CID,Duty,0.0,Jinasena_MasterData_Purchase.tariff_date_id_971,Jinasena_MasterData_Purchase.misc_charge_codes_cid_119,0.0,Jinasena_MasterData_Common.res_company_jinasena_agricultural_machinery_pvt_ltd
tariff_rates_id_23281,10,1,0.0,EIC,Duty,0.0,Jinasena_MasterData_Purchase.tariff_date_id_971,Jinasena_MasterData_Purchase.misc_charge_codes_eic_120,0.0,Jinasena_MasterData_Common.res_company_jinasena_agricultural_machinery_pvt_ltd
tariff_rates_id_23282,10,1,0.0,ESC,Duty,0.0,Jinasena_MasterData_Purchase.tariff_date_id_971,Jinasena_MasterData_Purchase.misc_charge_codes_esc_121,0.0,Jinasena_MasterData_Common.res_company_jinasena_agricultural_machinery_pvt_ltd
tariff_rates_id_23283,10,1,0.0,Excise,Duty,0.0,Jinasena_MasterData_Purchase.tariff_date_id_971,Jinasena_MasterData_Purchase.misc_charge_codes_excise_122,0.0,Jinasena_MasterData_Common.res_company_jinasena_agricultural_machinery_pvt_ltd
tariff_rates_id_23284,10,1,0.0,PAL,Duty,0.0,Jinasena_MasterData_Purchase.tariff_date_id_971,Jinasena_MasterData_Purchase.misc_charge_codes_pal_123,0.0,Jinasena_MasterData_Common.res_company_jinasena_agricultural_machinery_pvt_ltd
tariff_rates_id_23285,10,1,0.0,RIDL,Duty,0.0,Jinasena_MasterData_Purchase.tariff_date_id_971,Jinasena_MasterData_Purchase.misc_charge_codes_ridl_124,0.0,Jinasena_MasterData_Common.res_company_jinasena_agricultural_machinery_pvt_ltd
tariff_rates_id_23286,10,1,0.0,SRL,Duty,0.0,Jinasena_MasterData_Purchase.tariff_date_id_971,Jinasena_MasterData_Purchase.misc_charge_codes_srl_125,0.0,Jinasena_MasterData_Common.res_company_jinasena_agricultural_machinery_pvt_ltd
tariff_rates_id_23287,10,1,0.0,Surcharge,Duty,0.0,Jinasena_MasterData_Purchase.tariff_date_id_971,Jinasena_MasterData_Purchase.misc_charge_codes_surcharge_126,0.0,Jinasena_MasterData_Common.res_company_jinasena_agricultural_machinery_pvt_ltd
tariff_rates_id_23288,10,1,0.0,NBT,Taxes,0.0,Jinasena_MasterData_Purchase.tariff_date_id_971,Jinasena_MasterData_Purchase.misc_charge_codes_nbt_155,0.0,Jinasena_MasterData_Common.res_company_jinasena_agricultural_machinery_pvt_ltd
tariff_rates_id_23289,10,1,0.0,NBT-N,Taxes,0.0,Jinasena_MasterData_Purchase.tariff_date_id_971,Jinasena_MasterData_Purchase.misc_charge_codes_nbt_n_156,0.0,Jinasena_MasterData_Common.res_company_jinasena_agricultural_machinery_pvt_ltd
tariff_rates_id_23290,10,1,0.0,VAT-on-Item,Taxes,0.0,Jinasena_MasterData_Purchase.tariff_date_id_971,Jinasena_MasterData_Purchase.misc_charge_codes_vat_on_item_157,0.0,Jinasena_MasterData_Common.res_company_jinasena_agricultural_machinery_pvt_ltd
tariff_rates_id_23291,10,1,0.0,VAT-on-GL,Taxes,0.0,Jinasena_MasterData_Purchase.tariff_date_id_971,Jinasena_MasterData_Purchase.misc_charge_codes_vat_on_gl_158,0.0,Jinasena_MasterData_Common.res_company_jinasena_agricultural_machinery_pvt_ltd
tariff_rates_id_23292,10,1,0.0,SSCL,Taxes,0.0,Jinasena_MasterData_Purchase.tariff_date_id_971,Jinasena_MasterData_Purchase.misc_charge_codes_sscl_159,0.0,Jinasena_MasterData_Common.res_company_jinasena_agricultural_machinery_pvt_ltd
tariff_rates_id_23293,10,1,0.0,CID,Duty,0.0,Jinasena_MasterData_Purchase.tariff_date_id_972,Jinasena_MasterData_Purchase.misc_charge_codes_cid_119,0.0,Jinasena_MasterData_Common.res_company_jinasena_agricultural_machinery_pvt_ltd
tariff_rates_id_23294,10,1,0.0,EIC,Duty,0.0,Jinasena_MasterData_Purchase.tariff_date_id_972,Jinasena_MasterData_Purchase.misc_charge_codes_eic_120,0.0,Jinasena_MasterData_Common.res_company_jinasena_agricultural_machinery_pvt_ltd
tariff_rates_id_23295,10,1,0.0,ESC,Duty,0.0,Jinasena_MasterData_Purchase.tariff_date_id_972,Jinasena_MasterData_Purchase.misc_charge_codes_esc_121,0.0,Jinasena_MasterData_Common.res_company_jinasena_agricultural_machinery_pvt_ltd
tariff_rates_id_23296,10,1,0.0,Excise,Duty,0.0,Jinasena_MasterData_Purchase.tariff_date_id_972,Jinasena_MasterData_Purchase.misc_charge_codes_excise_122,0.0,Jinasena_MasterData_Common.res_company_jinasena_agricultural_machinery_pvt_ltd
tariff_rates_id_23297,10,1,0.0,PAL,Duty,0.0,Jinasena_MasterData_Purchase.tariff_date_id_972,Jinasena_MasterData_Purchase.misc_charge_codes_pal_123,0.0,Jinasena_MasterData_Common.res_company_jinasena_agricultural_machinery_pvt_ltd
tariff_rates_id_23298,10,1,0.0,RIDL,Duty,0.0,Jinasena_MasterData_Purchase.tariff_date_id_972,Jinasena_MasterData_Purchase.misc_charge_codes_ridl_124,0.0,Jinasena_MasterData_Common.res_company_jinasena_agricultural_machinery_pvt_ltd
tariff_rates_id_23299,10,1,0.0,SRL,Duty,0.0,Jinasena_MasterData_Purchase.tariff_date_id_972,Jinasena_MasterData_Purchase.misc_charge_codes_srl_125,0.0,Jinasena_MasterData_Common.res_company_jinasena_agricultural_machinery_pvt_ltd
tariff_rates_id_23300,10,1,0.0,Surcharge,Duty,0.0,Jinasena_MasterData_Purchase.tariff_date_id_972,Jinasena_MasterData_Purchase.misc_charge_codes_surcharge_126,0.0,Jinasena_MasterData_Common.res_company_jinasena_agricultural_machinery_pvt_ltd
tariff_rates_id_23301,10,1,0.0,NBT,Taxes,0.0,Jinasena_MasterData_Purchase.tariff_date_id_972,Jinasena_MasterData_Purchase.misc_charge_codes_nbt_155,0.0,Jinasena_MasterData_Common.res_company_jinasena_agricultural_machinery_pvt_ltd
tariff_rates_id_23302,10,1,0.0,NBT-N,Taxes,0.0,Jinasena_MasterData_Purchase.tariff_date_id_972,Jinasena_MasterData_Purchase.misc_charge_codes_nbt_n_156,0.0,Jinasena_MasterData_Common.res_company_jinasena_agricultural_machinery_pvt_ltd
tariff_rates_id_23303,10,1,0.0,VAT-on-Item,Taxes,0.0,Jinasena_MasterData_Purchase.tariff_date_id_972,Jinasena_MasterData_Purchase.misc_charge_codes_vat_on_item_157,0.0,Jinasena_MasterData_Common.res_company_jinasena_agricultural_machinery_pvt_ltd
tariff_rates_id_23304,10,1,0.0,VAT-on-GL,Taxes,0.0,Jinasena_MasterData_Purchase.tariff_date_id_972,Jinasena_MasterData_Purchase.misc_charge_codes_vat_on_gl_158,0.0,Jinasena_MasterData_Common.res_company_jinasena_agricultural_machinery_pvt_ltd
tariff_rates_id_23305,10,1,0.0,SSCL,Taxes,0.0,Jinasena_MasterData_Purchase.tariff_date_id_972,Jinasena_MasterData_Purchase.misc_charge_codes_sscl_159,0.0,Jinasena_MasterData_Common.res_company_jinasena_agricultural_machinery_pvt_ltd
tariff_rates_id_23306,10,1,0.0,CID,Duty,0.0,Jinasena_MasterData_Purchase.tariff_date_id_973,Jinasena_MasterData_Purchase.misc_charge_codes_cid_119,0.0,Jinasena_MasterData_Common.res_company_jinasena_agricultural_machinery_pvt_ltd
tariff_rates_id_23307,10,1,0.0,EIC,Duty,0.0,Jinasena_MasterData_Purchase.tariff_date_id_973,Jinasena_MasterData_Purchase.misc_charge_codes_eic_120,0.0,Jinasena_MasterData_Common.res_company_jinasena_agricultural_machinery_pvt_ltd
tariff_rates_id_23308,10,1,0.0,ESC,Duty,0.0,Jinasena_MasterData_Purchase.tariff_date_id_973,Jinasena_MasterData_Purchase.misc_charge_codes_esc_121,0.0,Jinasena_MasterData_Common.res_company_jinasena_agricultural_machinery_pvt_ltd
tariff_rates_id_23309,10,1,0.0,Excise,Duty,0.0,Jinasena_MasterData_Purchase.tariff_date_id_973,Jinasena_MasterData_Purchase.misc_charge_codes_excise_122,0.0,Jinasena_MasterData_Common.res_company_jinasena_agricultural_machinery_pvt_ltd
tariff_rates_id_23310,10,1,0.0,PAL,Duty,0.0,Jinasena_MasterData_Purchase.tariff_date_id_973,Jinasena_MasterData_Purchase.misc_charge_codes_pal_123,0.0,Jinasena_MasterData_Common.res_company_jinasena_agricultural_machinery_pvt_ltd
tariff_rates_id_23311,10,1,0.0,RIDL,Duty,0.0,Jinasena_MasterData_Purchase.tariff_date_id_973,Jinasena_MasterData_Purchase.misc_charge_codes_ridl_124,0.0,Jinasena_MasterData_Common.res_company_jinasena_agricultural_machinery_pvt_ltd
tariff_rates_id_23312,10,1,0.0,SRL,Duty,0.0,Jinasena_MasterData_Purchase.tariff_date_id_973,Jinasena_MasterData_Purchase.misc_charge_codes_srl_125,0.0,Jinasena_MasterData_Common.res_company_jinasena_agricultural_machinery_pvt_ltd
tariff_rates_id_23313,10,1,0.0,Surcharge,Duty,0.0,Jinasena_MasterData_Purchase.tariff_date_id_973,Jinasena_MasterData_Purchase.misc_charge_codes_surcharge_126,0.0,Jinasena_MasterData_Common.res_company_jinasena_agricultural_machinery_pvt_ltd
tariff_rates_id_23314,10,1,0.0,NBT,Taxes,0.0,Jinasena_MasterData_Purchase.tariff_date_id_973,Jinasena_MasterData_Purchase.misc_charge_codes_nbt_155,0.0,Jinasena_MasterData_Common.res_company_jinasena_agricultural_machinery_pvt_ltd
tariff_rates_id_23315,10,1,0.0,NBT-N,Taxes,0.0,Jinasena_MasterData_Purchase.tariff_date_id_973,Jinasena_MasterData_Purchase.misc_charge_codes_nbt_n_156,0.0,Jinasena_MasterData_Common.res_company_jinasena_agricultural_machinery_pvt_ltd
tariff_rates_id_23316,10,1,0.0,VAT-on-Item,Taxes,0.0,Jinasena_MasterData_Purchase.tariff_date_id_973,Jinasena_MasterData_Purchase.misc_charge_codes_vat_on_item_157,0.0,Jinasena_MasterData_Common.res_company_jinasena_agricultural_machinery_pvt_ltd
tariff_rates_id_23317,10,1,0.0,VAT-on-GL,Taxes,0.0,Jinasena_MasterData_Purchase.tariff_date_id_973,Jinasena_MasterData_Purchase.misc_charge_codes_vat_on_gl_158,0.0,Jinasena_MasterData_Common.res_company_jinasena_agricultural_machinery_pvt_ltd
tariff_rates_id_23318,10,1,0.0,SSCL,Taxes,0.0,Jinasena_MasterData_Purchase.tariff_date_id_973,Jinasena_MasterData_Purchase.misc_charge_codes_sscl_159,0.0,Jinasena_MasterData_Common.res_company_jinasena_agricultural_machinery_pvt_ltd
tariff_rates_id_23319,10,1,0.0,CID,Duty,0.0,Jinasena_MasterData_Purchase.tariff_date_id_974,Jinasena_MasterData_Purchase.misc_charge_codes_cid_119,0.0,Jinasena_MasterData_Common.res_company_jinasena_agricultural_machinery_pvt_ltd
tariff_rates_id_23320,10,1,0.0,EIC,Duty,0.0,Jinasena_MasterData_Purchase.tariff_date_id_974,Jinasena_MasterData_Purchase.misc_charge_codes_eic_120,0.0,Jinasena_MasterData_Common.res_company_jinasena_agricultural_machinery_pvt_ltd
tariff_rates_id_23321,10,1,0.0,ESC,Duty,0.0,Jinasena_MasterData_Purchase.tariff_date_id_974,Jinasena_MasterData_Purchase.misc_charge_codes_esc_121,0.0,Jinasena_MasterData_Common.res_company_jinasena_agricultural_machinery_pvt_ltd
tariff_rates_id_23322,10,1,0.0,Excise,Duty,0.0,Jinasena_MasterData_Purchase.tariff_date_id_974,Jinasena_MasterData_Purchase.misc_charge_codes_excise_122,0.0,Jinasena_MasterData_Common.res_company_jinasena_agricultural_machinery_pvt_ltd
tariff_rates_id_23323,10,1,0.0,PAL,Duty,0.0,Jinasena_MasterData_Purchase.tariff_date_id_974,Jinasena_MasterData_Purchase.misc_charge_codes_pal_123,0.0,Jinasena_MasterData_Common.res_company_jinasena_agricultural_machinery_pvt_ltd
tariff_rates_id_23324,10,1,0.0,RIDL,Duty,0.0,Jinasena_MasterData_Purchase.tariff_date_id_974,Jinasena_MasterData_Purchase.misc_charge_codes_ridl_124,0.0,Jinasena_MasterData_Common.res_company_jinasena_agricultural_machinery_pvt_ltd
tariff_rates_id_23325,10,1,0.0,SRL,Duty,0.0,Jinasena_MasterData_Purchase.tariff_date_id_974,Jinasena_MasterData_Purchase.misc_charge_codes_srl_125,0.0,Jinasena_MasterData_Common.res_company_jinasena_agricultural_machinery_pvt_ltd
tariff_rates_id_23326,10,1,0.0,Surcharge,Duty,0.0,Jinasena_MasterData_Purchase.tariff_date_id_974,Jinasena_MasterData_Purchase.misc_charge_codes_surcharge_126,0.0,Jinasena_MasterData_Common.res_company_jinasena_agricultural_machinery_pvt_ltd
tariff_rates_id_23327,10,1,0.0,NBT,Taxes,0.0,Jinasena_MasterData_Purchase.tariff_date_id_974,Jinasena_MasterData_Purchase.misc_charge_codes_nbt_155,0.0,Jinasena_MasterData_Common.res_company_jinasena_agricultural_machinery_pvt_ltd
tariff_rates_id_23328,10,1,0.0,NBT-N,Taxes,0.0,Jinasena_MasterData_Purchase.tariff_date_id_974,Jinasena_MasterData_Purchase.misc_charge_codes_nbt_n_156,0.0,Jinasena_MasterData_Common.res_company_jinasena_agricultural_machinery_pvt_ltd
tariff_rates_id_23329,10,1,0.0,VAT-on-Item,Taxes,0.0,Jinasena_MasterData_Purchase.tariff_date_id_974,Jinasena_MasterData_Purchase.misc_charge_codes_vat_on_item_157,0.0,Jinasena_MasterData_Common.res_company_jinasena_agricultural_machinery_pvt_ltd
tariff_rates_id_23330,10,1,0.0,VAT-on-GL,Taxes,0.0,Jinasena_MasterData_Purchase.tariff_date_id_974,Jinasena_MasterData_Purchase.misc_charge_codes_vat_on_gl_158,0.0,Jinasena_MasterData_Common.res_company_jinasena_agricultural_machinery_pvt_ltd
tariff_rates_id_23331,10,1,0.0,SSCL,Taxes,0.0,Jinasena_MasterData_Purchase.tariff_date_id_974,Jinasena_MasterData_Purchase.misc_charge_codes_sscl_159,0.0,Jinasena_MasterData_Common.res_company_jinasena_agricultural_machinery_pvt_ltd
tariff_rates_id_23332,10,1,0.0,CID,Duty,0.0,Jinasena_MasterData_Purchase.tariff_date_id_975,Jinasena_MasterData_Purchase.misc_charge_codes_cid_119,0.0,Jinasena_MasterData_Common.res_company_jinasena_agricultural_machinery_pvt_ltd
tariff_rates_id_23333,10,1,0.0,EIC,Duty,0.0,Jinasena_MasterData_Purchase.tariff_date_id_975,Jinasena_MasterData_Purchase.misc_charge_codes_eic_120,0.0,Jinasena_MasterData_Common.res_company_jinasena_agricultural_machinery_pvt_ltd
tariff_rates_id_23334,10,1,0.0,ESC,Duty,0.0,Jinasena_MasterData_Purchase.tariff_date_id_975,Jinasena_MasterData_Purchase.misc_charge_codes_esc_121,0.0,Jinasena_MasterData_Common.res_company_jinasena_agricultural_machinery_pvt_ltd
tariff_rates_id_23335,10,1,0.0,Excise,Duty,0.0,Jinasena_MasterData_Purchase.tariff_date_id_975,Jinasena_MasterData_Purchase.misc_charge_codes_excise_122,0.0,Jinasena_MasterData_Common.res_company_jinasena_agricultural_machinery_pvt_ltd
tariff_rates_id_23336,10,1,0.0,PAL,Duty,0.0,Jinasena_MasterData_Purchase.tariff_date_id_975,Jinasena_MasterData_Purchase.misc_charge_codes_pal_123,0.0,Jinasena_MasterData_Common.res_company_jinasena_agricultural_machinery_pvt_ltd
tariff_rates_id_23337,10,1,0.0,RIDL,Duty,0.0,Jinasena_MasterData_Purchase.tariff_date_id_975,Jinasena_MasterData_Purchase.misc_charge_codes_ridl_124,0.0,Jinasena_MasterData_Common.res_company_jinasena_agricultural_machinery_pvt_ltd
tariff_rates_id_23338,10,1,0.0,SRL,Duty,0.0,Jinasena_MasterData_Purchase.tariff_date_id_975,Jinasena_MasterData_Purchase.misc_charge_codes_srl_125,0.0,Jinasena_MasterData_Common.res_company_jinasena_agricultural_machinery_pvt_ltd
tariff_rates_id_23339,10,1,0.0,Surcharge,Duty,0.0,Jinasena_MasterData_Purchase.tariff_date_id_975,Jinasena_MasterData_Purchase.misc_charge_codes_surcharge_126,0.0,Jinasena_MasterData_Common.res_company_jinasena_agricultural_machinery_pvt_ltd
tariff_rates_id_23340,10,1,0.0,NBT,Taxes,0.0,Jinasena_MasterData_Purchase.tariff_date_id_975,Jinasena_MasterData_Purchase.misc_charge_codes_nbt_155,0.0,Jinasena_MasterData_Common.res_company_jinasena_agricultural_machinery_pvt_ltd
tariff_rates_id_23341,10,1,0.0,NBT-N,Taxes,0.0,Jinasena_MasterData_Purchase.tariff_date_id_975,Jinasena_MasterData_Purchase.misc_charge_codes_nbt_n_156,0.0,Jinasena_MasterData_Common.res_company_jinasena_agricultural_machinery_pvt_ltd
tariff_rates_id_23342,10,1,0.0,VAT-on-Item,Taxes,0.0,Jinasena_MasterData_Purchase.tariff_date_id_975,Jinasena_MasterData_Purchase.misc_charge_codes_vat_on_item_157,0.0,Jinasena_MasterData_Common.res_company_jinasena_agricultural_machinery_pvt_ltd
tariff_rates_id_23343,10,1,0.0,VAT-on-GL,Taxes,0.0,Jinasena_MasterData_Purchase.tariff_date_id_975,Jinasena_MasterData_Purchase.misc_charge_codes_vat_on_gl_158,0.0,Jinasena_MasterData_Common.res_company_jinasena_agricultural_machinery_pvt_ltd
tariff_rates_id_23344,10,1,0.0,SSCL,Taxes,0.0,Jinasena_MasterData_Purchase.tariff_date_id_975,Jinasena_MasterData_Purchase.misc_charge_codes_sscl_159,0.0,Jinasena_MasterData_Common.res_company_jinasena_agricultural_machinery_pvt_ltd
tariff_rates_id_23345,10,1,0.0,CID,Duty,0.0,Jinasena_MasterData_Purchase.tariff_date_id_976,Jinasena_MasterData_Purchase.misc_charge_codes_cid_119,0.0,Jinasena_MasterData_Common.res_company_jinasena_agricultural_machinery_pvt_ltd
tariff_rates_id_23346,10,1,0.0,EIC,Duty,0.0,Jinasena_MasterData_Purchase.tariff_date_id_976,Jinasena_MasterData_Purchase.misc_charge_codes_eic_120,0.0,Jinasena_MasterData_Common.res_company_jinasena_agricultural_machinery_pvt_ltd
tariff_rates_id_23347,10,1,0.0,ESC,Duty,0.0,Jinasena_MasterData_Purchase.tariff_date_id_976,Jinasena_MasterData_Purchase.misc_charge_codes_esc_121,0.0,Jinasena_MasterData_Common.res_company_jinasena_agricultural_machinery_pvt_ltd
tariff_rates_id_23348,10,1,0.0,Excise,Duty,0.0,Jinasena_MasterData_Purchase.tariff_date_id_976,Jinasena_MasterData_Purchase.misc_charge_codes_excise_122,0.0,Jinasena_MasterData_Common.res_company_jinasena_agricultural_machinery_pvt_ltd
tariff_rates_id_23349,10,1,0.0,PAL,Duty,0.0,Jinasena_MasterData_Purchase.tariff_date_id_976,Jinasena_MasterData_Purchase.misc_charge_codes_pal_123,0.0,Jinasena_MasterData_Common.res_company_jinasena_agricultural_machinery_pvt_ltd
tariff_rates_id_23350,10,1,0.0,RIDL,Duty,0.0,Jinasena_MasterData_Purchase.tariff_date_id_976,Jinasena_MasterData_Purchase.misc_charge_codes_ridl_124,0.0,Jinasena_MasterData_Common.res_company_jinasena_agricultural_machinery_pvt_ltd
tariff_rates_id_23351,10,1,0.0,SRL,Duty,0.0,Jinasena_MasterData_Purchase.tariff_date_id_976,Jinasena_MasterData_Purchase.misc_charge_codes_srl_125,0.0,Jinasena_MasterData_Common.res_company_jinasena_agricultural_machinery_pvt_ltd
tariff_rates_id_23352,10,1,0.0,Surcharge,Duty,0.0,Jinasena_MasterData_Purchase.tariff_date_id_976,Jinasena_MasterData_Purchase.misc_charge_codes_surcharge_126,0.0,Jinasena_MasterData_Common.res_company_jinasena_agricultural_machinery_pvt_ltd
tariff_rates_id_23353,10,1,0.0,NBT,Taxes,0.0,Jinasena_MasterData_Purchase.tariff_date_id_976,Jinasena_MasterData_Purchase.misc_charge_codes_nbt_155,0.0,Jinasena_MasterData_Common.res_company_jinasena_agricultural_machinery_pvt_ltd
tariff_rates_id_23354,10,1,0.0,NBT-N,Taxes,0.0,Jinasena_MasterData_Purchase.tariff_date_id_976,Jinasena_MasterData_Purchase.misc_charge_codes_nbt_n_156,0.0,Jinasena_MasterData_Common.res_company_jinasena_agricultural_machinery_pvt_ltd
tariff_rates_id_23355,10,1,0.0,VAT-on-Item,Taxes,0.0,Jinasena_MasterData_Purchase.tariff_date_id_976,Jinasena_MasterData_Purchase.misc_charge_codes_vat_on_item_157,0.0,Jinasena_MasterData_Common.res_company_jinasena_agricultural_machinery_pvt_ltd
tariff_rates_id_23356,10,1,0.0,VAT-on-GL,Taxes,0.0,Jinasena_MasterData_Purchase.tariff_date_id_976,Jinasena_MasterData_Purchase.misc_charge_codes_vat_on_gl_158,0.0,Jinasena_MasterData_Common.res_company_jinasena_agricultural_machinery_pvt_ltd
tariff_rates_id_23357,10,1,0.0,SSCL,Taxes,0.0,Jinasena_MasterData_Purchase.tariff_date_id_976,Jinasena_MasterData_Purchase.misc_charge_codes_sscl_159,0.0,Jinasena_MasterData_Common.res_company_jinasena_agricultural_machinery_pvt_ltd
tariff_rates_id_23358,10,1,0.0,CID,Duty,0.0,Jinasena_MasterData_Purchase.tariff_date_id_977,Jinasena_MasterData_Purchase.misc_charge_codes_cid_119,0.0,Jinasena_MasterData_Common.res_company_jinasena_agricultural_machinery_pvt_ltd
tariff_rates_id_23359,10,1,0.0,EIC,Duty,0.0,Jinasena_MasterData_Purchase.tariff_date_id_977,Jinasena_MasterData_Purchase.misc_charge_codes_eic_120,0.0,Jinasena_MasterData_Common.res_company_jinasena_agricultural_machinery_pvt_ltd
tariff_rates_id_23360,10,1,0.0,ESC,Duty,0.0,Jinasena_MasterData_Purchase.tariff_date_id_977,Jinasena_MasterData_Purchase.misc_charge_codes_esc_121,0.0,Jinasena_MasterData_Common.res_company_jinasena_agricultural_machinery_pvt_ltd
tariff_rates_id_23361,10,1,0.0,Excise,Duty,0.0,Jinasena_MasterData_Purchase.tariff_date_id_977,Jinasena_MasterData_Purchase.misc_charge_codes_excise_122,0.0,Jinasena_MasterData_Common.res_company_jinasena_agricultural_machinery_pvt_ltd
tariff_rates_id_23362,10,1,0.0,PAL,Duty,0.0,Jinasena_MasterData_Purchase.tariff_date_id_977,Jinasena_MasterData_Purchase.misc_charge_codes_pal_123,0.0,Jinasena_MasterData_Common.res_company_jinasena_agricultural_machinery_pvt_ltd
tariff_rates_id_23363,10,1,0.0,RIDL,Duty,0.0,Jinasena_MasterData_Purchase.tariff_date_id_977,Jinasena_MasterData_Purchase.misc_charge_codes_ridl_124,0.0,Jinasena_MasterData_Common.res_company_jinasena_agricultural_machinery_pvt_ltd
tariff_rates_id_23364,10,1,0.0,SRL,Duty,0.0,Jinasena_MasterData_Purchase.tariff_date_id_977,Jinasena_MasterData_Purchase.misc_charge_codes_srl_125,0.0,Jinasena_MasterData_Common.res_company_jinasena_agricultural_machinery_pvt_ltd
tariff_rates_id_23365,10,1,0.0,Surcharge,Duty,0.0,Jinasena_MasterData_Purchase.tariff_date_id_977,Jinasena_MasterData_Purchase.misc_charge_codes_surcharge_126,0.0,Jinasena_MasterData_Common.res_company_jinasena_agricultural_machinery_pvt_ltd
tariff_rates_id_23366,10,1,0.0,NBT,Taxes,0.0,Jinasena_MasterData_Purchase.tariff_date_id_977,Jinasena_MasterData_Purchase.misc_charge_codes_nbt_155,0.0,Jinasena_MasterData_Common.res_company_jinasena_agricultural_machinery_pvt_ltd
tariff_rates_id_23367,10,1,0.0,NBT-N,Taxes,0.0,Jinasena_MasterData_Purchase.tariff_date_id_977,Jinasena_MasterData_Purchase.misc_charge_codes_nbt_n_156,0.0,Jinasena_MasterData_Common.res_company_jinasena_agricultural_machinery_pvt_ltd
tariff_rates_id_23368,10,1,0.0,VAT-on-Item,Taxes,0.0,Jinasena_MasterData_Purchase.tariff_date_id_977,Jinasena_MasterData_Purchase.misc_charge_codes_vat_on_item_157,0.0,Jinasena_MasterData_Common.res_company_jinasena_agricultural_machinery_pvt_ltd
tariff_rates_id_23369,10,1,0.0,VAT-on-GL,Taxes,0.0,Jinasena_MasterData_Purchase.tariff_date_id_977,Jinasena_MasterData_Purchase.misc_charge_codes_vat_on_gl_158,0.0,Jinasena_MasterData_Common.res_company_jinasena_agricultural_machinery_pvt_ltd
tariff_rates_id_23370,10,1,0.0,SSCL,Taxes,0.0,Jinasena_MasterData_Purchase.tariff_date_id_977,Jinasena_MasterData_Purchase.misc_charge_codes_sscl_159,0.0,Jinasena_MasterData_Common.res_company_jinasena_agricultural_machinery_pvt_ltd
tariff_rates_id_23371,10,1,0.0,CID,Duty,0.0,Jinasena_MasterData_Purchase.tariff_date_id_978,Jinasena_MasterData_Purchase.misc_charge_codes_cid_119,0.0,Jinasena_MasterData_Common.res_company_jinasena_agricultural_machinery_pvt_ltd
tariff_rates_id_23372,10,1,0.0,EIC,Duty,0.0,Jinasena_MasterData_Purchase.tariff_date_id_978,Jinasena_MasterData_Purchase.misc_charge_codes_eic_120,0.0,Jinasena_MasterData_Common.res_company_jinasena_agricultural_machinery_pvt_ltd
tariff_rates_id_23373,10,1,0.0,ESC,Duty,0.0,Jinasena_MasterData_Purchase.tariff_date_id_978,Jinasena_MasterData_Purchase.misc_charge_codes_esc_121,0.0,Jinasena_MasterData_Common.res_company_jinasena_agricultural_machinery_pvt_ltd
tariff_rates_id_23374,10,1,0.0,Excise,Duty,0.0,Jinasena_MasterData_Purchase.tariff_date_id_978,Jinasena_MasterData_Purchase.misc_charge_codes_excise_122,0.0,Jinasena_MasterData_Common.res_company_jinasena_agricultural_machinery_pvt_ltd
tariff_rates_id_23375,10,1,0.0,PAL,Duty,0.0,Jinasena_MasterData_Purchase.tariff_date_id_978,Jinasena_MasterData_Purchase.misc_charge_codes_pal_123,0.0,Jinasena_MasterData_Common.res_company_jinasena_agricultural_machinery_pvt_ltd
tariff_rates_id_23376,10,1,0.0,RIDL,Duty,0.0,Jinasena_MasterData_Purchase.tariff_date_id_978,Jinasena_MasterData_Purchase.misc_charge_codes_ridl_124,0.0,Jinasena_MasterData_Common.res_company_jinasena_agricultural_machinery_pvt_ltd
tariff_rates_id_23377,10,1,0.0,SRL,Duty,0.0,Jinasena_MasterData_Purchase.tariff_date_id_978,Jinasena_MasterData_Purchase.misc_charge_codes_srl_125,0.0,Jinasena_MasterData_Common.res_company_jinasena_agricultural_machinery_pvt_ltd
tariff_rates_id_23378,10,1,0.0,Surcharge,Duty,0.0,Jinasena_MasterData_Purchase.tariff_date_id_978,Jinasena_MasterData_Purchase.misc_charge_codes_surcharge_126,0.0,Jinasena_MasterData_Common.res_company_jinasena_agricultural_machinery_pvt_ltd
tariff_rates_id_23379,10,1,0.0,NBT,Taxes,0.0,Jinasena_MasterData_Purchase.tariff_date_id_978,Jinasena_MasterData_Purchase.misc_charge_codes_nbt_155,0.0,Jinasena_MasterData_Common.res_company_jinasena_agricultural_machinery_pvt_ltd
tariff_rates_id_23380,10,1,0.0,NBT-N,Taxes,0.0,Jinasena_MasterData_Purchase.tariff_date_id_978,Jinasena_MasterData_Purchase.misc_charge_codes_nbt_n_156,0.0,Jinasena_MasterData_Common.res_company_jinasena_agricultural_machinery_pvt_ltd
tariff_rates_id_23381,10,1,0.0,VAT-on-Item,Taxes,0.0,Jinasena_MasterData_Purchase.tariff_date_id_978,Jinasena_MasterData_Purchase.misc_charge_codes_vat_on_item_157,0.0,Jinasena_MasterData_Common.res_company_jinasena_agricultural_machinery_pvt_ltd
tariff_rates_id_23382,10,1,0.0,VAT-on-GL,Taxes,0.0,Jinasena_MasterData_Purchase.tariff_date_id_978,Jinasena_MasterData_Purchase.misc_charge_codes_vat_on_gl_158,0.0,Jinasena_MasterData_Common.res_company_jinasena_agricultural_machinery_pvt_ltd
tariff_rates_id_23383,10,1,0.0,SSCL,Taxes,0.0,Jinasena_MasterData_Purchase.tariff_date_id_978,Jinasena_MasterData_Purchase.misc_charge_codes_sscl_159,0.0,Jinasena_MasterData_Common.res_company_jinasena_agricultural_machinery_pvt_ltd
tariff_rates_id_23384,10,1,0.0,CID,Duty,0.0,Jinasena_MasterData_Purchase.tariff_date_id_979,Jinasena_MasterData_Purchase.misc_charge_codes_cid_119,0.0,Jinasena_MasterData_Common.res_company_jinasena_agricultural_machinery_pvt_ltd
tariff_rates_id_23385,10,1,0.0,EIC,Duty,0.0,Jinasena_MasterData_Purchase.tariff_date_id_979,Jinasena_MasterData_Purchase.misc_charge_codes_eic_120,0.0,Jinasena_MasterData_Common.res_company_jinasena_agricultural_machinery_pvt_ltd
tariff_rates_id_23386,10,1,0.0,ESC,Duty,0.0,Jinasena_MasterData_Purchase.tariff_date_id_979,Jinasena_MasterData_Purchase.misc_charge_codes_esc_121,0.0,Jinasena_MasterData_Common.res_company_jinasena_agricultural_machinery_pvt_ltd
tariff_rates_id_23387,10,1,0.0,Excise,Duty,0.0,Jinasena_MasterData_Purchase.tariff_date_id_979,Jinasena_MasterData_Purchase.misc_charge_codes_excise_122,0.0,Jinasena_MasterData_Common.res_company_jinasena_agricultural_machinery_pvt_ltd
tariff_rates_id_23388,10,1,0.0,PAL,Duty,0.0,Jinasena_MasterData_Purchase.tariff_date_id_979,Jinasena_MasterData_Purchase.misc_charge_codes_pal_123,0.0,Jinasena_MasterData_Common.res_company_jinasena_agricultural_machinery_pvt_ltd
tariff_rates_id_23389,10,1,0.0,RIDL,Duty,0.0,Jinasena_MasterData_Purchase.tariff_date_id_979,Jinasena_MasterData_Purchase.misc_charge_codes_ridl_124,0.0,Jinasena_MasterData_Common.res_company_jinasena_agricultural_machinery_pvt_ltd
tariff_rates_id_23390,10,1,0.0,SRL,Duty,0.0,Jinasena_MasterData_Purchase.tariff_date_id_979,Jinasena_MasterData_Purchase.misc_charge_codes_srl_125,0.0,Jinasena_MasterData_Common.res_company_jinasena_agricultural_machinery_pvt_ltd
tariff_rates_id_23391,10,1,0.0,Surcharge,Duty,0.0,Jinasena_MasterData_Purchase.tariff_date_id_979,Jinasena_MasterData_Purchase.misc_charge_codes_surcharge_126,0.0,Jinasena_MasterData_Common.res_company_jinasena_agricultural_machinery_pvt_ltd
tariff_rates_id_23392,10,1,0.0,NBT,Taxes,0.0,Jinasena_MasterData_Purchase.tariff_date_id_979,Jinasena_MasterData_Purchase.misc_charge_codes_nbt_155,0.0,Jinasena_MasterData_Common.res_company_jinasena_agricultural_machinery_pvt_ltd
tariff_rates_id_23393,10,1,0.0,NBT-N,Taxes,0.0,Jinasena_MasterData_Purchase.tariff_date_id_979,Jinasena_MasterData_Purchase.misc_charge_codes_nbt_n_156,0.0,Jinasena_MasterData_Common.res_company_jinasena_agricultural_machinery_pvt_ltd
tariff_rates_id_23394,10,1,0.0,VAT-on-Item,Taxes,0.0,Jinasena_MasterData_Purchase.tariff_date_id_979,Jinasena_MasterData_Purchase.misc_charge_codes_vat_on_item_157,0.0,Jinasena_MasterData_Common.res_company_jinasena_agricultural_machinery_pvt_ltd
tariff_rates_id_23395,10,1,0.0,VAT-on-GL,Taxes,0.0,Jinasena_MasterData_Purchase.tariff_date_id_979,Jinasena_MasterData_Purchase.misc_charge_codes_vat_on_gl_158,0.0,Jinasena_MasterData_Common.res_company_jinasena_agricultural_machinery_pvt_ltd
tariff_rates_id_23396,10,1,0.0,SSCL,Taxes,0.0,Jinasena_MasterData_Purchase.tariff_date_id_979,Jinasena_MasterData_Purchase.misc_charge_codes_sscl_159,0.0,Jinasena_MasterData_Common.res_company_jinasena_agricultural_machinery_pvt_ltd
tariff_rates_id_23397,10,1,0.0,CID,Duty,0.0,Jinasena_MasterData_Purchase.tariff_date_id_980,Jinasena_MasterData_Purchase.misc_charge_codes_cid_119,0.0,Jinasena_MasterData_Common.res_company_jinasena_agricultural_machinery_pvt_ltd
tariff_rates_id_23398,10,1,0.0,EIC,Duty,0.0,Jinasena_MasterData_Purchase.tariff_date_id_980,Jinasena_MasterData_Purchase.misc_charge_codes_eic_120,0.0,Jinasena_MasterData_Common.res_company_jinasena_agricultural_machinery_pvt_ltd
tariff_rates_id_23399,10,1,0.0,ESC,Duty,0.0,Jinasena_MasterData_Purchase.tariff_date_id_980,Jinasena_MasterData_Purchase.misc_charge_codes_esc_121,0.0,Jinasena_MasterData_Common.res_company_jinasena_agricultural_machinery_pvt_ltd
tariff_rates_id_23400,10,1,0.0,Excise,Duty,0.0,Jinasena_MasterData_Purchase.tariff_date_id_980,Jinasena_MasterData_Purchase.misc_charge_codes_excise_122,0.0,Jinasena_MasterData_Common.res_company_jinasena_agricultural_machinery_pvt_ltd
tariff_rates_id_23401,10,1,0.0,PAL,Duty,0.0,Jinasena_MasterData_Purchase.tariff_date_id_980,Jinasena_MasterData_Purchase.misc_charge_codes_pal_123,0.0,Jinasena_MasterData_Common.res_company_jinasena_agricultural_machinery_pvt_ltd
tariff_rates_id_23402,10,1,0.0,RIDL,Duty,0.0,Jinasena_MasterData_Purchase.tariff_date_id_980,Jinasena_MasterData_Purchase.misc_charge_codes_ridl_124,0.0,Jinasena_MasterData_Common.res_company_jinasena_agricultural_machinery_pvt_ltd
tariff_rates_id_23403,10,1,0.0,SRL,Duty,0.0,Jinasena_MasterData_Purchase.tariff_date_id_980,Jinasena_MasterData_Purchase.misc_charge_codes_srl_125,0.0,Jinasena_MasterData_Common.res_company_jinasena_agricultural_machinery_pvt_ltd
tariff_rates_id_23404,10,1,0.0,Surcharge,Duty,0.0,Jinasena_MasterData_Purchase.tariff_date_id_980,Jinasena_MasterData_Purchase.misc_charge_codes_surcharge_126,0.0,Jinasena_MasterData_Common.res_company_jinasena_agricultural_machinery_pvt_ltd
tariff_rates_id_23405,10,1,0.0,NBT,Taxes,0.0,Jinasena_MasterData_Purchase.tariff_date_id_980,Jinasena_MasterData_Purchase.misc_charge_codes_nbt_155,0.0,Jinasena_MasterData_Common.res_company_jinasena_agricultural_machinery_pvt_ltd
tariff_rates_id_23406,10,1,0.0,NBT-N,Taxes,0.0,Jinasena_MasterData_Purchase.tariff_date_id_980,Jinasena_MasterData_Purchase.misc_charge_codes_nbt_n_156,0.0,Jinasena_MasterData_Common.res_company_jinasena_agricultural_machinery_pvt_ltd
tariff_rates_id_23407,10,1,0.0,VAT-on-Item,Taxes,0.0,Jinasena_MasterData_Purchase.tariff_date_id_980,Jinasena_MasterData_Purchase.misc_charge_codes_vat_on_item_157,0.0,Jinasena_MasterData_Common.res_company_jinasena_agricultural_machinery_pvt_ltd
tariff_rates_id_23408,10,1,0.0,VAT-on-GL,Taxes,0.0,Jinasena_MasterData_Purchase.tariff_date_id_980,Jinasena_MasterData_Purchase.misc_charge_codes_vat_on_gl_158,0.0,Jinasena_MasterData_Common.res_company_jinasena_agricultural_machinery_pvt_ltd
tariff_rates_id_23409,10,1,0.0,SSCL,Taxes,0.0,Jinasena_MasterData_Purchase.tariff_date_id_980,Jinasena_MasterData_Purchase.misc_charge_codes_sscl_159,0.0,Jinasena_MasterData_Common.res_company_jinasena_agricultural_machinery_pvt_ltd
tariff_rates_id_23410,10,1,0.0,CID,Duty,0.0,Jinasena_MasterData_Purchase.tariff_date_id_981,Jinasena_MasterData_Purchase.misc_charge_codes_cid_119,0.0,Jinasena_MasterData_Common.res_company_jinasena_agricultural_machinery_pvt_ltd
tariff_rates_id_23411,10,1,0.0,EIC,Duty,0.0,Jinasena_MasterData_Purchase.tariff_date_id_981,Jinasena_MasterData_Purchase.misc_charge_codes_eic_120,0.0,Jinasena_MasterData_Common.res_company_jinasena_agricultural_machinery_pvt_ltd
tariff_rates_id_23412,10,1,0.0,ESC,Duty,0.0,Jinasena_MasterData_Purchase.tariff_date_id_981,Jinasena_MasterData_Purchase.misc_charge_codes_esc_121,0.0,Jinasena_MasterData_Common.res_company_jinasena_agricultural_machinery_pvt_ltd
tariff_rates_id_23413,10,1,0.0,Excise,Duty,0.0,Jinasena_MasterData_Purchase.tariff_date_id_981,Jinasena_MasterData_Purchase.misc_charge_codes_excise_122,0.0,Jinasena_MasterData_Common.res_company_jinasena_agricultural_machinery_pvt_ltd
tariff_rates_id_23414,10,1,0.0,PAL,Duty,0.0,Jinasena_MasterData_Purchase.tariff_date_id_981,Jinasena_MasterData_Purchase.misc_charge_codes_pal_123,0.0,Jinasena_MasterData_Common.res_company_jinasena_agricultural_machinery_pvt_ltd
tariff_rates_id_23415,10,1,0.0,RIDL,Duty,0.0,Jinasena_MasterData_Purchase.tariff_date_id_981,Jinasena_MasterData_Purchase.misc_charge_codes_ridl_124,0.0,Jinasena_MasterData_Common.res_company_jinasena_agricultural_machinery_pvt_ltd
tariff_rates_id_23416,10,1,0.0,SRL,Duty,0.0,Jinasena_MasterData_Purchase.tariff_date_id_981,Jinasena_MasterData_Purchase.misc_charge_codes_srl_125,0.0,Jinasena_MasterData_Common.res_company_jinasena_agricultural_machinery_pvt_ltd
tariff_rates_id_23417,10,1,0.0,Surcharge,Duty,0.0,Jinasena_MasterData_Purchase.tariff_date_id_981,Jinasena_MasterData_Purchase.misc_charge_codes_surcharge_126,0.0,Jinasena_MasterData_Common.res_company_jinasena_agricultural_machinery_pvt_ltd
tariff_rates_id_23418,10,1,0.0,NBT,Taxes,0.0,Jinasena_MasterData_Purchase.tariff_date_id_981,Jinasena_MasterData_Purchase.misc_charge_codes_nbt_155,0.0,Jinasena_MasterData_Common.res_company_jinasena_agricultural_machinery_pvt_ltd
tariff_rates_id_23419,10,1,0.0,NBT-N,Taxes,0.0,Jinasena_MasterData_Purchase.tariff_date_id_981,Jinasena_MasterData_Purchase.misc_charge_codes_nbt_n_156,0.0,Jinasena_MasterData_Common.res_company_jinasena_agricultural_machinery_pvt_ltd
tariff_rates_id_23420,10,1,0.0,VAT-on-Item,Taxes,0.0,Jinasena_MasterData_Purchase.tariff_date_id_981,Jinasena_MasterData_Purchase.misc_charge_codes_vat_on_item_157,0.0,Jinasena_MasterData_Common.res_company_jinasena_agricultural_machinery_pvt_ltd
tariff_rates_id_23421,10,1,0.0,VAT-on-GL,Taxes,0.0,Jinasena_MasterData_Purchase.tariff_date_id_981,Jinasena_MasterData_Purchase.misc_charge_codes_vat_on_gl_158,0.0,Jinasena_MasterData_Common.res_company_jinasena_agricultural_machinery_pvt_ltd
tariff_rates_id_23422,10,1,0.0,SSCL,Taxes,0.0,Jinasena_MasterData_Purchase.tariff_date_id_981,Jinasena_MasterData_Purchase.misc_charge_codes_sscl_159,0.0,Jinasena_MasterData_Common.res_company_jinasena_agricultural_machinery_pvt_ltd
tariff_rates_id_23423,10,1,0.0,CID,Duty,0.0,Jinasena_MasterData_Purchase.tariff_date_id_982,Jinasena_MasterData_Purchase.misc_charge_codes_cid_119,0.0,Jinasena_MasterData_Common.res_company_jinasena_agricultural_machinery_pvt_ltd
tariff_rates_id_23424,10,1,0.0,EIC,Duty,0.0,Jinasena_MasterData_Purchase.tariff_date_id_982,Jinasena_MasterData_Purchase.misc_charge_codes_eic_120,0.0,Jinasena_MasterData_Common.res_company_jinasena_agricultural_machinery_pvt_ltd
tariff_rates_id_23425,10,1,0.0,ESC,Duty,0.0,Jinasena_MasterData_Purchase.tariff_date_id_982,Jinasena_MasterData_Purchase.misc_charge_codes_esc_121,0.0,Jinasena_MasterData_Common.res_company_jinasena_agricultural_machinery_pvt_ltd
tariff_rates_id_23426,10,1,0.0,Excise,Duty,0.0,Jinasena_MasterData_Purchase.tariff_date_id_982,Jinasena_MasterData_Purchase.misc_charge_codes_excise_122,0.0,Jinasena_MasterData_Common.res_company_jinasena_agricultural_machinery_pvt_ltd
tariff_rates_id_23427,10,1,0.0,PAL,Duty,0.0,Jinasena_MasterData_Purchase.tariff_date_id_982,Jinasena_MasterData_Purchase.misc_charge_codes_pal_123,0.0,Jinasena_MasterData_Common.res_company_jinasena_agricultural_machinery_pvt_ltd
tariff_rates_id_23428,10,1,0.0,RIDL,Duty,0.0,Jinasena_MasterData_Purchase.tariff_date_id_982,Jinasena_MasterData_Purchase.misc_charge_codes_ridl_124,0.0,Jinasena_MasterData_Common.res_company_jinasena_agricultural_machinery_pvt_ltd
tariff_rates_id_23429,10,1,0.0,SRL,Duty,0.0,Jinasena_MasterData_Purchase.tariff_date_id_982,Jinasena_MasterData_Purchase.misc_charge_codes_srl_125,0.0,Jinasena_MasterData_Common.res_company_jinasena_agricultural_machinery_pvt_ltd
tariff_rates_id_23430,10,1,0.0,Surcharge,Duty,0.0,Jinasena_MasterData_Purchase.tariff_date_id_982,Jinasena_MasterData_Purchase.misc_charge_codes_surcharge_126,0.0,Jinasena_MasterData_Common.res_company_jinasena_agricultural_machinery_pvt_ltd
tariff_rates_id_23431,10,1,0.0,NBT,Taxes,0.0,Jinasena_MasterData_Purchase.tariff_date_id_982,Jinasena_MasterData_Purchase.misc_charge_codes_nbt_155,0.0,Jinasena_MasterData_Common.res_company_jinasena_agricultural_machinery_pvt_ltd
tariff_rates_id_23432,10,1,0.0,NBT-N,Taxes,0.0,Jinasena_MasterData_Purchase.tariff_date_id_982,Jinasena_MasterData_Purchase.misc_charge_codes_nbt_n_156,0.0,Jinasena_MasterData_Common.res_company_jinasena_agricultural_machinery_pvt_ltd
tariff_rates_id_23433,10,1,0.0,VAT-on-Item,Taxes,0.0,Jinasena_MasterData_Purchase.tariff_date_id_982,Jinasena_MasterData_Purchase.misc_charge_codes_vat_on_item_157,0.0,Jinasena_MasterData_Common.res_company_jinasena_agricultural_machinery_pvt_ltd
tariff_rates_id_23434,10,1,0.0,VAT-on-GL,Taxes,0.0,Jinasena_MasterData_Purchase.tariff_date_id_982,Jinasena_MasterData_Purchase.misc_charge_codes_vat_on_gl_158,0.0,Jinasena_MasterData_Common.res_company_jinasena_agricultural_machinery_pvt_ltd
tariff_rates_id_23435,10,1,0.0,SSCL,Taxes,0.0,Jinasena_MasterData_Purchase.tariff_date_id_982,Jinasena_MasterData_Purchase.misc_charge_codes_sscl_159,0.0,Jinasena_MasterData_Common.res_company_jinasena_agricultural_machinery_pvt_ltd
tariff_rates_id_23436,10,1,0.0,CID,Duty,0.0,Jinasena_MasterData_Purchase.tariff_date_id_983,Jinasena_MasterData_Purchase.misc_charge_codes_cid_119,0.0,Jinasena_MasterData_Common.res_company_jinasena_agricultural_machinery_pvt_ltd
tariff_rates_id_23437,10,1,0.0,EIC,Duty,0.0,Jinasena_MasterData_Purchase.tariff_date_id_983,Jinasena_MasterData_Purchase.misc_charge_codes_eic_120,0.0,Jinasena_MasterData_Common.res_company_jinasena_agricultural_machinery_pvt_ltd
tariff_rates_id_23438,10,1,0.0,ESC,Duty,0.0,Jinasena_MasterData_Purchase.tariff_date_id_983,Jinasena_MasterData_Purchase.misc_charge_codes_esc_121,0.0,Jinasena_MasterData_Common.res_company_jinasena_agricultural_machinery_pvt_ltd
tariff_rates_id_23439,10,1,0.0,Excise,Duty,0.0,Jinasena_MasterData_Purchase.tariff_date_id_983,Jinasena_MasterData_Purchase.misc_charge_codes_excise_122,0.0,Jinasena_MasterData_Common.res_company_jinasena_agricultural_machinery_pvt_ltd
tariff_rates_id_23440,10,1,0.0,PAL,Duty,0.0,Jinasena_MasterData_Purchase.tariff_date_id_983,Jinasena_MasterData_Purchase.misc_charge_codes_pal_123,0.0,Jinasena_MasterData_Common.res_company_jinasena_agricultural_machinery_pvt_ltd
tariff_rates_id_23441,10,1,0.0,RIDL,Duty,0.0,Jinasena_MasterData_Purchase.tariff_date_id_983,Jinasena_MasterData_Purchase.misc_charge_codes_ridl_124,0.0,Jinasena_MasterData_Common.res_company_jinasena_agricultural_machinery_pvt_ltd
tariff_rates_id_23442,10,1,0.0,SRL,Duty,0.0,Jinasena_MasterData_Purchase.tariff_date_id_983,Jinasena_MasterData_Purchase.misc_charge_codes_srl_125,0.0,Jinasena_MasterData_Common.res_company_jinasena_agricultural_machinery_pvt_ltd
tariff_rates_id_23443,10,1,0.0,Surcharge,Duty,0.0,Jinasena_MasterData_Purchase.tariff_date_id_983,Jinasena_MasterData_Purchase.misc_charge_codes_surcharge_126,0.0,Jinasena_MasterData_Common.res_company_jinasena_agricultural_machinery_pvt_ltd
tariff_rates_id_23444,10,1,0.0,NBT,Taxes,0.0,Jinasena_MasterData_Purchase.tariff_date_id_983,Jinasena_MasterData_Purchase.misc_charge_codes_nbt_155,0.0,Jinasena_MasterData_Common.res_company_jinasena_agricultural_machinery_pvt_ltd
tariff_rates_id_23445,10,1,0.0,NBT-N,Taxes,0.0,Jinasena_MasterData_Purchase.tariff_date_id_983,Jinasena_MasterData_Purchase.misc_charge_codes_nbt_n_156,0.0,Jinasena_MasterData_Common.res_company_jinasena_agricultural_machinery_pvt_ltd
tariff_rates_id_23446,10,1,0.0,VAT-on-Item,Taxes,0.0,Jinasena_MasterData_Purchase.tariff_date_id_983,Jinasena_MasterData_Purchase.misc_charge_codes_vat_on_item_157,0.0,Jinasena_MasterData_Common.res_company_jinasena_agricultural_machinery_pvt_ltd
tariff_rates_id_23447,10,1,0.0,VAT-on-GL,Taxes,0.0,Jinasena_MasterData_Purchase.tariff_date_id_983,Jinasena_MasterData_Purchase.misc_charge_codes_vat_on_gl_158,0.0,Jinasena_MasterData_Common.res_company_jinasena_agricultural_machinery_pvt_ltd
tariff_rates_id_23448,10,1,0.0,SSCL,Taxes,0.0,Jinasena_MasterData_Purchase.tariff_date_id_983,Jinasena_MasterData_Purchase.misc_charge_codes_sscl_159,0.0,Jinasena_MasterData_Common.res_company_jinasena_agricultural_machinery_pvt_ltd
tariff_rates_id_23449,10,1,0.0,CID,Duty,0.0,Jinasena_MasterData_Purchase.tariff_date_id_984,Jinasena_MasterData_Purchase.misc_charge_codes_cid_119,0.0,Jinasena_MasterData_Common.res_company_jinasena_agricultural_machinery_pvt_ltd
tariff_rates_id_23450,10,1,0.0,EIC,Duty,0.0,Jinasena_MasterData_Purchase.tariff_date_id_984,Jinasena_MasterData_Purchase.misc_charge_codes_eic_120,0.0,Jinasena_MasterData_Common.res_company_jinasena_agricultural_machinery_pvt_ltd
tariff_rates_id_23451,10,1,0.0,ESC,Duty,0.0,Jinasena_MasterData_Purchase.tariff_date_id_984,Jinasena_MasterData_Purchase.misc_charge_codes_esc_121,0.0,Jinasena_MasterData_Common.res_company_jinasena_agricultural_machinery_pvt_ltd
tariff_rates_id_23452,10,1,0.0,Excise,Duty,0.0,Jinasena_MasterData_Purchase.tariff_date_id_984,Jinasena_MasterData_Purchase.misc_charge_codes_excise_122,0.0,Jinasena_MasterData_Common.res_company_jinasena_agricultural_machinery_pvt_ltd
tariff_rates_id_23453,10,1,0.0,PAL,Duty,0.0,Jinasena_MasterData_Purchase.tariff_date_id_984,Jinasena_MasterData_Purchase.misc_charge_codes_pal_123,0.0,Jinasena_MasterData_Common.res_company_jinasena_agricultural_machinery_pvt_ltd
tariff_rates_id_23454,10,1,0.0,RIDL,Duty,0.0,Jinasena_MasterData_Purchase.tariff_date_id_984,Jinasena_MasterData_Purchase.misc_charge_codes_ridl_124,0.0,Jinasena_MasterData_Common.res_company_jinasena_agricultural_machinery_pvt_ltd
tariff_rates_id_23455,10,1,0.0,SRL,Duty,0.0,Jinasena_MasterData_Purchase.tariff_date_id_984,Jinasena_MasterData_Purchase.misc_charge_codes_srl_125,0.0,Jinasena_MasterData_Common.res_company_jinasena_agricultural_machinery_pvt_ltd
tariff_rates_id_23456,10,1,0.0,Surcharge,Duty,0.0,Jinasena_MasterData_Purchase.tariff_date_id_984,Jinasena_MasterData_Purchase.misc_charge_codes_surcharge_126,0.0,Jinasena_MasterData_Common.res_company_jinasena_agricultural_machinery_pvt_ltd
tariff_rates_id_23457,10,1,0.0,NBT,Taxes,0.0,Jinasena_MasterData_Purchase.tariff_date_id_984,Jinasena_MasterData_Purchase.misc_charge_codes_nbt_155,0.0,Jinasena_MasterData_Common.res_company_jinasena_agricultural_machinery_pvt_ltd
tariff_rates_id_23458,10,1,0.0,NBT-N,Taxes,0.0,Jinasena_MasterData_Purchase.tariff_date_id_984,Jinasena_MasterData_Purchase.misc_charge_codes_nbt_n_156,0.0,Jinasena_MasterData_Common.res_company_jinasena_agricultural_machinery_pvt_ltd
tariff_rates_id_23459,10,1,0.0,VAT-on-Item,Taxes,0.0,Jinasena_MasterData_Purchase.tariff_date_id_984,Jinasena_MasterData_Purchase.misc_charge_codes_vat_on_item_157,0.0,Jinasena_MasterData_Common.res_company_jinasena_agricultural_machinery_pvt_ltd
tariff_rates_id_23460,10,1,0.0,VAT-on-GL,Taxes,0.0,Jinasena_MasterData_Purchase.tariff_date_id_984,Jinasena_MasterData_Purchase.misc_charge_codes_vat_on_gl_158,0.0,Jinasena_MasterData_Common.res_company_jinasena_agricultural_machinery_pvt_ltd
tariff_rates_id_23461,10,1,0.0,SSCL,Taxes,0.0,Jinasena_MasterData_Purchase.tariff_date_id_984,Jinasena_MasterData_Purchase.misc_charge_codes_sscl_159,0.0,Jinasena_MasterData_Common.res_company_jinasena_agricultural_machinery_pvt_ltd
tariff_rates_id_23462,10,1,0.0,CID,Duty,0.0,Jinasena_MasterData_Purchase.tariff_date_id_985,Jinasena_MasterData_Purchase.misc_charge_codes_cid_119,0.0,Jinasena_MasterData_Common.res_company_jinasena_agricultural_machinery_pvt_ltd
tariff_rates_id_23463,10,1,0.0,EIC,Duty,0.0,Jinasena_MasterData_Purchase.tariff_date_id_985,Jinasena_MasterData_Purchase.misc_charge_codes_eic_120,0.0,Jinasena_MasterData_Common.res_company_jinasena_agricultural_machinery_pvt_ltd
tariff_rates_id_23464,10,1,0.0,ESC,Duty,0.0,Jinasena_MasterData_Purchase.tariff_date_id_985,Jinasena_MasterData_Purchase.misc_charge_codes_esc_121,0.0,Jinasena_MasterData_Common.res_company_jinasena_agricultural_machinery_pvt_ltd
tariff_rates_id_23465,10,1,0.0,Excise,Duty,0.0,Jinasena_MasterData_Purchase.tariff_date_id_985,Jinasena_MasterData_Purchase.misc_charge_codes_excise_122,0.0,Jinasena_MasterData_Common.res_company_jinasena_agricultural_machinery_pvt_ltd
tariff_rates_id_23466,10,1,0.0,PAL,Duty,0.0,Jinasena_MasterData_Purchase.tariff_date_id_985,Jinasena_MasterData_Purchase.misc_charge_codes_pal_123,0.0,Jinasena_MasterData_Common.res_company_jinasena_agricultural_machinery_pvt_ltd
tariff_rates_id_23467,10,1,0.0,RIDL,Duty,0.0,Jinasena_MasterData_Purchase.tariff_date_id_985,Jinasena_MasterData_Purchase.misc_charge_codes_ridl_124,0.0,Jinasena_MasterData_Common.res_company_jinasena_agricultural_machinery_pvt_ltd
tariff_rates_id_23468,10,1,0.0,SRL,Duty,0.0,Jinasena_MasterData_Purchase.tariff_date_id_985,Jinasena_MasterData_Purchase.misc_charge_codes_srl_125,0.0,Jinasena_MasterData_Common.res_company_jinasena_agricultural_machinery_pvt_ltd
tariff_rates_id_23469,10,1,0.0,Surcharge,Duty,0.0,Jinasena_MasterData_Purchase.tariff_date_id_985,Jinasena_MasterData_Purchase.misc_charge_codes_surcharge_126,0.0,Jinasena_MasterData_Common.res_company_jinasena_agricultural_machinery_pvt_ltd
tariff_rates_id_23470,10,1,0.0,NBT,Taxes,0.0,Jinasena_MasterData_Purchase.tariff_date_id_985,Jinasena_MasterData_Purchase.misc_charge_codes_nbt_155,0.0,Jinasena_MasterData_Common.res_company_jinasena_agricultural_machinery_pvt_ltd
tariff_rates_id_23471,10,1,0.0,NBT-N,Taxes,0.0,Jinasena_MasterData_Purchase.tariff_date_id_985,Jinasena_MasterData_Purchase.misc_charge_codes_nbt_n_156,0.0,Jinasena_MasterData_Common.res_company_jinasena_agricultural_machinery_pvt_ltd
tariff_rates_id_23472,10,1,0.0,VAT-on-Item,Taxes,0.0,Jinasena_MasterData_Purchase.tariff_date_id_985,Jinasena_MasterData_Purchase.misc_charge_codes_vat_on_item_157,0.0,Jinasena_MasterData_Common.res_company_jinasena_agricultural_machinery_pvt_ltd
tariff_rates_id_23473,10,1,0.0,VAT-on-GL,Taxes,0.0,Jinasena_MasterData_Purchase.tariff_date_id_985,Jinasena_MasterData_Purchase.misc_charge_codes_vat_on_gl_158,0.0,Jinasena_MasterData_Common.res_company_jinasena_agricultural_machinery_pvt_ltd
tariff_rates_id_23474,10,1,0.0,SSCL,Taxes,0.0,Jinasena_MasterData_Purchase.tariff_date_id_985,Jinasena_MasterData_Purchase.misc_charge_codes_sscl_159,0.0,Jinasena_MasterData_Common.res_company_jinasena_agricultural_machinery_pvt_ltd
tariff_rates_id_23475,10,1,0.0,CID,Duty,0.0,Jinasena_MasterData_Purchase.tariff_date_id_986,Jinasena_MasterData_Purchase.misc_charge_codes_cid_119,0.0,Jinasena_MasterData_Common.res_company_jinasena_agricultural_machinery_pvt_ltd
tariff_rates_id_23476,10,1,0.0,EIC,Duty,0.0,Jinasena_MasterData_Purchase.tariff_date_id_986,Jinasena_MasterData_Purchase.misc_charge_codes_eic_120,0.0,Jinasena_MasterData_Common.res_company_jinasena_agricultural_machinery_pvt_ltd
tariff_rates_id_23477,10,1,0.0,ESC,Duty,0.0,Jinasena_MasterData_Purchase.tariff_date_id_986,Jinasena_MasterData_Purchase.misc_charge_codes_esc_121,0.0,Jinasena_MasterData_Common.res_company_jinasena_agricultural_machinery_pvt_ltd
tariff_rates_id_23478,10,1,0.0,Excise,Duty,0.0,Jinasena_MasterData_Purchase.tariff_date_id_986,Jinasena_MasterData_Purchase.misc_charge_codes_excise_122,0.0,Jinasena_MasterData_Common.res_company_jinasena_agricultural_machinery_pvt_ltd
tariff_rates_id_23479,10,1,0.0,PAL,Duty,0.0,Jinasena_MasterData_Purchase.tariff_date_id_986,Jinasena_MasterData_Purchase.misc_charge_codes_pal_123,0.0,Jinasena_MasterData_Common.res_company_jinasena_agricultural_machinery_pvt_ltd
tariff_rates_id_23480,10,1,0.0,RIDL,Duty,0.0,Jinasena_MasterData_Purchase.tariff_date_id_986,Jinasena_MasterData_Purchase.misc_charge_codes_ridl_124,0.0,Jinasena_MasterData_Common.res_company_jinasena_agricultural_machinery_pvt_ltd
tariff_rates_id_23481,10,1,0.0,SRL,Duty,0.0,Jinasena_MasterData_Purchase.tariff_date_id_986,Jinasena_MasterData_Purchase.misc_charge_codes_srl_125,0.0,Jinasena_MasterData_Common.res_company_jinasena_agricultural_machinery_pvt_ltd
tariff_rates_id_23482,10,1,0.0,Surcharge,Duty,0.0,Jinasena_MasterData_Purchase.tariff_date_id_986,Jinasena_MasterData_Purchase.misc_charge_codes_surcharge_126,0.0,Jinasena_MasterData_Common.res_company_jinasena_agricultural_machinery_pvt_ltd
tariff_rates_id_23483,10,1,0.0,NBT,Taxes,0.0,Jinasena_MasterData_Purchase.tariff_date_id_986,Jinasena_MasterData_Purchase.misc_charge_codes_nbt_155,0.0,Jinasena_MasterData_Common.res_company_jinasena_agricultural_machinery_pvt_ltd
tariff_rates_id_23484,10,1,0.0,NBT-N,Taxes,0.0,Jinasena_MasterData_Purchase.tariff_date_id_986,Jinasena_MasterData_Purchase.misc_charge_codes_nbt_n_156,0.0,Jinasena_MasterData_Common.res_company_jinasena_agricultural_machinery_pvt_ltd
tariff_rates_id_23485,10,1,0.0,VAT-on-Item,Taxes,0.0,Jinasena_MasterData_Purchase.tariff_date_id_986,Jinasena_MasterData_Purchase.misc_charge_codes_vat_on_item_157,0.0,Jinasena_MasterData_Common.res_company_jinasena_agricultural_machinery_pvt_ltd
tariff_rates_id_23486,10,1,0.0,VAT-on-GL,Taxes,0.0,Jinasena_MasterData_Purchase.tariff_date_id_986,Jinasena_MasterData_Purchase.misc_charge_codes_vat_on_gl_158,0.0,Jinasena_MasterData_Common.res_company_jinasena_agricultural_machinery_pvt_ltd
tariff_rates_id_23487,10,1,0.0,SSCL,Taxes,0.0,Jinasena_MasterData_Purchase.tariff_date_id_986,Jinasena_MasterData_Purchase.misc_charge_codes_sscl_159,0.0,Jinasena_MasterData_Common.res_company_jinasena_agricultural_machinery_pvt_ltd
tariff_rates_id_23488,10,1,0.0,CID,Duty,0.0,Jinasena_MasterData_Purchase.tariff_date_id_987,Jinasena_MasterData_Purchase.misc_charge_codes_cid_119,0.0,Jinasena_MasterData_Common.res_company_jinasena_agricultural_machinery_pvt_ltd
tariff_rates_id_23489,10,1,0.0,EIC,Duty,0.0,Jinasena_MasterData_Purchase.tariff_date_id_987,Jinasena_MasterData_Purchase.misc_charge_codes_eic_120,0.0,Jinasena_MasterData_Common.res_company_jinasena_agricultural_machinery_pvt_ltd
tariff_rates_id_23490,10,1,0.0,ESC,Duty,0.0,Jinasena_MasterData_Purchase.tariff_date_id_987,Jinasena_MasterData_Purchase.misc_charge_codes_esc_121,0.0,Jinasena_MasterData_Common.res_company_jinasena_agricultural_machinery_pvt_ltd
tariff_rates_id_23491,10,1,0.0,Excise,Duty,0.0,Jinasena_MasterData_Purchase.tariff_date_id_987,Jinasena_MasterData_Purchase.misc_charge_codes_excise_122,0.0,Jinasena_MasterData_Common.res_company_jinasena_agricultural_machinery_pvt_ltd
tariff_rates_id_23492,10,1,0.0,PAL,Duty,0.0,Jinasena_MasterData_Purchase.tariff_date_id_987,Jinasena_MasterData_Purchase.misc_charge_codes_pal_123,0.0,Jinasena_MasterData_Common.res_company_jinasena_agricultural_machinery_pvt_ltd
tariff_rates_id_23493,10,1,0.0,RIDL,Duty,0.0,Jinasena_MasterData_Purchase.tariff_date_id_987,Jinasena_MasterData_Purchase.misc_charge_codes_ridl_124,0.0,Jinasena_MasterData_Common.res_company_jinasena_agricultural_machinery_pvt_ltd
tariff_rates_id_23494,10,1,0.0,SRL,Duty,0.0,Jinasena_MasterData_Purchase.tariff_date_id_987,Jinasena_MasterData_Purchase.misc_charge_codes_srl_125,0.0,Jinasena_MasterData_Common.res_company_jinasena_agricultural_machinery_pvt_ltd
tariff_rates_id_23495,10,1,0.0,Surcharge,Duty,0.0,Jinasena_MasterData_Purchase.tariff_date_id_987,Jinasena_MasterData_Purchase.misc_charge_codes_surcharge_126,0.0,Jinasena_MasterData_Common.res_company_jinasena_agricultural_machinery_pvt_ltd
tariff_rates_id_23496,10,1,0.0,NBT,Taxes,0.0,Jinasena_MasterData_Purchase.tariff_date_id_987,Jinasena_MasterData_Purchase.misc_charge_codes_nbt_155,0.0,Jinasena_MasterData_Common.res_company_jinasena_agricultural_machinery_pvt_ltd
tariff_rates_id_23497,10,1,0.0,NBT-N,Taxes,0.0,Jinasena_MasterData_Purchase.tariff_date_id_987,Jinasena_MasterData_Purchase.misc_charge_codes_nbt_n_156,0.0,Jinasena_MasterData_Common.res_company_jinasena_agricultural_machinery_pvt_ltd
tariff_rates_id_23498,10,1,0.0,VAT-on-Item,Taxes,0.0,Jinasena_MasterData_Purchase.tariff_date_id_987,Jinasena_MasterData_Purchase.misc_charge_codes_vat_on_item_157,0.0,Jinasena_MasterData_Common.res_company_jinasena_agricultural_machinery_pvt_ltd
tariff_rates_id_23499,10,1,0.0,VAT-on-GL,Taxes,0.0,Jinasena_MasterData_Purchase.tariff_date_id_987,Jinasena_MasterData_Purchase.misc_charge_codes_vat_on_gl_158,0.0,Jinasena_MasterData_Common.res_company_jinasena_agricultural_machinery_pvt_ltd
tariff_rates_id_23500,10,1,0.0,SSCL,Taxes,0.0,Jinasena_MasterData_Purchase.tariff_date_id_987,Jinasena_MasterData_Purchase.misc_charge_codes_sscl_159,0.0,Jinasena_MasterData_Common.res_company_jinasena_agricultural_machinery_pvt_ltd
tariff_rates_id_23501,10,1,0.0,CID,Duty,0.0,Jinasena_MasterData_Purchase.tariff_date_id_988,Jinasena_MasterData_Purchase.misc_charge_codes_cid_119,0.0,Jinasena_MasterData_Common.res_company_jinasena_agricultural_machinery_pvt_ltd
tariff_rates_id_23502,10,1,0.0,EIC,Duty,0.0,Jinasena_MasterData_Purchase.tariff_date_id_988,Jinasena_MasterData_Purchase.misc_charge_codes_eic_120,0.0,Jinasena_MasterData_Common.res_company_jinasena_agricultural_machinery_pvt_ltd
tariff_rates_id_23503,10,1,0.0,ESC,Duty,0.0,Jinasena_MasterData_Purchase.tariff_date_id_988,Jinasena_MasterData_Purchase.misc_charge_codes_esc_121,0.0,Jinasena_MasterData_Common.res_company_jinasena_agricultural_machinery_pvt_ltd
tariff_rates_id_23504,10,1,0.0,Excise,Duty,0.0,Jinasena_MasterData_Purchase.tariff_date_id_988,Jinasena_MasterData_Purchase.misc_charge_codes_excise_122,0.0,Jinasena_MasterData_Common.res_company_jinasena_agricultural_machinery_pvt_ltd
tariff_rates_id_23505,10,1,0.0,PAL,Duty,0.0,Jinasena_MasterData_Purchase.tariff_date_id_988,Jinasena_MasterData_Purchase.misc_charge_codes_pal_123,0.0,Jinasena_MasterData_Common.res_company_jinasena_agricultural_machinery_pvt_ltd
tariff_rates_id_23506,10,1,0.0,RIDL,Duty,0.0,Jinasena_MasterData_Purchase.tariff_date_id_988,Jinasena_MasterData_Purchase.misc_charge_codes_ridl_124,0.0,Jinasena_MasterData_Common.res_company_jinasena_agricultural_machinery_pvt_ltd
tariff_rates_id_23507,10,1,0.0,SRL,Duty,0.0,Jinasena_MasterData_Purchase.tariff_date_id_988,Jinasena_MasterData_Purchase.misc_charge_codes_srl_125,0.0,Jinasena_MasterData_Common.res_company_jinasena_agricultural_machinery_pvt_ltd
tariff_rates_id_23508,10,1,0.0,Surcharge,Duty,0.0,Jinasena_MasterData_Purchase.tariff_date_id_988,Jinasena_MasterData_Purchase.misc_charge_codes_surcharge_126,0.0,Jinasena_MasterData_Common.res_company_jinasena_agricultural_machinery_pvt_ltd
tariff_rates_id_23509,10,1,0.0,NBT,Taxes,0.0,Jinasena_MasterData_Purchase.tariff_date_id_988,Jinasena_MasterData_Purchase.misc_charge_codes_nbt_155,0.0,Jinasena_MasterData_Common.res_company_jinasena_agricultural_machinery_pvt_ltd
tariff_rates_id_23510,10,1,0.0,NBT-N,Taxes,0.0,Jinasena_MasterData_Purchase.tariff_date_id_988,Jinasena_MasterData_Purchase.misc_charge_codes_nbt_n_156,0.0,Jinasena_MasterData_Common.res_company_jinasena_agricultural_machinery_pvt_ltd
tariff_rates_id_23511,10,1,0.0,VAT-on-Item,Taxes,0.0,Jinasena_MasterData_Purchase.tariff_date_id_988,Jinasena_MasterData_Purchase.misc_charge_codes_vat_on_item_157,0.0,Jinasena_MasterData_Common.res_company_jinasena_agricultural_machinery_pvt_ltd
tariff_rates_id_23512,10,1,0.0,VAT-on-GL,Taxes,0.0,Jinasena_MasterData_Purchase.tariff_date_id_988,Jinasena_MasterData_Purchase.misc_charge_codes_vat_on_gl_158,0.0,Jinasena_MasterData_Common.res_company_jinasena_agricultural_machinery_pvt_ltd
tariff_rates_id_23513,10,1,0.0,SSCL,Taxes,0.0,Jinasena_MasterData_Purchase.tariff_date_id_988,Jinasena_MasterData_Purchase.misc_charge_codes_sscl_159,0.0,Jinasena_MasterData_Common.res_company_jinasena_agricultural_machinery_pvt_ltd
tariff_rates_id_23514,10,1,0.0,CID,Duty,0.0,Jinasena_MasterData_Purchase.tariff_date_id_989,Jinasena_MasterData_Purchase.misc_charge_codes_cid_119,0.0,Jinasena_MasterData_Common.res_company_jinasena_agricultural_machinery_pvt_ltd
tariff_rates_id_23515,10,1,0.0,EIC,Duty,0.0,Jinasena_MasterData_Purchase.tariff_date_id_989,Jinasena_MasterData_Purchase.misc_charge_codes_eic_120,0.0,Jinasena_MasterData_Common.res_company_jinasena_agricultural_machinery_pvt_ltd
tariff_rates_id_23516,10,1,0.0,ESC,Duty,0.0,Jinasena_MasterData_Purchase.tariff_date_id_989,Jinasena_MasterData_Purchase.misc_charge_codes_esc_121,0.0,Jinasena_MasterData_Common.res_company_jinasena_agricultural_machinery_pvt_ltd
tariff_rates_id_23517,10,1,0.0,Excise,Duty,0.0,Jinasena_MasterData_Purchase.tariff_date_id_989,Jinasena_MasterData_Purchase.misc_charge_codes_excise_122,0.0,Jinasena_MasterData_Common.res_company_jinasena_agricultural_machinery_pvt_ltd
tariff_rates_id_23518,10,1,0.0,PAL,Duty,0.0,Jinasena_MasterData_Purchase.tariff_date_id_989,Jinasena_MasterData_Purchase.misc_charge_codes_pal_123,0.0,Jinasena_MasterData_Common.res_company_jinasena_agricultural_machinery_pvt_ltd
tariff_rates_id_23519,10,1,0.0,RIDL,Duty,0.0,Jinasena_MasterData_Purchase.tariff_date_id_989,Jinasena_MasterData_Purchase.misc_charge_codes_ridl_124,0.0,Jinasena_MasterData_Common.res_company_jinasena_agricultural_machinery_pvt_ltd
tariff_rates_id_23520,10,1,0.0,SRL,Duty,0.0,Jinasena_MasterData_Purchase.tariff_date_id_989,Jinasena_MasterData_Purchase.misc_charge_codes_srl_125,0.0,Jinasena_MasterData_Common.res_company_jinasena_agricultural_machinery_pvt_ltd
tariff_rates_id_23521,10,1,0.0,Surcharge,Duty,0.0,Jinasena_MasterData_Purchase.tariff_date_id_989,Jinasena_MasterData_Purchase.misc_charge_codes_surcharge_126,0.0,Jinasena_MasterData_Common.res_company_jinasena_agricultural_machinery_pvt_ltd
tariff_rates_id_23522,10,1,0.0,NBT,Taxes,0.0,Jinasena_MasterData_Purchase.tariff_date_id_989,Jinasena_MasterData_Purchase.misc_charge_codes_nbt_155,0.0,Jinasena_MasterData_Common.res_company_jinasena_agricultural_machinery_pvt_ltd
tariff_rates_id_23523,10,1,0.0,NBT-N,Taxes,0.0,Jinasena_MasterData_Purchase.tariff_date_id_989,Jinasena_MasterData_Purchase.misc_charge_codes_nbt_n_156,0.0,Jinasena_MasterData_Common.res_company_jinasena_agricultural_machinery_pvt_ltd
tariff_rates_id_23524,10,1,0.0,VAT-on-Item,Taxes,0.0,Jinasena_MasterData_Purchase.tariff_date_id_989,Jinasena_MasterData_Purchase.misc_charge_codes_vat_on_item_157,0.0,Jinasena_MasterData_Common.res_company_jinasena_agricultural_machinery_pvt_ltd
tariff_rates_id_23525,10,1,0.0,VAT-on-GL,Taxes,0.0,Jinasena_MasterData_Purchase.tariff_date_id_989,Jinasena_MasterData_Purchase.misc_charge_codes_vat_on_gl_158,0.0,Jinasena_MasterData_Common.res_company_jinasena_agricultural_machinery_pvt_ltd
tariff_rates_id_23526,10,1,0.0,SSCL,Taxes,0.0,Jinasena_MasterData_Purchase.tariff_date_id_989,Jinasena_MasterData_Purchase.misc_charge_codes_sscl_159,0.0,Jinasena_MasterData_Common.res_company_jinasena_agricultural_machinery_pvt_ltd
tariff_rates_id_23527,10,1,0.0,CID,Duty,0.0,Jinasena_MasterData_Purchase.tariff_date_id_990,Jinasena_MasterData_Purchase.misc_charge_codes_cid_119,0.0,Jinasena_MasterData_Common.res_company_jinasena_agricultural_machinery_pvt_ltd
tariff_rates_id_23528,10,1,0.0,EIC,Duty,0.0,Jinasena_MasterData_Purchase.tariff_date_id_990,Jinasena_MasterData_Purchase.misc_charge_codes_eic_120,0.0,Jinasena_MasterData_Common.res_company_jinasena_agricultural_machinery_pvt_ltd
tariff_rates_id_23529,10,1,0.0,ESC,Duty,0.0,Jinasena_MasterData_Purchase.tariff_date_id_990,Jinasena_MasterData_Purchase.misc_charge_codes_esc_121,0.0,Jinasena_MasterData_Common.res_company_jinasena_agricultural_machinery_pvt_ltd
tariff_rates_id_23530,10,1,0.0,Excise,Duty,0.0,Jinasena_MasterData_Purchase.tariff_date_id_990,Jinasena_MasterData_Purchase.misc_charge_codes_excise_122,0.0,Jinasena_MasterData_Common.res_company_jinasena_agricultural_machinery_pvt_ltd
tariff_rates_id_23531,10,1,0.0,PAL,Duty,0.0,Jinasena_MasterData_Purchase.tariff_date_id_990,Jinasena_MasterData_Purchase.misc_charge_codes_pal_123,0.0,Jinasena_MasterData_Common.res_company_jinasena_agricultural_machinery_pvt_ltd
tariff_rates_id_23532,10,1,0.0,RIDL,Duty,0.0,Jinasena_MasterData_Purchase.tariff_date_id_990,Jinasena_MasterData_Purchase.misc_charge_codes_ridl_124,0.0,Jinasena_MasterData_Common.res_company_jinasena_agricultural_machinery_pvt_ltd
tariff_rates_id_23533,10,1,0.0,SRL,Duty,0.0,Jinasena_MasterData_Purchase.tariff_date_id_990,Jinasena_MasterData_Purchase.misc_charge_codes_srl_125,0.0,Jinasena_MasterData_Common.res_company_jinasena_agricultural_machinery_pvt_ltd
tariff_rates_id_23534,10,1,0.0,Surcharge,Duty,0.0,Jinasena_MasterData_Purchase.tariff_date_id_990,Jinasena_MasterData_Purchase.misc_charge_codes_surcharge_126,0.0,Jinasena_MasterData_Common.res_company_jinasena_agricultural_machinery_pvt_ltd
tariff_rates_id_23535,10,1,0.0,NBT,Taxes,0.0,Jinasena_MasterData_Purchase.tariff_date_id_990,Jinasena_MasterData_Purchase.misc_charge_codes_nbt_155,0.0,Jinasena_MasterData_Common.res_company_jinasena_agricultural_machinery_pvt_ltd
tariff_rates_id_23536,10,1,0.0,NBT-N,Taxes,0.0,Jinasena_MasterData_Purchase.tariff_date_id_990,Jinasena_MasterData_Purchase.misc_charge_codes_nbt_n_156,0.0,Jinasena_MasterData_Common.res_company_jinasena_agricultural_machinery_pvt_ltd
tariff_rates_id_23537,10,1,0.0,VAT-on-Item,Taxes,0.0,Jinasena_MasterData_Purchase.tariff_date_id_990,Jinasena_MasterData_Purchase.misc_charge_codes_vat_on_item_157,0.0,Jinasena_MasterData_Common.res_company_jinasena_agricultural_machinery_pvt_ltd
tariff_rates_id_23538,10,1,0.0,VAT-on-GL,Taxes,0.0,Jinasena_MasterData_Purchase.tariff_date_id_990,Jinasena_MasterData_Purchase.misc_charge_codes_vat_on_gl_158,0.0,Jinasena_MasterData_Common.res_company_jinasena_agricultural_machinery_pvt_ltd
tariff_rates_id_23539,10,1,0.0,SSCL,Taxes,0.0,Jinasena_MasterData_Purchase.tariff_date_id_990,Jinasena_MasterData_Purchase.misc_charge_codes_sscl_159,0.0,Jinasena_MasterData_Common.res_company_jinasena_agricultural_machinery_pvt_ltd
tariff_rates_id_23540,10,1,0.0,CID,Duty,0.0,Jinasena_MasterData_Purchase.tariff_date_id_991,Jinasena_MasterData_Purchase.misc_charge_codes_cid_119,0.0,Jinasena_MasterData_Common.res_company_jinasena_agricultural_machinery_pvt_ltd
tariff_rates_id_23541,10,1,0.0,EIC,Duty,0.0,Jinasena_MasterData_Purchase.tariff_date_id_991,Jinasena_MasterData_Purchase.misc_charge_codes_eic_120,0.0,Jinasena_MasterData_Common.res_company_jinasena_agricultural_machinery_pvt_ltd
tariff_rates_id_23542,10,1,0.0,ESC,Duty,0.0,Jinasena_MasterData_Purchase.tariff_date_id_991,Jinasena_MasterData_Purchase.misc_charge_codes_esc_121,0.0,Jinasena_MasterData_Common.res_company_jinasena_agricultural_machinery_pvt_ltd
tariff_rates_id_23543,10,1,0.0,Excise,Duty,0.0,Jinasena_MasterData_Purchase.tariff_date_id_991,Jinasena_MasterData_Purchase.misc_charge_codes_excise_122,0.0,Jinasena_MasterData_Common.res_company_jinasena_agricultural_machinery_pvt_ltd
tariff_rates_id_23544,10,1,0.0,PAL,Duty,0.0,Jinasena_MasterData_Purchase.tariff_date_id_991,Jinasena_MasterData_Purchase.misc_charge_codes_pal_123,0.0,Jinasena_MasterData_Common.res_company_jinasena_agricultural_machinery_pvt_ltd
tariff_rates_id_23545,10,1,0.0,RIDL,Duty,0.0,Jinasena_MasterData_Purchase.tariff_date_id_991,Jinasena_MasterData_Purchase.misc_charge_codes_ridl_124,0.0,Jinasena_MasterData_Common.res_company_jinasena_agricultural_machinery_pvt_ltd
tariff_rates_id_23546,10,1,0.0,SRL,Duty,0.0,Jinasena_MasterData_Purchase.tariff_date_id_991,Jinasena_MasterData_Purchase.misc_charge_codes_srl_125,0.0,Jinasena_MasterData_Common.res_company_jinasena_agricultural_machinery_pvt_ltd
tariff_rates_id_23547,10,1,0.0,Surcharge,Duty,0.0,Jinasena_MasterData_Purchase.tariff_date_id_991,Jinasena_MasterData_Purchase.misc_charge_codes_surcharge_126,0.0,Jinasena_MasterData_Common.res_company_jinasena_agricultural_machinery_pvt_ltd
tariff_rates_id_23548,10,1,0.0,NBT,Taxes,0.0,Jinasena_MasterData_Purchase.tariff_date_id_991,Jinasena_MasterData_Purchase.misc_charge_codes_nbt_155,0.0,Jinasena_MasterData_Common.res_company_jinasena_agricultural_machinery_pvt_ltd
tariff_rates_id_23549,10,1,0.0,NBT-N,Taxes,0.0,Jinasena_MasterData_Purchase.tariff_date_id_991,Jinasena_MasterData_Purchase.misc_charge_codes_nbt_n_156,0.0,Jinasena_MasterData_Common.res_company_jinasena_agricultural_machinery_pvt_ltd
tariff_rates_id_23550,10,1,0.0,VAT-on-Item,Taxes,0.0,Jinasena_MasterData_Purchase.tariff_date_id_991,Jinasena_MasterData_Purchase.misc_charge_codes_vat_on_item_157,0.0,Jinasena_MasterData_Common.res_company_jinasena_agricultural_machinery_pvt_ltd
tariff_rates_id_23551,10,1,0.0,VAT-on-GL,Taxes,0.0,Jinasena_MasterData_Purchase.tariff_date_id_991,Jinasena_MasterData_Purchase.misc_charge_codes_vat_on_gl_158,0.0,Jinasena_MasterData_Common.res_company_jinasena_agricultural_machinery_pvt_ltd
tariff_rates_id_23552,10,1,0.0,SSCL,Taxes,0.0,Jinasena_MasterData_Purchase.tariff_date_id_991,Jinasena_MasterData_Purchase.misc_charge_codes_sscl_159,0.0,Jinasena_MasterData_Common.res_company_jinasena_agricultural_machinery_pvt_ltd
tariff_rates_id_23553,10,1,0.0,CID,Duty,0.0,Jinasena_MasterData_Purchase.tariff_date_id_992,Jinasena_MasterData_Purchase.misc_charge_codes_cid_119,0.0,Jinasena_MasterData_Common.res_company_jinasena_agricultural_machinery_pvt_ltd
tariff_rates_id_23554,10,1,0.0,EIC,Duty,0.0,Jinasena_MasterData_Purchase.tariff_date_id_992,Jinasena_MasterData_Purchase.misc_charge_codes_eic_120,0.0,Jinasena_MasterData_Common.res_company_jinasena_agricultural_machinery_pvt_ltd
tariff_rates_id_23555,10,1,0.0,ESC,Duty,0.0,Jinasena_MasterData_Purchase.tariff_date_id_992,Jinasena_MasterData_Purchase.misc_charge_codes_esc_121,0.0,Jinasena_MasterData_Common.res_company_jinasena_agricultural_machinery_pvt_ltd
tariff_rates_id_23556,10,1,0.0,Excise,Duty,0.0,Jinasena_MasterData_Purchase.tariff_date_id_992,Jinasena_MasterData_Purchase.misc_charge_codes_excise_122,0.0,Jinasena_MasterData_Common.res_company_jinasena_agricultural_machinery_pvt_ltd
tariff_rates_id_23557,10,1,0.0,PAL,Duty,0.0,Jinasena_MasterData_Purchase.tariff_date_id_992,Jinasena_MasterData_Purchase.misc_charge_codes_pal_123,0.0,Jinasena_MasterData_Common.res_company_jinasena_agricultural_machinery_pvt_ltd
tariff_rates_id_23558,10,1,0.0,RIDL,Duty,0.0,Jinasena_MasterData_Purchase.tariff_date_id_992,Jinasena_MasterData_Purchase.misc_charge_codes_ridl_124,0.0,Jinasena_MasterData_Common.res_company_jinasena_agricultural_machinery_pvt_ltd
tariff_rates_id_23559,10,1,0.0,SRL,Duty,0.0,Jinasena_MasterData_Purchase.tariff_date_id_992,Jinasena_MasterData_Purchase.misc_charge_codes_srl_125,0.0,Jinasena_MasterData_Common.res_company_jinasena_agricultural_machinery_pvt_ltd
tariff_rates_id_23560,10,1,0.0,Surcharge,Duty,0.0,Jinasena_MasterData_Purchase.tariff_date_id_992,Jinasena_MasterData_Purchase.misc_charge_codes_surcharge_126,0.0,Jinasena_MasterData_Common.res_company_jinasena_agricultural_machinery_pvt_ltd
tariff_rates_id_23561,10,1,0.0,NBT,Taxes,0.0,Jinasena_MasterData_Purchase.tariff_date_id_992,Jinasena_MasterData_Purchase.misc_charge_codes_nbt_155,0.0,Jinasena_MasterData_Common.res_company_jinasena_agricultural_machinery_pvt_ltd
tariff_rates_id_23562,10,1,0.0,NBT-N,Taxes,0.0,Jinasena_MasterData_Purchase.tariff_date_id_992,Jinasena_MasterData_Purchase.misc_charge_codes_nbt_n_156,0.0,Jinasena_MasterData_Common.res_company_jinasena_agricultural_machinery_pvt_ltd
tariff_rates_id_23563,10,1,0.0,VAT-on-Item,Taxes,0.0,Jinasena_MasterData_Purchase.tariff_date_id_992,Jinasena_MasterData_Purchase.misc_charge_codes_vat_on_item_157,0.0,Jinasena_MasterData_Common.res_company_jinasena_agricultural_machinery_pvt_ltd
tariff_rates_id_23564,10,1,0.0,VAT-on-GL,Taxes,0.0,Jinasena_MasterData_Purchase.tariff_date_id_992,Jinasena_MasterData_Purchase.misc_charge_codes_vat_on_gl_158,0.0,Jinasena_MasterData_Common.res_company_jinasena_agricultural_machinery_pvt_ltd
tariff_rates_id_23565,10,1,0.0,SSCL,Taxes,0.0,Jinasena_MasterData_Purchase.tariff_date_id_992,Jinasena_MasterData_Purchase.misc_charge_codes_sscl_159,0.0,Jinasena_MasterData_Common.res_company_jinasena_agricultural_machinery_pvt_ltd
tariff_rates_id_23566,10,1,0.0,CID,Duty,0.0,Jinasena_MasterData_Purchase.tariff_date_id_993,Jinasena_MasterData_Purchase.misc_charge_codes_cid_119,0.0,Jinasena_MasterData_Common.res_company_jinasena_agricultural_machinery_pvt_ltd
tariff_rates_id_23567,10,1,0.0,EIC,Duty,0.0,Jinasena_MasterData_Purchase.tariff_date_id_993,Jinasena_MasterData_Purchase.misc_charge_codes_eic_120,0.0,Jinasena_MasterData_Common.res_company_jinasena_agricultural_machinery_pvt_ltd
tariff_rates_id_23568,10,1,0.0,ESC,Duty,0.0,Jinasena_MasterData_Purchase.tariff_date_id_993,Jinasena_MasterData_Purchase.misc_charge_codes_esc_121,0.0,Jinasena_MasterData_Common.res_company_jinasena_agricultural_machinery_pvt_ltd
tariff_rates_id_23569,10,1,0.0,Excise,Duty,0.0,Jinasena_MasterData_Purchase.tariff_date_id_993,Jinasena_MasterData_Purchase.misc_charge_codes_excise_122,0.0,Jinasena_MasterData_Common.res_company_jinasena_agricultural_machinery_pvt_ltd
tariff_rates_id_23570,10,1,0.0,PAL,Duty,0.0,Jinasena_MasterData_Purchase.tariff_date_id_993,Jinasena_MasterData_Purchase.misc_charge_codes_pal_123,0.0,Jinasena_MasterData_Common.res_company_jinasena_agricultural_machinery_pvt_ltd
tariff_rates_id_23571,10,1,0.0,RIDL,Duty,0.0,Jinasena_MasterData_Purchase.tariff_date_id_993,Jinasena_MasterData_Purchase.misc_charge_codes_ridl_124,0.0,Jinasena_MasterData_Common.res_company_jinasena_agricultural_machinery_pvt_ltd
tariff_rates_id_23572,10,1,0.0,SRL,Duty,0.0,Jinasena_MasterData_Purchase.tariff_date_id_993,Jinasena_MasterData_Purchase.misc_charge_codes_srl_125,0.0,Jinasena_MasterData_Common.res_company_jinasena_agricultural_machinery_pvt_ltd
tariff_rates_id_23573,10,1,0.0,Surcharge,Duty,0.0,Jinasena_MasterData_Purchase.tariff_date_id_993,Jinasena_MasterData_Purchase.misc_charge_codes_surcharge_126,0.0,Jinasena_MasterData_Common.res_company_jinasena_agricultural_machinery_pvt_ltd
tariff_rates_id_23574,10,1,0.0,NBT,Taxes,0.0,Jinasena_MasterData_Purchase.tariff_date_id_993,Jinasena_MasterData_Purchase.misc_charge_codes_nbt_155,0.0,Jinasena_MasterData_Common.res_company_jinasena_agricultural_machinery_pvt_ltd
tariff_rates_id_23575,10,1,0.0,NBT-N,Taxes,0.0,Jinasena_MasterData_Purchase.tariff_date_id_993,Jinasena_MasterData_Purchase.misc_charge_codes_nbt_n_156,0.0,Jinasena_MasterData_Common.res_company_jinasena_agricultural_machinery_pvt_ltd
tariff_rates_id_23576,10,1,0.0,VAT-on-Item,Taxes,0.0,Jinasena_MasterData_Purchase.tariff_date_id_993,Jinasena_MasterData_Purchase.misc_charge_codes_vat_on_item_157,0.0,Jinasena_MasterData_Common.res_company_jinasena_agricultural_machinery_pvt_ltd
tariff_rates_id_23577,10,1,0.0,VAT-on-GL,Taxes,0.0,Jinasena_MasterData_Purchase.tariff_date_id_993,Jinasena_MasterData_Purchase.misc_charge_codes_vat_on_gl_158,0.0,Jinasena_MasterData_Common.res_company_jinasena_agricultural_machinery_pvt_ltd
tariff_rates_id_23578,10,1,0.0,SSCL,Taxes,0.0,Jinasena_MasterData_Purchase.tariff_date_id_993,Jinasena_MasterData_Purchase.misc_charge_codes_sscl_159,0.0,Jinasena_MasterData_Common.res_company_jinasena_agricultural_machinery_pvt_ltd
tariff_rates_id_23579,10,1,0.0,CID,Duty,0.0,Jinasena_MasterData_Purchase.tariff_date_id_994,Jinasena_MasterData_Purchase.misc_charge_codes_cid_119,0.0,Jinasena_MasterData_Common.res_company_jinasena_agricultural_machinery_pvt_ltd
tariff_rates_id_23580,10,1,0.0,EIC,Duty,0.0,Jinasena_MasterData_Purchase.tariff_date_id_994,Jinasena_MasterData_Purchase.misc_charge_codes_eic_120,0.0,Jinasena_MasterData_Common.res_company_jinasena_agricultural_machinery_pvt_ltd
tariff_rates_id_23581,10,1,0.0,ESC,Duty,0.0,Jinasena_MasterData_Purchase.tariff_date_id_994,Jinasena_MasterData_Purchase.misc_charge_codes_esc_121,0.0,Jinasena_MasterData_Common.res_company_jinasena_agricultural_machinery_pvt_ltd
tariff_rates_id_23582,10,1,0.0,Excise,Duty,0.0,Jinasena_MasterData_Purchase.tariff_date_id_994,Jinasena_MasterData_Purchase.misc_charge_codes_excise_122,0.0,Jinasena_MasterData_Common.res_company_jinasena_agricultural_machinery_pvt_ltd
tariff_rates_id_23583,10,1,0.0,PAL,Duty,0.0,Jinasena_MasterData_Purchase.tariff_date_id_994,Jinasena_MasterData_Purchase.misc_charge_codes_pal_123,0.0,Jinasena_MasterData_Common.res_company_jinasena_agricultural_machinery_pvt_ltd
tariff_rates_id_23584,10,1,0.0,RIDL,Duty,0.0,Jinasena_MasterData_Purchase.tariff_date_id_994,Jinasena_MasterData_Purchase.misc_charge_codes_ridl_124,0.0,Jinasena_MasterData_Common.res_company_jinasena_agricultural_machinery_pvt_ltd
tariff_rates_id_23585,10,1,0.0,SRL,Duty,0.0,Jinasena_MasterData_Purchase.tariff_date_id_994,Jinasena_MasterData_Purchase.misc_charge_codes_srl_125,0.0,Jinasena_MasterData_Common.res_company_jinasena_agricultural_machinery_pvt_ltd
tariff_rates_id_23586,10,1,0.0,Surcharge,Duty,0.0,Jinasena_MasterData_Purchase.tariff_date_id_994,Jinasena_MasterData_Purchase.misc_charge_codes_surcharge_126,0.0,Jinasena_MasterData_Common.res_company_jinasena_agricultural_machinery_pvt_ltd
tariff_rates_id_23587,10,1,0.0,NBT,Taxes,0.0,Jinasena_MasterData_Purchase.tariff_date_id_994,Jinasena_MasterData_Purchase.misc_charge_codes_nbt_155,0.0,Jinasena_MasterData_Common.res_company_jinasena_agricultural_machinery_pvt_ltd
tariff_rates_id_23588,10,1,0.0,NBT-N,Taxes,0.0,Jinasena_MasterData_Purchase.tariff_date_id_994,Jinasena_MasterData_Purchase.misc_charge_codes_nbt_n_156,0.0,Jinasena_MasterData_Common.res_company_jinasena_agricultural_machinery_pvt_ltd
tariff_rates_id_23589,10,1,0.0,VAT-on-Item,Taxes,0.0,Jinasena_MasterData_Purchase.tariff_date_id_994,Jinasena_MasterData_Purchase.misc_charge_codes_vat_on_item_157,0.0,Jinasena_MasterData_Common.res_company_jinasena_agricultural_machinery_pvt_ltd
tariff_rates_id_23590,10,1,0.0,VAT-on-GL,Taxes,0.0,Jinasena_MasterData_Purchase.tariff_date_id_994,Jinasena_MasterData_Purchase.misc_charge_codes_vat_on_gl_158,0.0,Jinasena_MasterData_Common.res_company_jinasena_agricultural_machinery_pvt_ltd
tariff_rates_id_23591,10,1,0.0,SSCL,Taxes,0.0,Jinasena_MasterData_Purchase.tariff_date_id_994,Jinasena_MasterData_Purchase.misc_charge_codes_sscl_159,0.0,Jinasena_MasterData_Common.res_company_jinasena_agricultural_machinery_pvt_ltd
tariff_rates_id_23592,10,1,0.0,CID,Duty,0.0,Jinasena_MasterData_Purchase.tariff_date_id_995,Jinasena_MasterData_Purchase.misc_charge_codes_cid_119,0.0,Jinasena_MasterData_Common.res_company_jinasena_agricultural_machinery_pvt_ltd
tariff_rates_id_23593,10,1,0.0,EIC,Duty,0.0,Jinasena_MasterData_Purchase.tariff_date_id_995,Jinasena_MasterData_Purchase.misc_charge_codes_eic_120,0.0,Jinasena_MasterData_Common.res_company_jinasena_agricultural_machinery_pvt_ltd
tariff_rates_id_23594,10,1,0.0,ESC,Duty,0.0,Jinasena_MasterData_Purchase.tariff_date_id_995,Jinasena_MasterData_Purchase.misc_charge_codes_esc_121,0.0,Jinasena_MasterData_Common.res_company_jinasena_agricultural_machinery_pvt_ltd
tariff_rates_id_23595,10,1,0.0,Excise,Duty,0.0,Jinasena_MasterData_Purchase.tariff_date_id_995,Jinasena_MasterData_Purchase.misc_charge_codes_excise_122,0.0,Jinasena_MasterData_Common.res_company_jinasena_agricultural_machinery_pvt_ltd
tariff_rates_id_23596,10,1,0.0,PAL,Duty,0.0,Jinasena_MasterData_Purchase.tariff_date_id_995,Jinasena_MasterData_Purchase.misc_charge_codes_pal_123,0.0,Jinasena_MasterData_Common.res_company_jinasena_agricultural_machinery_pvt_ltd
tariff_rates_id_23597,10,1,0.0,RIDL,Duty,0.0,Jinasena_MasterData_Purchase.tariff_date_id_995,Jinasena_MasterData_Purchase.misc_charge_codes_ridl_124,0.0,Jinasena_MasterData_Common.res_company_jinasena_agricultural_machinery_pvt_ltd
tariff_rates_id_23598,10,1,0.0,SRL,Duty,0.0,Jinasena_MasterData_Purchase.tariff_date_id_995,Jinasena_MasterData_Purchase.misc_charge_codes_srl_125,0.0,Jinasena_MasterData_Common.res_company_jinasena_agricultural_machinery_pvt_ltd
tariff_rates_id_23599,10,1,0.0,Surcharge,Duty,0.0,Jinasena_MasterData_Purchase.tariff_date_id_995,Jinasena_MasterData_Purchase.misc_charge_codes_surcharge_126,0.0,Jinasena_MasterData_Common.res_company_jinasena_agricultural_machinery_pvt_ltd
tariff_rates_id_23600,10,1,0.0,NBT,Taxes,0.0,Jinasena_MasterData_Purchase.tariff_date_id_995,Jinasena_MasterData_Purchase.misc_charge_codes_nbt_155,0.0,Jinasena_MasterData_Common.res_company_jinasena_agricultural_machinery_pvt_ltd
tariff_rates_id_23601,10,1,0.0,NBT-N,Taxes,0.0,Jinasena_MasterData_Purchase.tariff_date_id_995,Jinasena_MasterData_Purchase.misc_charge_codes_nbt_n_156,0.0,Jinasena_MasterData_Common.res_company_jinasena_agricultural_machinery_pvt_ltd
tariff_rates_id_23602,10,1,0.0,VAT-on-Item,Taxes,0.0,Jinasena_MasterData_Purchase.tariff_date_id_995,Jinasena_MasterData_Purchase.misc_charge_codes_vat_on_item_157,0.0,Jinasena_MasterData_Common.res_company_jinasena_agricultural_machinery_pvt_ltd
tariff_rates_id_23603,10,1,0.0,VAT-on-GL,Taxes,0.0,Jinasena_MasterData_Purchase.tariff_date_id_995,Jinasena_MasterData_Purchase.misc_charge_codes_vat_on_gl_158,0.0,Jinasena_MasterData_Common.res_company_jinasena_agricultural_machinery_pvt_ltd
tariff_rates_id_23604,10,1,0.0,SSCL,Taxes,0.0,Jinasena_MasterData_Purchase.tariff_date_id_995,Jinasena_MasterData_Purchase.misc_charge_codes_sscl_159,0.0,Jinasena_MasterData_Common.res_company_jinasena_agricultural_machinery_pvt_ltd
tariff_rates_id_23605,10,1,0.0,CID,Duty,0.0,Jinasena_MasterData_Purchase.tariff_date_id_996,Jinasena_MasterData_Purchase.misc_charge_codes_cid_119,0.0,Jinasena_MasterData_Common.res_company_jinasena_agricultural_machinery_pvt_ltd
tariff_rates_id_23606,10,1,0.0,EIC,Duty,0.0,Jinasena_MasterData_Purchase.tariff_date_id_996,Jinasena_MasterData_Purchase.misc_charge_codes_eic_120,0.0,Jinasena_MasterData_Common.res_company_jinasena_agricultural_machinery_pvt_ltd
tariff_rates_id_23607,10,1,0.0,ESC,Duty,0.0,Jinasena_MasterData_Purchase.tariff_date_id_996,Jinasena_MasterData_Purchase.misc_charge_codes_esc_121,0.0,Jinasena_MasterData_Common.res_company_jinasena_agricultural_machinery_pvt_ltd
tariff_rates_id_23608,10,1,0.0,Excise,Duty,0.0,Jinasena_MasterData_Purchase.tariff_date_id_996,Jinasena_MasterData_Purchase.misc_charge_codes_excise_122,0.0,Jinasena_MasterData_Common.res_company_jinasena_agricultural_machinery_pvt_ltd
tariff_rates_id_23609,10,1,0.0,PAL,Duty,0.0,Jinasena_MasterData_Purchase.tariff_date_id_996,Jinasena_MasterData_Purchase.misc_charge_codes_pal_123,0.0,Jinasena_MasterData_Common.res_company_jinasena_agricultural_machinery_pvt_ltd
tariff_rates_id_23610,10,1,0.0,RIDL,Duty,0.0,Jinasena_MasterData_Purchase.tariff_date_id_996,Jinasena_MasterData_Purchase.misc_charge_codes_ridl_124,0.0,Jinasena_MasterData_Common.res_company_jinasena_agricultural_machinery_pvt_ltd
tariff_rates_id_23611,10,1,0.0,SRL,Duty,0.0,Jinasena_MasterData_Purchase.tariff_date_id_996,Jinasena_MasterData_Purchase.misc_charge_codes_srl_125,0.0,Jinasena_MasterData_Common.res_company_jinasena_agricultural_machinery_pvt_ltd
tariff_rates_id_23612,10,1,0.0,Surcharge,Duty,0.0,Jinasena_MasterData_Purchase.tariff_date_id_996,Jinasena_MasterData_Purchase.misc_charge_codes_surcharge_126,0.0,Jinasena_MasterData_Common.res_company_jinasena_agricultural_machinery_pvt_ltd
tariff_rates_id_23613,10,1,0.0,NBT,Taxes,0.0,Jinasena_MasterData_Purchase.tariff_date_id_996,Jinasena_MasterData_Purchase.misc_charge_codes_nbt_155,0.0,Jinasena_MasterData_Common.res_company_jinasena_agricultural_machinery_pvt_ltd
tariff_rates_id_23614,10,1,0.0,NBT-N,Taxes,0.0,Jinasena_MasterData_Purchase.tariff_date_id_996,Jinasena_MasterData_Purchase.misc_charge_codes_nbt_n_156,0.0,Jinasena_MasterData_Common.res_company_jinasena_agricultural_machinery_pvt_ltd
tariff_rates_id_23615,10,1,0.0,VAT-on-Item,Taxes,0.0,Jinasena_MasterData_Purchase.tariff_date_id_996,Jinasena_MasterData_Purchase.misc_charge_codes_vat_on_item_157,0.0,Jinasena_MasterData_Common.res_company_jinasena_agricultural_machinery_pvt_ltd
tariff_rates_id_23616,10,1,0.0,VAT-on-GL,Taxes,0.0,Jinasena_MasterData_Purchase.tariff_date_id_996,Jinasena_MasterData_Purchase.misc_charge_codes_vat_on_gl_158,0.0,Jinasena_MasterData_Common.res_company_jinasena_agricultural_machinery_pvt_ltd
tariff_rates_id_23617,10,1,0.0,SSCL,Taxes,0.0,Jinasena_MasterData_Purchase.tariff_date_id_996,Jinasena_MasterData_Purchase.misc_charge_codes_sscl_159,0.0,Jinasena_MasterData_Common.res_company_jinasena_agricultural_machinery_pvt_ltd
tariff_rates_id_23618,10,1,0.0,CID,Duty,0.0,Jinasena_MasterData_Purchase.tariff_date_id_997,Jinasena_MasterData_Purchase.misc_charge_codes_cid_119,0.0,Jinasena_MasterData_Common.res_company_jinasena_agricultural_machinery_pvt_ltd
tariff_rates_id_23619,10,1,0.0,EIC,Duty,0.0,Jinasena_MasterData_Purchase.tariff_date_id_997,Jinasena_MasterData_Purchase.misc_charge_codes_eic_120,0.0,Jinasena_MasterData_Common.res_company_jinasena_agricultural_machinery_pvt_ltd
tariff_rates_id_23620,10,1,0.0,ESC,Duty,0.0,Jinasena_MasterData_Purchase.tariff_date_id_997,Jinasena_MasterData_Purchase.misc_charge_codes_esc_121,0.0,Jinasena_MasterData_Common.res_company_jinasena_agricultural_machinery_pvt_ltd
tariff_rates_id_23621,10,1,0.0,Excise,Duty,0.0,Jinasena_MasterData_Purchase.tariff_date_id_997,Jinasena_MasterData_Purchase.misc_charge_codes_excise_122,0.0,Jinasena_MasterData_Common.res_company_jinasena_agricultural_machinery_pvt_ltd
tariff_rates_id_23622,10,1,0.0,PAL,Duty,0.0,Jinasena_MasterData_Purchase.tariff_date_id_997,Jinasena_MasterData_Purchase.misc_charge_codes_pal_123,0.0,Jinasena_MasterData_Common.res_company_jinasena_agricultural_machinery_pvt_ltd
tariff_rates_id_23623,10,1,0.0,RIDL,Duty,0.0,Jinasena_MasterData_Purchase.tariff_date_id_997,Jinasena_MasterData_Purchase.misc_charge_codes_ridl_124,0.0,Jinasena_MasterData_Common.res_company_jinasena_agricultural_machinery_pvt_ltd
tariff_rates_id_23624,10,1,0.0,SRL,Duty,0.0,Jinasena_MasterData_Purchase.tariff_date_id_997,Jinasena_MasterData_Purchase.misc_charge_codes_srl_125,0.0,Jinasena_MasterData_Common.res_company_jinasena_agricultural_machinery_pvt_ltd
tariff_rates_id_23625,10,1,0.0,Surcharge,Duty,0.0,Jinasena_MasterData_Purchase.tariff_date_id_997,Jinasena_MasterData_Purchase.misc_charge_codes_surcharge_126,0.0,Jinasena_MasterData_Common.res_company_jinasena_agricultural_machinery_pvt_ltd
tariff_rates_id_23626,10,1,0.0,NBT,Taxes,0.0,Jinasena_MasterData_Purchase.tariff_date_id_997,Jinasena_MasterData_Purchase.misc_charge_codes_nbt_155,0.0,Jinasena_MasterData_Common.res_company_jinasena_agricultural_machinery_pvt_ltd
tariff_rates_id_23627,10,1,0.0,NBT-N,Taxes,0.0,Jinasena_MasterData_Purchase.tariff_date_id_997,Jinasena_MasterData_Purchase.misc_charge_codes_nbt_n_156,0.0,Jinasena_MasterData_Common.res_company_jinasena_agricultural_machinery_pvt_ltd
tariff_rates_id_23628,10,1,0.0,VAT-on-Item,Taxes,0.0,Jinasena_MasterData_Purchase.tariff_date_id_997,Jinasena_MasterData_Purchase.misc_charge_codes_vat_on_item_157,0.0,Jinasena_MasterData_Common.res_company_jinasena_agricultural_machinery_pvt_ltd
tariff_rates_id_23629,10,1,0.0,VAT-on-GL,Taxes,0.0,Jinasena_MasterData_Purchase.tariff_date_id_997,Jinasena_MasterData_Purchase.misc_charge_codes_vat_on_gl_158,0.0,Jinasena_MasterData_Common.res_company_jinasena_agricultural_machinery_pvt_ltd
tariff_rates_id_23630,10,1,0.0,SSCL,Taxes,0.0,Jinasena_MasterData_Purchase.tariff_date_id_997,Jinasena_MasterData_Purchase.misc_charge_codes_sscl_159,0.0,Jinasena_MasterData_Common.res_company_jinasena_agricultural_machinery_pvt_ltd
tariff_rates_id_23631,10,1,0.0,CID,Duty,0.0,Jinasena_MasterData_Purchase.tariff_date_id_998,Jinasena_MasterData_Purchase.misc_charge_codes_cid_119,0.0,Jinasena_MasterData_Common.res_company_jinasena_agricultural_machinery_pvt_ltd
tariff_rates_id_23632,10,1,0.0,EIC,Duty,0.0,Jinasena_MasterData_Purchase.tariff_date_id_998,Jinasena_MasterData_Purchase.misc_charge_codes_eic_120,0.0,Jinasena_MasterData_Common.res_company_jinasena_agricultural_machinery_pvt_ltd
tariff_rates_id_23633,10,1,0.0,ESC,Duty,0.0,Jinasena_MasterData_Purchase.tariff_date_id_998,Jinasena_MasterData_Purchase.misc_charge_codes_esc_121,0.0,Jinasena_MasterData_Common.res_company_jinasena_agricultural_machinery_pvt_ltd
tariff_rates_id_23634,10,1,0.0,Excise,Duty,0.0,Jinasena_MasterData_Purchase.tariff_date_id_998,Jinasena_MasterData_Purchase.misc_charge_codes_excise_122,0.0,Jinasena_MasterData_Common.res_company_jinasena_agricultural_machinery_pvt_ltd
tariff_rates_id_23635,10,1,0.0,PAL,Duty,0.0,Jinasena_MasterData_Purchase.tariff_date_id_998,Jinasena_MasterData_Purchase.misc_charge_codes_pal_123,0.0,Jinasena_MasterData_Common.res_company_jinasena_agricultural_machinery_pvt_ltd
tariff_rates_id_23636,10,1,0.0,RIDL,Duty,0.0,Jinasena_MasterData_Purchase.tariff_date_id_998,Jinasena_MasterData_Purchase.misc_charge_codes_ridl_124,0.0,Jinasena_MasterData_Common.res_company_jinasena_agricultural_machinery_pvt_ltd
tariff_rates_id_23637,10,1,0.0,SRL,Duty,0.0,Jinasena_MasterData_Purchase.tariff_date_id_998,Jinasena_MasterData_Purchase.misc_charge_codes_srl_125,0.0,Jinasena_MasterData_Common.res_company_jinasena_agricultural_machinery_pvt_ltd
tariff_rates_id_23638,10,1,0.0,Surcharge,Duty,0.0,Jinasena_MasterData_Purchase.tariff_date_id_998,Jinasena_MasterData_Purchase.misc_charge_codes_surcharge_126,0.0,Jinasena_MasterData_Common.res_company_jinasena_agricultural_machinery_pvt_ltd
tariff_rates_id_23639,10,1,0.0,NBT,Taxes,0.0,Jinasena_MasterData_Purchase.tariff_date_id_998,Jinasena_MasterData_Purchase.misc_charge_codes_nbt_155,0.0,Jinasena_MasterData_Common.res_company_jinasena_agricultural_machinery_pvt_ltd
tariff_rates_id_23640,10,1,0.0,NBT-N,Taxes,0.0,Jinasena_MasterData_Purchase.tariff_date_id_998,Jinasena_MasterData_Purchase.misc_charge_codes_nbt_n_156,0.0,Jinasena_MasterData_Common.res_company_jinasena_agricultural_machinery_pvt_ltd
tariff_rates_id_23641,10,1,0.0,VAT-on-Item,Taxes,0.0,Jinasena_MasterData_Purchase.tariff_date_id_998,Jinasena_MasterData_Purchase.misc_charge_codes_vat_on_item_157,0.0,Jinasena_MasterData_Common.res_company_jinasena_agricultural_machinery_pvt_ltd
tariff_rates_id_23642,10,1,0.0,VAT-on-GL,Taxes,0.0,Jinasena_MasterData_Purchase.tariff_date_id_998,Jinasena_MasterData_Purchase.misc_charge_codes_vat_on_gl_158,0.0,Jinasena_MasterData_Common.res_company_jinasena_agricultural_machinery_pvt_ltd
tariff_rates_id_23643,10,1,0.0,SSCL,Taxes,0.0,Jinasena_MasterData_Purchase.tariff_date_id_998,Jinasena_MasterData_Purchase.misc_charge_codes_sscl_159,0.0,Jinasena_MasterData_Common.res_company_jinasena_agricultural_machinery_pvt_ltd
tariff_rates_id_23644,10,1,0.0,CID,Duty,0.0,Jinasena_MasterData_Purchase.tariff_date_id_999,Jinasena_MasterData_Purchase.misc_charge_codes_cid_119,0.0,Jinasena_MasterData_Common.res_company_jinasena_agricultural_machinery_pvt_ltd
tariff_rates_id_23645,10,1,0.0,EIC,Duty,0.0,Jinasena_MasterData_Purchase.tariff_date_id_999,Jinasena_MasterData_Purchase.misc_charge_codes_eic_120,0.0,Jinasena_MasterData_Common.res_company_jinasena_agricultural_machinery_pvt_ltd
tariff_rates_id_23646,10,1,0.0,ESC,Duty,0.0,Jinasena_MasterData_Purchase.tariff_date_id_999,Jinasena_MasterData_Purchase.misc_charge_codes_esc_121,0.0,Jinasena_MasterData_Common.res_company_jinasena_agricultural_machinery_pvt_ltd
tariff_rates_id_23647,10,1,0.0,Excise,Duty,0.0,Jinasena_MasterData_Purchase.tariff_date_id_999,Jinasena_MasterData_Purchase.misc_charge_codes_excise_122,0.0,Jinasena_MasterData_Common.res_company_jinasena_agricultural_machinery_pvt_ltd
tariff_rates_id_23648,10,1,0.0,PAL,Duty,0.0,Jinasena_MasterData_Purchase.tariff_date_id_999,Jinasena_MasterData_Purchase.misc_charge_codes_pal_123,0.0,Jinasena_MasterData_Common.res_company_jinasena_agricultural_machinery_pvt_ltd
tariff_rates_id_23649,10,1,0.0,RIDL,Duty,0.0,Jinasena_MasterData_Purchase.tariff_date_id_999,Jinasena_MasterData_Purchase.misc_charge_codes_ridl_124,0.0,Jinasena_MasterData_Common.res_company_jinasena_agricultural_machinery_pvt_ltd
tariff_rates_id_23650,10,1,0.0,SRL,Duty,0.0,Jinasena_MasterData_Purchase.tariff_date_id_999,Jinasena_MasterData_Purchase.misc_charge_codes_srl_125,0.0,Jinasena_MasterData_Common.res_company_jinasena_agricultural_machinery_pvt_ltd
tariff_rates_id_23651,10,1,0.0,Surcharge,Duty,0.0,Jinasena_MasterData_Purchase.tariff_date_id_999,Jinasena_MasterData_Purchase.misc_charge_codes_surcharge_126,0.0,Jinasena_MasterData_Common.res_company_jinasena_agricultural_machinery_pvt_ltd
tariff_rates_id_23652,10,1,0.0,NBT,Taxes,0.0,Jinasena_MasterData_Purchase.tariff_date_id_999,Jinasena_MasterData_Purchase.misc_charge_codes_nbt_155,0.0,Jinasena_MasterData_Common.res_company_jinasena_agricultural_machinery_pvt_ltd
tariff_rates_id_23653,10,1,0.0,NBT-N,Taxes,0.0,Jinasena_MasterData_Purchase.tariff_date_id_999,Jinasena_MasterData_Purchase.misc_charge_codes_nbt_n_156,0.0,Jinasena_MasterData_Common.res_company_jinasena_agricultural_machinery_pvt_ltd
tariff_rates_id_23654,10,1,0.0,VAT-on-Item,Taxes,0.0,Jinasena_MasterData_Purchase.tariff_date_id_999,Jinasena_MasterData_Purchase.misc_charge_codes_vat_on_item_157,0.0,Jinasena_MasterData_Common.res_company_jinasena_agricultural_machinery_pvt_ltd
tariff_rates_id_23655,10,1,0.0,VAT-on-GL,Taxes,0.0,Jinasena_MasterData_Purchase.tariff_date_id_999,Jinasena_MasterData_Purchase.misc_charge_codes_vat_on_gl_158,0.0,Jinasena_MasterData_Common.res_company_jinasena_agricultural_machinery_pvt_ltd
tariff_rates_id_23656,10,1,0.0,SSCL,Taxes,0.0,Jinasena_MasterData_Purchase.tariff_date_id_999,Jinasena_MasterData_Purchase.misc_charge_codes_sscl_159,0.0,Jinasena_MasterData_Common.res_company_jinasena_agricultural_machinery_pvt_ltd
tariff_rates_id_23657,10,1,0.0,CID,Duty,0.0,Jinasena_MasterData_Purchase.tariff_date_id_1000,Jinasena_MasterData_Purchase.misc_charge_codes_cid_119,0.0,Jinasena_MasterData_Common.res_company_jinasena_agricultural_machinery_pvt_ltd
tariff_rates_id_23658,10,1,0.0,EIC,Duty,0.0,Jinasena_MasterData_Purchase.tariff_date_id_1000,Jinasena_MasterData_Purchase.misc_charge_codes_eic_120,0.0,Jinasena_MasterData_Common.res_company_jinasena_agricultural_machinery_pvt_ltd
tariff_rates_id_23659,10,1,0.0,ESC,Duty,0.0,Jinasena_MasterData_Purchase.tariff_date_id_1000,Jinasena_MasterData_Purchase.misc_charge_codes_esc_121,0.0,Jinasena_MasterData_Common.res_company_jinasena_agricultural_machinery_pvt_ltd
tariff_rates_id_23660,10,1,0.0,Excise,Duty,0.0,Jinasena_MasterData_Purchase.tariff_date_id_1000,Jinasena_MasterData_Purchase.misc_charge_codes_excise_122,0.0,Jinasena_MasterData_Common.res_company_jinasena_agricultural_machinery_pvt_ltd
tariff_rates_id_23661,10,1,0.0,PAL,Duty,0.0,Jinasena_MasterData_Purchase.tariff_date_id_1000,Jinasena_MasterData_Purchase.misc_charge_codes_pal_123,0.0,Jinasena_MasterData_Common.res_company_jinasena_agricultural_machinery_pvt_ltd
tariff_rates_id_23662,10,1,0.0,RIDL,Duty,0.0,Jinasena_MasterData_Purchase.tariff_date_id_1000,Jinasena_MasterData_Purchase.misc_charge_codes_ridl_124,0.0,Jinasena_MasterData_Common.res_company_jinasena_agricultural_machinery_pvt_ltd
tariff_rates_id_23663,10,1,0.0,SRL,Duty,0.0,Jinasena_MasterData_Purchase.tariff_date_id_1000,Jinasena_MasterData_Purchase.misc_charge_codes_srl_125,0.0,Jinasena_MasterData_Common.res_company_jinasena_agricultural_machinery_pvt_ltd
tariff_rates_id_23664,10,1,0.0,Surcharge,Duty,0.0,Jinasena_MasterData_Purchase.tariff_date_id_1000,Jinasena_MasterData_Purchase.misc_charge_codes_surcharge_126,0.0,Jinasena_MasterData_Common.res_company_jinasena_agricultural_machinery_pvt_ltd
tariff_rates_id_23665,10,1,0.0,NBT,Taxes,0.0,Jinasena_MasterData_Purchase.tariff_date_id_1000,Jinasena_MasterData_Purchase.misc_charge_codes_nbt_155,0.0,Jinasena_MasterData_Common.res_company_jinasena_agricultural_machinery_pvt_ltd
tariff_rates_id_23666,10,1,0.0,NBT-N,Taxes,0.0,Jinasena_MasterData_Purchase.tariff_date_id_1000,Jinasena_MasterData_Purchase.misc_charge_codes_nbt_n_156,0.0,Jinasena_MasterData_Common.res_company_jinasena_agricultural_machinery_pvt_ltd
tariff_rates_id_23667,10,1,0.0,VAT-on-Item,Taxes,0.0,Jinasena_MasterData_Purchase.tariff_date_id_1000,Jinasena_MasterData_Purchase.misc_charge_codes_vat_on_item_157,0.0,Jinasena_MasterData_Common.res_company_jinasena_agricultural_machinery_pvt_ltd
tariff_rates_id_23668,10,1,0.0,VAT-on-GL,Taxes,0.0,Jinasena_MasterData_Purchase.tariff_date_id_1000,Jinasena_MasterData_Purchase.misc_charge_codes_vat_on_gl_158,0.0,Jinasena_MasterData_Common.res_company_jinasena_agricultural_machinery_pvt_ltd
tariff_rates_id_23669,10,1,0.0,SSCL,Taxes,0.0,Jinasena_MasterData_Purchase.tariff_date_id_1000,Jinasena_MasterData_Purchase.misc_charge_codes_sscl_159,0.0,Jinasena_MasterData_Common.res_company_jinasena_agricultural_machinery_pvt_ltd
tariff_rates_id_23670,10,1,0.0,CID,Duty,0.0,Jinasena_MasterData_Purchase.tariff_date_id_1001,Jinasena_MasterData_Purchase.misc_charge_codes_cid_119,0.0,Jinasena_MasterData_Common.res_company_jinasena_agricultural_machinery_pvt_ltd
tariff_rates_id_23671,10,1,0.0,EIC,Duty,0.0,Jinasena_MasterData_Purchase.tariff_date_id_1001,Jinasena_MasterData_Purchase.misc_charge_codes_eic_120,0.0,Jinasena_MasterData_Common.res_company_jinasena_agricultural_machinery_pvt_ltd
tariff_rates_id_23672,10,1,0.0,ESC,Duty,0.0,Jinasena_MasterData_Purchase.tariff_date_id_1001,Jinasena_MasterData_Purchase.misc_charge_codes_esc_121,0.0,Jinasena_MasterData_Common.res_company_jinasena_agricultural_machinery_pvt_ltd
tariff_rates_id_23673,10,1,0.0,Excise,Duty,0.0,Jinasena_MasterData_Purchase.tariff_date_id_1001,Jinasena_MasterData_Purchase.misc_charge_codes_excise_122,0.0,Jinasena_MasterData_Common.res_company_jinasena_agricultural_machinery_pvt_ltd
tariff_rates_id_23674,10,1,0.0,PAL,Duty,0.0,Jinasena_MasterData_Purchase.tariff_date_id_1001,Jinasena_MasterData_Purchase.misc_charge_codes_pal_123,0.0,Jinasena_MasterData_Common.res_company_jinasena_agricultural_machinery_pvt_ltd
tariff_rates_id_23675,10,1,0.0,RIDL,Duty,0.0,Jinasena_MasterData_Purchase.tariff_date_id_1001,Jinasena_MasterData_Purchase.misc_charge_codes_ridl_124,0.0,Jinasena_MasterData_Common.res_company_jinasena_agricultural_machinery_pvt_ltd
tariff_rates_id_23676,10,1,0.0,SRL,Duty,0.0,Jinasena_MasterData_Purchase.tariff_date_id_1001,Jinasena_MasterData_Purchase.misc_charge_codes_srl_125,0.0,Jinasena_MasterData_Common.res_company_jinasena_agricultural_machinery_pvt_ltd
tariff_rates_id_23677,10,1,0.0,Surcharge,Duty,0.0,Jinasena_MasterData_Purchase.tariff_date_id_1001,Jinasena_MasterData_Purchase.misc_charge_codes_surcharge_126,0.0,Jinasena_MasterData_Common.res_company_jinasena_agricultural_machinery_pvt_ltd
tariff_rates_id_23678,10,1,0.0,NBT,Taxes,0.0,Jinasena_MasterData_Purchase.tariff_date_id_1001,Jinasena_MasterData_Purchase.misc_charge_codes_nbt_155,0.0,Jinasena_MasterData_Common.res_company_jinasena_agricultural_machinery_pvt_ltd
tariff_rates_id_23679,10,1,0.0,NBT-N,Taxes,0.0,Jinasena_MasterData_Purchase.tariff_date_id_1001,Jinasena_MasterData_Purchase.misc_charge_codes_nbt_n_156,0.0,Jinasena_MasterData_Common.res_company_jinasena_agricultural_machinery_pvt_ltd
tariff_rates_id_23680,10,1,0.0,VAT-on-Item,Taxes,0.0,Jinasena_MasterData_Purchase.tariff_date_id_1001,Jinasena_MasterData_Purchase.misc_charge_codes_vat_on_item_157,0.0,Jinasena_MasterData_Common.res_company_jinasena_agricultural_machinery_pvt_ltd
tariff_rates_id_23681,10,1,0.0,VAT-on-GL,Taxes,0.0,Jinasena_MasterData_Purchase.tariff_date_id_1001,Jinasena_MasterData_Purchase.misc_charge_codes_vat_on_gl_158,0.0,Jinasena_MasterData_Common.res_company_jinasena_agricultural_machinery_pvt_ltd
tariff_rates_id_23682,10,1,0.0,SSCL,Taxes,0.0,Jinasena_MasterData_Purchase.tariff_date_id_1001,Jinasena_MasterData_Purchase.misc_charge_codes_sscl_159,0.0,Jinasena_MasterData_Common.res_company_jinasena_agricultural_machinery_pvt_ltd
tariff_rates_id_23683,10,1,0.0,CID,Duty,0.0,Jinasena_MasterData_Purchase.tariff_date_id_1002,Jinasena_MasterData_Purchase.misc_charge_codes_cid_119,0.0,Jinasena_MasterData_Common.res_company_jinasena_agricultural_machinery_pvt_ltd
tariff_rates_id_23684,10,1,0.0,EIC,Duty,0.0,Jinasena_MasterData_Purchase.tariff_date_id_1002,Jinasena_MasterData_Purchase.misc_charge_codes_eic_120,0.0,Jinasena_MasterData_Common.res_company_jinasena_agricultural_machinery_pvt_ltd
tariff_rates_id_23685,10,1,0.0,ESC,Duty,0.0,Jinasena_MasterData_Purchase.tariff_date_id_1002,Jinasena_MasterData_Purchase.misc_charge_codes_esc_121,0.0,Jinasena_MasterData_Common.res_company_jinasena_agricultural_machinery_pvt_ltd
tariff_rates_id_23686,10,1,0.0,Excise,Duty,0.0,Jinasena_MasterData_Purchase.tariff_date_id_1002,Jinasena_MasterData_Purchase.misc_charge_codes_excise_122,0.0,Jinasena_MasterData_Common.res_company_jinasena_agricultural_machinery_pvt_ltd
tariff_rates_id_23687,10,1,0.0,PAL,Duty,0.0,Jinasena_MasterData_Purchase.tariff_date_id_1002,Jinasena_MasterData_Purchase.misc_charge_codes_pal_123,0.0,Jinasena_MasterData_Common.res_company_jinasena_agricultural_machinery_pvt_ltd
tariff_rates_id_23688,10,1,0.0,RIDL,Duty,0.0,Jinasena_MasterData_Purchase.tariff_date_id_1002,Jinasena_MasterData_Purchase.misc_charge_codes_ridl_124,0.0,Jinasena_MasterData_Common.res_company_jinasena_agricultural_machinery_pvt_ltd
tariff_rates_id_23689,10,1,0.0,SRL,Duty,0.0,Jinasena_MasterData_Purchase.tariff_date_id_1002,Jinasena_MasterData_Purchase.misc_charge_codes_srl_125,0.0,Jinasena_MasterData_Common.res_company_jinasena_agricultural_machinery_pvt_ltd
tariff_rates_id_23690,10,1,0.0,Surcharge,Duty,0.0,Jinasena_MasterData_Purchase.tariff_date_id_1002,Jinasena_MasterData_Purchase.misc_charge_codes_surcharge_126,0.0,Jinasena_MasterData_Common.res_company_jinasena_agricultural_machinery_pvt_ltd
tariff_rates_id_23691,10,1,0.0,NBT,Taxes,0.0,Jinasena_MasterData_Purchase.tariff_date_id_1002,Jinasena_MasterData_Purchase.misc_charge_codes_nbt_155,0.0,Jinasena_MasterData_Common.res_company_jinasena_agricultural_machinery_pvt_ltd
tariff_rates_id_23692,10,1,0.0,NBT-N,Taxes,0.0,Jinasena_MasterData_Purchase.tariff_date_id_1002,Jinasena_MasterData_Purchase.misc_charge_codes_nbt_n_156,0.0,Jinasena_MasterData_Common.res_company_jinasena_agricultural_machinery_pvt_ltd
tariff_rates_id_23693,10,1,0.0,VAT-on-Item,Taxes,0.0,Jinasena_MasterData_Purchase.tariff_date_id_1002,Jinasena_MasterData_Purchase.misc_charge_codes_vat_on_item_157,0.0,Jinasena_MasterData_Common.res_company_jinasena_agricultural_machinery_pvt_ltd
tariff_rates_id_23694,10,1,0.0,VAT-on-GL,Taxes,0.0,Jinasena_MasterData_Purchase.tariff_date_id_1002,Jinasena_MasterData_Purchase.misc_charge_codes_vat_on_gl_158,0.0,Jinasena_MasterData_Common.res_company_jinasena_agricultural_machinery_pvt_ltd
tariff_rates_id_23695,10,1,0.0,SSCL,Taxes,0.0,Jinasena_MasterData_Purchase.tariff_date_id_1002,Jinasena_MasterData_Purchase.misc_charge_codes_sscl_159,0.0,Jinasena_MasterData_Common.res_company_jinasena_agricultural_machinery_pvt_ltd
tariff_rates_id_23696,10,1,0.0,CID,Duty,0.0,Jinasena_MasterData_Purchase.tariff_date_id_1003,Jinasena_MasterData_Purchase.misc_charge_codes_cid_119,0.0,Jinasena_MasterData_Common.res_company_jinasena_agricultural_machinery_pvt_ltd
tariff_rates_id_23697,10,1,0.0,EIC,Duty,0.0,Jinasena_MasterData_Purchase.tariff_date_id_1003,Jinasena_MasterData_Purchase.misc_charge_codes_eic_120,0.0,Jinasena_MasterData_Common.res_company_jinasena_agricultural_machinery_pvt_ltd
tariff_rates_id_23698,10,1,0.0,ESC,Duty,0.0,Jinasena_MasterData_Purchase.tariff_date_id_1003,Jinasena_MasterData_Purchase.misc_charge_codes_esc_121,0.0,Jinasena_MasterData_Common.res_company_jinasena_agricultural_machinery_pvt_ltd
tariff_rates_id_23699,10,1,0.0,Excise,Duty,0.0,Jinasena_MasterData_Purchase.tariff_date_id_1003,Jinasena_MasterData_Purchase.misc_charge_codes_excise_122,0.0,Jinasena_MasterData_Common.res_company_jinasena_agricultural_machinery_pvt_ltd
tariff_rates_id_23700,10,1,0.0,PAL,Duty,0.0,Jinasena_MasterData_Purchase.tariff_date_id_1003,Jinasena_MasterData_Purchase.misc_charge_codes_pal_123,0.0,Jinasena_MasterData_Common.res_company_jinasena_agricultural_machinery_pvt_ltd
tariff_rates_id_23701,10,1,0.0,RIDL,Duty,0.0,Jinasena_MasterData_Purchase.tariff_date_id_1003,Jinasena_MasterData_Purchase.misc_charge_codes_ridl_124,0.0,Jinasena_MasterData_Common.res_company_jinasena_agricultural_machinery_pvt_ltd
tariff_rates_id_23702,10,1,0.0,SRL,Duty,0.0,Jinasena_MasterData_Purchase.tariff_date_id_1003,Jinasena_MasterData_Purchase.misc_charge_codes_srl_125,0.0,Jinasena_MasterData_Common.res_company_jinasena_agricultural_machinery_pvt_ltd
tariff_rates_id_23703,10,1,0.0,Surcharge,Duty,0.0,Jinasena_MasterData_Purchase.tariff_date_id_1003,Jinasena_MasterData_Purchase.misc_charge_codes_surcharge_126,0.0,Jinasena_MasterData_Common.res_company_jinasena_agricultural_machinery_pvt_ltd
tariff_rates_id_23704,10,1,0.0,NBT,Taxes,0.0,Jinasena_MasterData_Purchase.tariff_date_id_1003,Jinasena_MasterData_Purchase.misc_charge_codes_nbt_155,0.0,Jinasena_MasterData_Common.res_company_jinasena_agricultural_machinery_pvt_ltd
tariff_rates_id_23705,10,1,0.0,NBT-N,Taxes,0.0,Jinasena_MasterData_Purchase.tariff_date_id_1003,Jinasena_MasterData_Purchase.misc_charge_codes_nbt_n_156,0.0,Jinasena_MasterData_Common.res_company_jinasena_agricultural_machinery_pvt_ltd
tariff_rates_id_23706,10,1,0.0,VAT-on-Item,Taxes,0.0,Jinasena_MasterData_Purchase.tariff_date_id_1003,Jinasena_MasterData_Purchase.misc_charge_codes_vat_on_item_157,0.0,Jinasena_MasterData_Common.res_company_jinasena_agricultural_machinery_pvt_ltd
tariff_rates_id_23707,10,1,0.0,VAT-on-GL,Taxes,0.0,Jinasena_MasterData_Purchase.tariff_date_id_1003,Jinasena_MasterData_Purchase.misc_charge_codes_vat_on_gl_158,0.0,Jinasena_MasterData_Common.res_company_jinasena_agricultural_machinery_pvt_ltd
tariff_rates_id_23708,10,1,0.0,SSCL,Taxes,0.0,Jinasena_MasterData_Purchase.tariff_date_id_1003,Jinasena_MasterData_Purchase.misc_charge_codes_sscl_159,0.0,Jinasena_MasterData_Common.res_company_jinasena_agricultural_machinery_pvt_ltd
tariff_rates_id_23709,10,1,0.0,CID,Duty,0.0,Jinasena_MasterData_Purchase.tariff_date_id_1004,Jinasena_MasterData_Purchase.misc_charge_codes_cid_119,0.0,Jinasena_MasterData_Common.res_company_jinasena_agricultural_machinery_pvt_ltd
tariff_rates_id_23710,10,1,0.0,EIC,Duty,0.0,Jinasena_MasterData_Purchase.tariff_date_id_1004,Jinasena_MasterData_Purchase.misc_charge_codes_eic_120,0.0,Jinasena_MasterData_Common.res_company_jinasena_agricultural_machinery_pvt_ltd
tariff_rates_id_23711,10,1,0.0,ESC,Duty,0.0,Jinasena_MasterData_Purchase.tariff_date_id_1004,Jinasena_MasterData_Purchase.misc_charge_codes_esc_121,0.0,Jinasena_MasterData_Common.res_company_jinasena_agricultural_machinery_pvt_ltd
tariff_rates_id_23712,10,1,0.0,Excise,Duty,0.0,Jinasena_MasterData_Purchase.tariff_date_id_1004,Jinasena_MasterData_Purchase.misc_charge_codes_excise_122,0.0,Jinasena_MasterData_Common.res_company_jinasena_agricultural_machinery_pvt_ltd
tariff_rates_id_23713,10,1,0.0,PAL,Duty,0.0,Jinasena_MasterData_Purchase.tariff_date_id_1004,Jinasena_MasterData_Purchase.misc_charge_codes_pal_123,0.0,Jinasena_MasterData_Common.res_company_jinasena_agricultural_machinery_pvt_ltd
tariff_rates_id_23714,10,1,0.0,RIDL,Duty,0.0,Jinasena_MasterData_Purchase.tariff_date_id_1004,Jinasena_MasterData_Purchase.misc_charge_codes_ridl_124,0.0,Jinasena_MasterData_Common.res_company_jinasena_agricultural_machinery_pvt_ltd
tariff_rates_id_23715,10,1,0.0,SRL,Duty,0.0,Jinasena_MasterData_Purchase.tariff_date_id_1004,Jinasena_MasterData_Purchase.misc_charge_codes_srl_125,0.0,Jinasena_MasterData_Common.res_company_jinasena_agricultural_machinery_pvt_ltd
tariff_rates_id_23716,10,1,0.0,Surcharge,Duty,0.0,Jinasena_MasterData_Purchase.tariff_date_id_1004,Jinasena_MasterData_Purchase.misc_charge_codes_surcharge_126,0.0,Jinasena_MasterData_Common.res_company_jinasena_agricultural_machinery_pvt_ltd
tariff_rates_id_23717,10,1,0.0,NBT,Taxes,0.0,Jinasena_MasterData_Purchase.tariff_date_id_1004,Jinasena_MasterData_Purchase.misc_charge_codes_nbt_155,0.0,Jinasena_MasterData_Common.res_company_jinasena_agricultural_machinery_pvt_ltd
tariff_rates_id_23718,10,1,0.0,NBT-N,Taxes,0.0,Jinasena_MasterData_Purchase.tariff_date_id_1004,Jinasena_MasterData_Purchase.misc_charge_codes_nbt_n_156,0.0,Jinasena_MasterData_Common.res_company_jinasena_agricultural_machinery_pvt_ltd
tariff_rates_id_23719,10,1,0.0,VAT-on-Item,Taxes,0.0,Jinasena_MasterData_Purchase.tariff_date_id_1004,Jinasena_MasterData_Purchase.misc_charge_codes_vat_on_item_157,0.0,Jinasena_MasterData_Common.res_company_jinasena_agricultural_machinery_pvt_ltd
tariff_rates_id_23720,10,1,0.0,VAT-on-GL,Taxes,0.0,Jinasena_MasterData_Purchase.tariff_date_id_1004,Jinasena_MasterData_Purchase.misc_charge_codes_vat_on_gl_158,0.0,Jinasena_MasterData_Common.res_company_jinasena_agricultural_machinery_pvt_ltd
tariff_rates_id_23721,10,1,0.0,SSCL,Taxes,0.0,Jinasena_MasterData_Purchase.tariff_date_id_1004,Jinasena_MasterData_Purchase.misc_charge_codes_sscl_159,0.0,Jinasena_MasterData_Common.res_company_jinasena_agricultural_machinery_pvt_ltd
tariff_rates_id_23722,10,1,0.0,CID,Duty,0.0,Jinasena_MasterData_Purchase.tariff_date_id_1005,Jinasena_MasterData_Purchase.misc_charge_codes_cid_119,0.0,Jinasena_MasterData_Common.res_company_jinasena_agricultural_machinery_pvt_ltd
tariff_rates_id_23723,10,1,0.0,EIC,Duty,0.0,Jinasena_MasterData_Purchase.tariff_date_id_1005,Jinasena_MasterData_Purchase.misc_charge_codes_eic_120,0.0,Jinasena_MasterData_Common.res_company_jinasena_agricultural_machinery_pvt_ltd
tariff_rates_id_23724,10,1,0.0,ESC,Duty,0.0,Jinasena_MasterData_Purchase.tariff_date_id_1005,Jinasena_MasterData_Purchase.misc_charge_codes_esc_121,0.0,Jinasena_MasterData_Common.res_company_jinasena_agricultural_machinery_pvt_ltd
tariff_rates_id_23725,10,1,0.0,Excise,Duty,0.0,Jinasena_MasterData_Purchase.tariff_date_id_1005,Jinasena_MasterData_Purchase.misc_charge_codes_excise_122,0.0,Jinasena_MasterData_Common.res_company_jinasena_agricultural_machinery_pvt_ltd
tariff_rates_id_23726,10,1,0.0,PAL,Duty,0.0,Jinasena_MasterData_Purchase.tariff_date_id_1005,Jinasena_MasterData_Purchase.misc_charge_codes_pal_123,0.0,Jinasena_MasterData_Common.res_company_jinasena_agricultural_machinery_pvt_ltd
tariff_rates_id_23727,10,1,0.0,RIDL,Duty,0.0,Jinasena_MasterData_Purchase.tariff_date_id_1005,Jinasena_MasterData_Purchase.misc_charge_codes_ridl_124,0.0,Jinasena_MasterData_Common.res_company_jinasena_agricultural_machinery_pvt_ltd
tariff_rates_id_23728,10,1,0.0,SRL,Duty,0.0,Jinasena_MasterData_Purchase.tariff_date_id_1005,Jinasena_MasterData_Purchase.misc_charge_codes_srl_125,0.0,Jinasena_MasterData_Common.res_company_jinasena_agricultural_machinery_pvt_ltd
tariff_rates_id_23729,10,1,0.0,Surcharge,Duty,0.0,Jinasena_MasterData_Purchase.tariff_date_id_1005,Jinasena_MasterData_Purchase.misc_charge_codes_surcharge_126,0.0,Jinasena_MasterData_Common.res_company_jinasena_agricultural_machinery_pvt_ltd
tariff_rates_id_23730,10,1,0.0,NBT,Taxes,0.0,Jinasena_MasterData_Purchase.tariff_date_id_1005,Jinasena_MasterData_Purchase.misc_charge_codes_nbt_155,0.0,Jinasena_MasterData_Common.res_company_jinasena_agricultural_machinery_pvt_ltd
tariff_rates_id_23731,10,1,0.0,NBT-N,Taxes,0.0,Jinasena_MasterData_Purchase.tariff_date_id_1005,Jinasena_MasterData_Purchase.misc_charge_codes_nbt_n_156,0.0,Jinasena_MasterData_Common.res_company_jinasena_agricultural_machinery_pvt_ltd
tariff_rates_id_23732,10,1,0.0,VAT-on-Item,Taxes,0.0,Jinasena_MasterData_Purchase.tariff_date_id_1005,Jinasena_MasterData_Purchase.misc_charge_codes_vat_on_item_157,0.0,Jinasena_MasterData_Common.res_company_jinasena_agricultural_machinery_pvt_ltd
tariff_rates_id_23733,10,1,0.0,VAT-on-GL,Taxes,0.0,Jinasena_MasterData_Purchase.tariff_date_id_1005,Jinasena_MasterData_Purchase.misc_charge_codes_vat_on_gl_158,0.0,Jinasena_MasterData_Common.res_company_jinasena_agricultural_machinery_pvt_ltd
tariff_rates_id_23734,10,1,0.0,SSCL,Taxes,0.0,Jinasena_MasterData_Purchase.tariff_date_id_1005,Jinasena_MasterData_Purchase.misc_charge_codes_sscl_159,0.0,Jinasena_MasterData_Common.res_company_jinasena_agricultural_machinery_pvt_ltd
tariff_rates_id_23735,10,1,0.0,CID,Duty,0.0,Jinasena_MasterData_Purchase.tariff_date_id_1006,Jinasena_MasterData_Purchase.misc_charge_codes_cid_119,0.0,Jinasena_MasterData_Common.res_company_jinasena_agricultural_machinery_pvt_ltd
tariff_rates_id_23736,10,1,0.0,EIC,Duty,0.0,Jinasena_MasterData_Purchase.tariff_date_id_1006,Jinasena_MasterData_Purchase.misc_charge_codes_eic_120,0.0,Jinasena_MasterData_Common.res_company_jinasena_agricultural_machinery_pvt_ltd
tariff_rates_id_23737,10,1,0.0,ESC,Duty,0.0,Jinasena_MasterData_Purchase.tariff_date_id_1006,Jinasena_MasterData_Purchase.misc_charge_codes_esc_121,0.0,Jinasena_MasterData_Common.res_company_jinasena_agricultural_machinery_pvt_ltd
tariff_rates_id_23738,10,1,0.0,Excise,Duty,0.0,Jinasena_MasterData_Purchase.tariff_date_id_1006,Jinasena_MasterData_Purchase.misc_charge_codes_excise_122,0.0,Jinasena_MasterData_Common.res_company_jinasena_agricultural_machinery_pvt_ltd
tariff_rates_id_23739,10,1,0.0,PAL,Duty,0.0,Jinasena_MasterData_Purchase.tariff_date_id_1006,Jinasena_MasterData_Purchase.misc_charge_codes_pal_123,0.0,Jinasena_MasterData_Common.res_company_jinasena_agricultural_machinery_pvt_ltd
tariff_rates_id_23740,10,1,0.0,RIDL,Duty,0.0,Jinasena_MasterData_Purchase.tariff_date_id_1006,Jinasena_MasterData_Purchase.misc_charge_codes_ridl_124,0.0,Jinasena_MasterData_Common.res_company_jinasena_agricultural_machinery_pvt_ltd
tariff_rates_id_23741,10,1,0.0,SRL,Duty,0.0,Jinasena_MasterData_Purchase.tariff_date_id_1006,Jinasena_MasterData_Purchase.misc_charge_codes_srl_125,0.0,Jinasena_MasterData_Common.res_company_jinasena_agricultural_machinery_pvt_ltd
tariff_rates_id_23742,10,1,0.0,Surcharge,Duty,0.0,Jinasena_MasterData_Purchase.tariff_date_id_1006,Jinasena_MasterData_Purchase.misc_charge_codes_surcharge_126,0.0,Jinasena_MasterData_Common.res_company_jinasena_agricultural_machinery_pvt_ltd
tariff_rates_id_23743,10,1,0.0,NBT,Taxes,0.0,Jinasena_MasterData_Purchase.tariff_date_id_1006,Jinasena_MasterData_Purchase.misc_charge_codes_nbt_155,0.0,Jinasena_MasterData_Common.res_company_jinasena_agricultural_machinery_pvt_ltd
tariff_rates_id_23744,10,1,0.0,NBT-N,Taxes,0.0,Jinasena_MasterData_Purchase.tariff_date_id_1006,Jinasena_MasterData_Purchase.misc_charge_codes_nbt_n_156,0.0,Jinasena_MasterData_Common.res_company_jinasena_agricultural_machinery_pvt_ltd
tariff_rates_id_23745,10,1,0.0,VAT-on-Item,Taxes,0.0,Jinasena_MasterData_Purchase.tariff_date_id_1006,Jinasena_MasterData_Purchase.misc_charge_codes_vat_on_item_157,0.0,Jinasena_MasterData_Common.res_company_jinasena_agricultural_machinery_pvt_ltd
tariff_rates_id_23746,10,1,0.0,VAT-on-GL,Taxes,0.0,Jinasena_MasterData_Purchase.tariff_date_id_1006,Jinasena_MasterData_Purchase.misc_charge_codes_vat_on_gl_158,0.0,Jinasena_MasterData_Common.res_company_jinasena_agricultural_machinery_pvt_ltd
tariff_rates_id_23747,10,1,0.0,SSCL,Taxes,0.0,Jinasena_MasterData_Purchase.tariff_date_id_1006,Jinasena_MasterData_Purchase.misc_charge_codes_sscl_159,0.0,Jinasena_MasterData_Common.res_company_jinasena_agricultural_machinery_pvt_ltd
tariff_rates_id_23748,10,1,0.0,CID,Duty,0.0,Jinasena_MasterData_Purchase.tariff_date_id_1007,Jinasena_MasterData_Purchase.misc_charge_codes_cid_119,0.0,Jinasena_MasterData_Common.res_company_jinasena_agricultural_machinery_pvt_ltd
tariff_rates_id_23749,10,1,0.0,EIC,Duty,0.0,Jinasena_MasterData_Purchase.tariff_date_id_1007,Jinasena_MasterData_Purchase.misc_charge_codes_eic_120,0.0,Jinasena_MasterData_Common.res_company_jinasena_agricultural_machinery_pvt_ltd
tariff_rates_id_23750,10,1,0.0,ESC,Duty,0.0,Jinasena_MasterData_Purchase.tariff_date_id_1007,Jinasena_MasterData_Purchase.misc_charge_codes_esc_121,0.0,Jinasena_MasterData_Common.res_company_jinasena_agricultural_machinery_pvt_ltd
tariff_rates_id_23751,10,1,0.0,Excise,Duty,0.0,Jinasena_MasterData_Purchase.tariff_date_id_1007,Jinasena_MasterData_Purchase.misc_charge_codes_excise_122,0.0,Jinasena_MasterData_Common.res_company_jinasena_agricultural_machinery_pvt_ltd
tariff_rates_id_23752,10,1,0.0,PAL,Duty,0.0,Jinasena_MasterData_Purchase.tariff_date_id_1007,Jinasena_MasterData_Purchase.misc_charge_codes_pal_123,0.0,Jinasena_MasterData_Common.res_company_jinasena_agricultural_machinery_pvt_ltd
tariff_rates_id_23753,10,1,0.0,RIDL,Duty,0.0,Jinasena_MasterData_Purchase.tariff_date_id_1007,Jinasena_MasterData_Purchase.misc_charge_codes_ridl_124,0.0,Jinasena_MasterData_Common.res_company_jinasena_agricultural_machinery_pvt_ltd
tariff_rates_id_23754,10,1,0.0,SRL,Duty,0.0,Jinasena_MasterData_Purchase.tariff_date_id_1007,Jinasena_MasterData_Purchase.misc_charge_codes_srl_125,0.0,Jinasena_MasterData_Common.res_company_jinasena_agricultural_machinery_pvt_ltd
tariff_rates_id_23755,10,1,0.0,Surcharge,Duty,0.0,Jinasena_MasterData_Purchase.tariff_date_id_1007,Jinasena_MasterData_Purchase.misc_charge_codes_surcharge_126,0.0,Jinasena_MasterData_Common.res_company_jinasena_agricultural_machinery_pvt_ltd
tariff_rates_id_23756,10,1,0.0,NBT,Taxes,0.0,Jinasena_MasterData_Purchase.tariff_date_id_1007,Jinasena_MasterData_Purchase.misc_charge_codes_nbt_155,0.0,Jinasena_MasterData_Common.res_company_jinasena_agricultural_machinery_pvt_ltd
tariff_rates_id_23757,10,1,0.0,NBT-N,Taxes,0.0,Jinasena_MasterData_Purchase.tariff_date_id_1007,Jinasena_MasterData_Purchase.misc_charge_codes_nbt_n_156,0.0,Jinasena_MasterData_Common.res_company_jinasena_agricultural_machinery_pvt_ltd
tariff_rates_id_23758,10,1,0.0,VAT-on-Item,Taxes,0.0,Jinasena_MasterData_Purchase.tariff_date_id_1007,Jinasena_MasterData_Purchase.misc_charge_codes_vat_on_item_157,0.0,Jinasena_MasterData_Common.res_company_jinasena_agricultural_machinery_pvt_ltd
tariff_rates_id_23759,10,1,0.0,VAT-on-GL,Taxes,0.0,Jinasena_MasterData_Purchase.tariff_date_id_1007,Jinasena_MasterData_Purchase.misc_charge_codes_vat_on_gl_158,0.0,Jinasena_MasterData_Common.res_company_jinasena_agricultural_machinery_pvt_ltd
tariff_rates_id_23760,10,1,0.0,SSCL,Taxes,0.0,Jinasena_MasterData_Purchase.tariff_date_id_1007,Jinasena_MasterData_Purchase.misc_charge_codes_sscl_159,0.0,Jinasena_MasterData_Common.res_company_jinasena_agricultural_machinery_pvt_ltd
tariff_rates_id_23761,10,1,0.0,CID,Duty,0.0,Jinasena_MasterData_Purchase.tariff_date_id_1008,Jinasena_MasterData_Purchase.misc_charge_codes_cid_119,0.0,Jinasena_MasterData_Common.res_company_jinasena_agricultural_machinery_pvt_ltd
tariff_rates_id_23762,10,1,0.0,EIC,Duty,0.0,Jinasena_MasterData_Purchase.tariff_date_id_1008,Jinasena_MasterData_Purchase.misc_charge_codes_eic_120,0.0,Jinasena_MasterData_Common.res_company_jinasena_agricultural_machinery_pvt_ltd
tariff_rates_id_23763,10,1,0.0,ESC,Duty,0.0,Jinasena_MasterData_Purchase.tariff_date_id_1008,Jinasena_MasterData_Purchase.misc_charge_codes_esc_121,0.0,Jinasena_MasterData_Common.res_company_jinasena_agricultural_machinery_pvt_ltd
tariff_rates_id_23764,10,1,0.0,Excise,Duty,0.0,Jinasena_MasterData_Purchase.tariff_date_id_1008,Jinasena_MasterData_Purchase.misc_charge_codes_excise_122,0.0,Jinasena_MasterData_Common.res_company_jinasena_agricultural_machinery_pvt_ltd
tariff_rates_id_23765,10,1,0.0,PAL,Duty,0.0,Jinasena_MasterData_Purchase.tariff_date_id_1008,Jinasena_MasterData_Purchase.misc_charge_codes_pal_123,0.0,Jinasena_MasterData_Common.res_company_jinasena_agricultural_machinery_pvt_ltd
tariff_rates_id_23766,10,1,0.0,RIDL,Duty,0.0,Jinasena_MasterData_Purchase.tariff_date_id_1008,Jinasena_MasterData_Purchase.misc_charge_codes_ridl_124,0.0,Jinasena_MasterData_Common.res_company_jinasena_agricultural_machinery_pvt_ltd
tariff_rates_id_23767,10,1,0.0,SRL,Duty,0.0,Jinasena_MasterData_Purchase.tariff_date_id_1008,Jinasena_MasterData_Purchase.misc_charge_codes_srl_125,0.0,Jinasena_MasterData_Common.res_company_jinasena_agricultural_machinery_pvt_ltd
tariff_rates_id_23768,10,1,0.0,Surcharge,Duty,0.0,Jinasena_MasterData_Purchase.tariff_date_id_1008,Jinasena_MasterData_Purchase.misc_charge_codes_surcharge_126,0.0,Jinasena_MasterData_Common.res_company_jinasena_agricultural_machinery_pvt_ltd
tariff_rates_id_23769,10,1,0.0,NBT,Taxes,0.0,Jinasena_MasterData_Purchase.tariff_date_id_1008,Jinasena_MasterData_Purchase.misc_charge_codes_nbt_155,0.0,Jinasena_MasterData_Common.res_company_jinasena_agricultural_machinery_pvt_ltd
tariff_rates_id_23770,10,1,0.0,NBT-N,Taxes,0.0,Jinasena_MasterData_Purchase.tariff_date_id_1008,Jinasena_MasterData_Purchase.misc_charge_codes_nbt_n_156,0.0,Jinasena_MasterData_Common.res_company_jinasena_agricultural_machinery_pvt_ltd
tariff_rates_id_23771,10,1,0.0,VAT-on-Item,Taxes,0.0,Jinasena_MasterData_Purchase.tariff_date_id_1008,Jinasena_MasterData_Purchase.misc_charge_codes_vat_on_item_157,0.0,Jinasena_MasterData_Common.res_company_jinasena_agricultural_machinery_pvt_ltd
tariff_rates_id_23772,10,1,0.0,VAT-on-GL,Taxes,0.0,Jinasena_MasterData_Purchase.tariff_date_id_1008,Jinasena_MasterData_Purchase.misc_charge_codes_vat_on_gl_158,0.0,Jinasena_MasterData_Common.res_company_jinasena_agricultural_machinery_pvt_ltd
tariff_rates_id_23773,10,1,0.0,SSCL,Taxes,0.0,Jinasena_MasterData_Purchase.tariff_date_id_1008,Jinasena_MasterData_Purchase.misc_charge_codes_sscl_159,0.0,Jinasena_MasterData_Common.res_company_jinasena_agricultural_machinery_pvt_ltd
tariff_rates_id_23774,10,1,0.0,CID,Duty,0.0,Jinasena_MasterData_Purchase.tariff_date_id_1009,Jinasena_MasterData_Purchase.misc_charge_codes_cid_119,0.0,Jinasena_MasterData_Common.res_company_jinasena_agricultural_machinery_pvt_ltd
tariff_rates_id_23775,10,1,0.0,EIC,Duty,0.0,Jinasena_MasterData_Purchase.tariff_date_id_1009,Jinasena_MasterData_Purchase.misc_charge_codes_eic_120,0.0,Jinasena_MasterData_Common.res_company_jinasena_agricultural_machinery_pvt_ltd
tariff_rates_id_23776,10,1,0.0,ESC,Duty,0.0,Jinasena_MasterData_Purchase.tariff_date_id_1009,Jinasena_MasterData_Purchase.misc_charge_codes_esc_121,0.0,Jinasena_MasterData_Common.res_company_jinasena_agricultural_machinery_pvt_ltd
tariff_rates_id_23777,10,1,0.0,Excise,Duty,0.0,Jinasena_MasterData_Purchase.tariff_date_id_1009,Jinasena_MasterData_Purchase.misc_charge_codes_excise_122,0.0,Jinasena_MasterData_Common.res_company_jinasena_agricultural_machinery_pvt_ltd
tariff_rates_id_23778,10,1,0.0,PAL,Duty,0.0,Jinasena_MasterData_Purchase.tariff_date_id_1009,Jinasena_MasterData_Purchase.misc_charge_codes_pal_123,0.0,Jinasena_MasterData_Common.res_company_jinasena_agricultural_machinery_pvt_ltd
tariff_rates_id_23779,10,1,0.0,RIDL,Duty,0.0,Jinasena_MasterData_Purchase.tariff_date_id_1009,Jinasena_MasterData_Purchase.misc_charge_codes_ridl_124,0.0,Jinasena_MasterData_Common.res_company_jinasena_agricultural_machinery_pvt_ltd
tariff_rates_id_23780,10,1,0.0,SRL,Duty,0.0,Jinasena_MasterData_Purchase.tariff_date_id_1009,Jinasena_MasterData_Purchase.misc_charge_codes_srl_125,0.0,Jinasena_MasterData_Common.res_company_jinasena_agricultural_machinery_pvt_ltd
tariff_rates_id_23781,10,1,0.0,Surcharge,Duty,0.0,Jinasena_MasterData_Purchase.tariff_date_id_1009,Jinasena_MasterData_Purchase.misc_charge_codes_surcharge_126,0.0,Jinasena_MasterData_Common.res_company_jinasena_agricultural_machinery_pvt_ltd
tariff_rates_id_23782,10,1,0.0,NBT,Taxes,0.0,Jinasena_MasterData_Purchase.tariff_date_id_1009,Jinasena_MasterData_Purchase.misc_charge_codes_nbt_155,0.0,Jinasena_MasterData_Common.res_company_jinasena_agricultural_machinery_pvt_ltd
tariff_rates_id_23783,10,1,0.0,NBT-N,Taxes,0.0,Jinasena_MasterData_Purchase.tariff_date_id_1009,Jinasena_MasterData_Purchase.misc_charge_codes_nbt_n_156,0.0,Jinasena_MasterData_Common.res_company_jinasena_agricultural_machinery_pvt_ltd
tariff_rates_id_23784,10,1,0.0,VAT-on-Item,Taxes,0.0,Jinasena_MasterData_Purchase.tariff_date_id_1009,Jinasena_MasterData_Purchase.misc_charge_codes_vat_on_item_157,0.0,Jinasena_MasterData_Common.res_company_jinasena_agricultural_machinery_pvt_ltd
tariff_rates_id_23785,10,1,0.0,VAT-on-GL,Taxes,0.0,Jinasena_MasterData_Purchase.tariff_date_id_1009,Jinasena_MasterData_Purchase.misc_charge_codes_vat_on_gl_158,0.0,Jinasena_MasterData_Common.res_company_jinasena_agricultural_machinery_pvt_ltd
tariff_rates_id_23786,10,1,0.0,SSCL,Taxes,0.0,Jinasena_MasterData_Purchase.tariff_date_id_1009,Jinasena_MasterData_Purchase.misc_charge_codes_sscl_159,0.0,Jinasena_MasterData_Common.res_company_jinasena_agricultural_machinery_pvt_ltd
tariff_rates_id_23787,10,1,0.0,CID,Duty,0.0,Jinasena_MasterData_Purchase.tariff_date_id_1010,Jinasena_MasterData_Purchase.misc_charge_codes_cid_119,0.0,Jinasena_MasterData_Common.res_company_jinasena_agricultural_machinery_pvt_ltd
tariff_rates_id_23788,10,1,0.0,EIC,Duty,0.0,Jinasena_MasterData_Purchase.tariff_date_id_1010,Jinasena_MasterData_Purchase.misc_charge_codes_eic_120,0.0,Jinasena_MasterData_Common.res_company_jinasena_agricultural_machinery_pvt_ltd
tariff_rates_id_23789,10,1,0.0,ESC,Duty,0.0,Jinasena_MasterData_Purchase.tariff_date_id_1010,Jinasena_MasterData_Purchase.misc_charge_codes_esc_121,0.0,Jinasena_MasterData_Common.res_company_jinasena_agricultural_machinery_pvt_ltd
tariff_rates_id_23790,10,1,0.0,Excise,Duty,0.0,Jinasena_MasterData_Purchase.tariff_date_id_1010,Jinasena_MasterData_Purchase.misc_charge_codes_excise_122,0.0,Jinasena_MasterData_Common.res_company_jinasena_agricultural_machinery_pvt_ltd
tariff_rates_id_23791,10,1,0.0,PAL,Duty,0.0,Jinasena_MasterData_Purchase.tariff_date_id_1010,Jinasena_MasterData_Purchase.misc_charge_codes_pal_123,0.0,Jinasena_MasterData_Common.res_company_jinasena_agricultural_machinery_pvt_ltd
tariff_rates_id_23792,10,1,0.0,RIDL,Duty,0.0,Jinasena_MasterData_Purchase.tariff_date_id_1010,Jinasena_MasterData_Purchase.misc_charge_codes_ridl_124,0.0,Jinasena_MasterData_Common.res_company_jinasena_agricultural_machinery_pvt_ltd
tariff_rates_id_23793,10,1,0.0,SRL,Duty,0.0,Jinasena_MasterData_Purchase.tariff_date_id_1010,Jinasena_MasterData_Purchase.misc_charge_codes_srl_125,0.0,Jinasena_MasterData_Common.res_company_jinasena_agricultural_machinery_pvt_ltd
tariff_rates_id_23794,10,1,0.0,Surcharge,Duty,0.0,Jinasena_MasterData_Purchase.tariff_date_id_1010,Jinasena_MasterData_Purchase.misc_charge_codes_surcharge_126,0.0,Jinasena_MasterData_Common.res_company_jinasena_agricultural_machinery_pvt_ltd
tariff_rates_id_23795,10,1,0.0,NBT,Taxes,0.0,Jinasena_MasterData_Purchase.tariff_date_id_1010,Jinasena_MasterData_Purchase.misc_charge_codes_nbt_155,0.0,Jinasena_MasterData_Common.res_company_jinasena_agricultural_machinery_pvt_ltd
tariff_rates_id_23796,10,1,0.0,NBT-N,Taxes,0.0,Jinasena_MasterData_Purchase.tariff_date_id_1010,Jinasena_MasterData_Purchase.misc_charge_codes_nbt_n_156,0.0,Jinasena_MasterData_Common.res_company_jinasena_agricultural_machinery_pvt_ltd
tariff_rates_id_23797,10,1,0.0,VAT-on-Item,Taxes,0.0,Jinasena_MasterData_Purchase.tariff_date_id_1010,Jinasena_MasterData_Purchase.misc_charge_codes_vat_on_item_157,0.0,Jinasena_MasterData_Common.res_company_jinasena_agricultural_machinery_pvt_ltd
tariff_rates_id_23798,10,1,0.0,VAT-on-GL,Taxes,0.0,Jinasena_MasterData_Purchase.tariff_date_id_1010,Jinasena_MasterData_Purchase.misc_charge_codes_vat_on_gl_158,0.0,Jinasena_MasterData_Common.res_company_jinasena_agricultural_machinery_pvt_ltd
tariff_rates_id_23799,10,1,0.0,SSCL,Taxes,0.0,Jinasena_MasterData_Purchase.tariff_date_id_1010,Jinasena_MasterData_Purchase.misc_charge_codes_sscl_159,0.0,Jinasena_MasterData_Common.res_company_jinasena_agricultural_machinery_pvt_ltd
tariff_rates_id_23800,10,1,0.0,CID,Duty,0.0,Jinasena_MasterData_Purchase.tariff_date_id_1011,Jinasena_MasterData_Purchase.misc_charge_codes_cid_119,0.0,Jinasena_MasterData_Common.res_company_jinasena_agricultural_machinery_pvt_ltd
tariff_rates_id_23801,10,1,0.0,EIC,Duty,0.0,Jinasena_MasterData_Purchase.tariff_date_id_1011,Jinasena_MasterData_Purchase.misc_charge_codes_eic_120,0.0,Jinasena_MasterData_Common.res_company_jinasena_agricultural_machinery_pvt_ltd
tariff_rates_id_23802,10,1,0.0,ESC,Duty,0.0,Jinasena_MasterData_Purchase.tariff_date_id_1011,Jinasena_MasterData_Purchase.misc_charge_codes_esc_121,0.0,Jinasena_MasterData_Common.res_company_jinasena_agricultural_machinery_pvt_ltd
tariff_rates_id_23803,10,1,0.0,Excise,Duty,0.0,Jinasena_MasterData_Purchase.tariff_date_id_1011,Jinasena_MasterData_Purchase.misc_charge_codes_excise_122,0.0,Jinasena_MasterData_Common.res_company_jinasena_agricultural_machinery_pvt_ltd
tariff_rates_id_23804,10,1,0.0,PAL,Duty,0.0,Jinasena_MasterData_Purchase.tariff_date_id_1011,Jinasena_MasterData_Purchase.misc_charge_codes_pal_123,0.0,Jinasena_MasterData_Common.res_company_jinasena_agricultural_machinery_pvt_ltd
tariff_rates_id_23805,10,1,0.0,RIDL,Duty,0.0,Jinasena_MasterData_Purchase.tariff_date_id_1011,Jinasena_MasterData_Purchase.misc_charge_codes_ridl_124,0.0,Jinasena_MasterData_Common.res_company_jinasena_agricultural_machinery_pvt_ltd
tariff_rates_id_23806,10,1,0.0,SRL,Duty,0.0,Jinasena_MasterData_Purchase.tariff_date_id_1011,Jinasena_MasterData_Purchase.misc_charge_codes_srl_125,0.0,Jinasena_MasterData_Common.res_company_jinasena_agricultural_machinery_pvt_ltd
tariff_rates_id_23807,10,1,0.0,Surcharge,Duty,0.0,Jinasena_MasterData_Purchase.tariff_date_id_1011,Jinasena_MasterData_Purchase.misc_charge_codes_surcharge_126,0.0,Jinasena_MasterData_Common.res_company_jinasena_agricultural_machinery_pvt_ltd
tariff_rates_id_23808,10,1,0.0,NBT,Taxes,0.0,Jinasena_MasterData_Purchase.tariff_date_id_1011,Jinasena_MasterData_Purchase.misc_charge_codes_nbt_155,0.0,Jinasena_MasterData_Common.res_company_jinasena_agricultural_machinery_pvt_ltd
tariff_rates_id_23809,10,1,0.0,NBT-N,Taxes,0.0,Jinasena_MasterData_Purchase.tariff_date_id_1011,Jinasena_MasterData_Purchase.misc_charge_codes_nbt_n_156,0.0,Jinasena_MasterData_Common.res_company_jinasena_agricultural_machinery_pvt_ltd
tariff_rates_id_23810,10,1,0.0,VAT-on-Item,Taxes,0.0,Jinasena_MasterData_Purchase.tariff_date_id_1011,Jinasena_MasterData_Purchase.misc_charge_codes_vat_on_item_157,0.0,Jinasena_MasterData_Common.res_company_jinasena_agricultural_machinery_pvt_ltd
tariff_rates_id_23811,10,1,0.0,VAT-on-GL,Taxes,0.0,Jinasena_MasterData_Purchase.tariff_date_id_1011,Jinasena_MasterData_Purchase.misc_charge_codes_vat_on_gl_158,0.0,Jinasena_MasterData_Common.res_company_jinasena_agricultural_machinery_pvt_ltd
tariff_rates_id_23812,10,1,0.0,SSCL,Taxes,0.0,Jinasena_MasterData_Purchase.tariff_date_id_1011,Jinasena_MasterData_Purchase.misc_charge_codes_sscl_159,0.0,Jinasena_MasterData_Common.res_company_jinasena_agricultural_machinery_pvt_ltd
tariff_rates_id_23813,10,1,0.0,CID,Duty,0.0,Jinasena_MasterData_Purchase.tariff_date_id_1012,Jinasena_MasterData_Purchase.misc_charge_codes_cid_119,0.0,Jinasena_MasterData_Common.res_company_jinasena_agricultural_machinery_pvt_ltd
tariff_rates_id_23814,10,1,0.0,EIC,Duty,0.0,Jinasena_MasterData_Purchase.tariff_date_id_1012,Jinasena_MasterData_Purchase.misc_charge_codes_eic_120,0.0,Jinasena_MasterData_Common.res_company_jinasena_agricultural_machinery_pvt_ltd
tariff_rates_id_23815,10,1,0.0,ESC,Duty,0.0,Jinasena_MasterData_Purchase.tariff_date_id_1012,Jinasena_MasterData_Purchase.misc_charge_codes_esc_121,0.0,Jinasena_MasterData_Common.res_company_jinasena_agricultural_machinery_pvt_ltd
tariff_rates_id_23816,10,1,0.0,Excise,Duty,0.0,Jinasena_MasterData_Purchase.tariff_date_id_1012,Jinasena_MasterData_Purchase.misc_charge_codes_excise_122,0.0,Jinasena_MasterData_Common.res_company_jinasena_agricultural_machinery_pvt_ltd
tariff_rates_id_23817,10,1,0.0,PAL,Duty,0.0,Jinasena_MasterData_Purchase.tariff_date_id_1012,Jinasena_MasterData_Purchase.misc_charge_codes_pal_123,0.0,Jinasena_MasterData_Common.res_company_jinasena_agricultural_machinery_pvt_ltd
tariff_rates_id_23818,10,1,0.0,RIDL,Duty,0.0,Jinasena_MasterData_Purchase.tariff_date_id_1012,Jinasena_MasterData_Purchase.misc_charge_codes_ridl_124,0.0,Jinasena_MasterData_Common.res_company_jinasena_agricultural_machinery_pvt_ltd
tariff_rates_id_23819,10,1,0.0,SRL,Duty,0.0,Jinasena_MasterData_Purchase.tariff_date_id_1012,Jinasena_MasterData_Purchase.misc_charge_codes_srl_125,0.0,Jinasena_MasterData_Common.res_company_jinasena_agricultural_machinery_pvt_ltd
tariff_rates_id_23820,10,1,0.0,Surcharge,Duty,0.0,Jinasena_MasterData_Purchase.tariff_date_id_1012,Jinasena_MasterData_Purchase.misc_charge_codes_surcharge_126,0.0,Jinasena_MasterData_Common.res_company_jinasena_agricultural_machinery_pvt_ltd
tariff_rates_id_23821,10,1,0.0,NBT,Taxes,0.0,Jinasena_MasterData_Purchase.tariff_date_id_1012,Jinasena_MasterData_Purchase.misc_charge_codes_nbt_155,0.0,Jinasena_MasterData_Common.res_company_jinasena_agricultural_machinery_pvt_ltd
tariff_rates_id_23822,10,1,0.0,NBT-N,Taxes,0.0,Jinasena_MasterData_Purchase.tariff_date_id_1012,Jinasena_MasterData_Purchase.misc_charge_codes_nbt_n_156,0.0,Jinasena_MasterData_Common.res_company_jinasena_agricultural_machinery_pvt_ltd
tariff_rates_id_23823,10,1,0.0,VAT-on-Item,Taxes,0.0,Jinasena_MasterData_Purchase.tariff_date_id_1012,Jinasena_MasterData_Purchase.misc_charge_codes_vat_on_item_157,0.0,Jinasena_MasterData_Common.res_company_jinasena_agricultural_machinery_pvt_ltd
tariff_rates_id_23824,10,1,0.0,VAT-on-GL,Taxes,0.0,Jinasena_MasterData_Purchase.tariff_date_id_1012,Jinasena_MasterData_Purchase.misc_charge_codes_vat_on_gl_158,0.0,Jinasena_MasterData_Common.res_company_jinasena_agricultural_machinery_pvt_ltd
tariff_rates_id_23825,10,1,0.0,SSCL,Taxes,0.0,Jinasena_MasterData_Purchase.tariff_date_id_1012,Jinasena_MasterData_Purchase.misc_charge_codes_sscl_159,0.0,Jinasena_MasterData_Common.res_company_jinasena_agricultural_machinery_pvt_ltd
tariff_rates_id_23826,10,1,0.0,CID,Duty,0.0,Jinasena_MasterData_Purchase.tariff_date_id_1013,Jinasena_MasterData_Purchase.misc_charge_codes_cid_119,0.0,Jinasena_MasterData_Common.res_company_jinasena_agricultural_machinery_pvt_ltd
tariff_rates_id_23827,10,1,0.0,EIC,Duty,0.0,Jinasena_MasterData_Purchase.tariff_date_id_1013,Jinasena_MasterData_Purchase.misc_charge_codes_eic_120,0.0,Jinasena_MasterData_Common.res_company_jinasena_agricultural_machinery_pvt_ltd
tariff_rates_id_23828,10,1,0.0,ESC,Duty,0.0,Jinasena_MasterData_Purchase.tariff_date_id_1013,Jinasena_MasterData_Purchase.misc_charge_codes_esc_121,0.0,Jinasena_MasterData_Common.res_company_jinasena_agricultural_machinery_pvt_ltd
tariff_rates_id_23829,10,1,0.0,Excise,Duty,0.0,Jinasena_MasterData_Purchase.tariff_date_id_1013,Jinasena_MasterData_Purchase.misc_charge_codes_excise_122,0.0,Jinasena_MasterData_Common.res_company_jinasena_agricultural_machinery_pvt_ltd
tariff_rates_id_23830,10,1,0.0,PAL,Duty,0.0,Jinasena_MasterData_Purchase.tariff_date_id_1013,Jinasena_MasterData_Purchase.misc_charge_codes_pal_123,0.0,Jinasena_MasterData_Common.res_company_jinasena_agricultural_machinery_pvt_ltd
tariff_rates_id_23831,10,1,0.0,RIDL,Duty,0.0,Jinasena_MasterData_Purchase.tariff_date_id_1013,Jinasena_MasterData_Purchase.misc_charge_codes_ridl_124,0.0,Jinasena_MasterData_Common.res_company_jinasena_agricultural_machinery_pvt_ltd
tariff_rates_id_23832,10,1,0.0,SRL,Duty,0.0,Jinasena_MasterData_Purchase.tariff_date_id_1013,Jinasena_MasterData_Purchase.misc_charge_codes_srl_125,0.0,Jinasena_MasterData_Common.res_company_jinasena_agricultural_machinery_pvt_ltd
tariff_rates_id_23833,10,1,0.0,Surcharge,Duty,0.0,Jinasena_MasterData_Purchase.tariff_date_id_1013,Jinasena_MasterData_Purchase.misc_charge_codes_surcharge_126,0.0,Jinasena_MasterData_Common.res_company_jinasena_agricultural_machinery_pvt_ltd
tariff_rates_id_23834,10,1,0.0,NBT,Taxes,0.0,Jinasena_MasterData_Purchase.tariff_date_id_1013,Jinasena_MasterData_Purchase.misc_charge_codes_nbt_155,0.0,Jinasena_MasterData_Common.res_company_jinasena_agricultural_machinery_pvt_ltd
tariff_rates_id_23835,10,1,0.0,NBT-N,Taxes,0.0,Jinasena_MasterData_Purchase.tariff_date_id_1013,Jinasena_MasterData_Purchase.misc_charge_codes_nbt_n_156,0.0,Jinasena_MasterData_Common.res_company_jinasena_agricultural_machinery_pvt_ltd
tariff_rates_id_23836,10,1,0.0,VAT-on-Item,Taxes,0.0,Jinasena_MasterData_Purchase.tariff_date_id_1013,Jinasena_MasterData_Purchase.misc_charge_codes_vat_on_item_157,0.0,Jinasena_MasterData_Common.res_company_jinasena_agricultural_machinery_pvt_ltd
tariff_rates_id_23837,10,1,0.0,VAT-on-GL,Taxes,0.0,Jinasena_MasterData_Purchase.tariff_date_id_1013,Jinasena_MasterData_Purchase.misc_charge_codes_vat_on_gl_158,0.0,Jinasena_MasterData_Common.res_company_jinasena_agricultural_machinery_pvt_ltd
tariff_rates_id_23838,10,1,0.0,SSCL,Taxes,0.0,Jinasena_MasterData_Purchase.tariff_date_id_1013,Jinasena_MasterData_Purchase.misc_charge_codes_sscl_159,0.0,Jinasena_MasterData_Common.res_company_jinasena_agricultural_machinery_pvt_ltd
tariff_rates_id_23839,10,1,0.0,CID,Duty,0.0,Jinasena_MasterData_Purchase.tariff_date_id_1014,Jinasena_MasterData_Purchase.misc_charge_codes_cid_119,0.0,Jinasena_MasterData_Common.res_company_jinasena_agricultural_machinery_pvt_ltd
tariff_rates_id_23840,10,1,0.0,EIC,Duty,0.0,Jinasena_MasterData_Purchase.tariff_date_id_1014,Jinasena_MasterData_Purchase.misc_charge_codes_eic_120,0.0,Jinasena_MasterData_Common.res_company_jinasena_agricultural_machinery_pvt_ltd
tariff_rates_id_23841,10,1,0.0,ESC,Duty,0.0,Jinasena_MasterData_Purchase.tariff_date_id_1014,Jinasena_MasterData_Purchase.misc_charge_codes_esc_121,0.0,Jinasena_MasterData_Common.res_company_jinasena_agricultural_machinery_pvt_ltd
tariff_rates_id_23842,10,1,0.0,Excise,Duty,0.0,Jinasena_MasterData_Purchase.tariff_date_id_1014,Jinasena_MasterData_Purchase.misc_charge_codes_excise_122,0.0,Jinasena_MasterData_Common.res_company_jinasena_agricultural_machinery_pvt_ltd
tariff_rates_id_23843,10,1,0.0,PAL,Duty,0.0,Jinasena_MasterData_Purchase.tariff_date_id_1014,Jinasena_MasterData_Purchase.misc_charge_codes_pal_123,0.0,Jinasena_MasterData_Common.res_company_jinasena_agricultural_machinery_pvt_ltd
tariff_rates_id_23844,10,1,0.0,RIDL,Duty,0.0,Jinasena_MasterData_Purchase.tariff_date_id_1014,Jinasena_MasterData_Purchase.misc_charge_codes_ridl_124,0.0,Jinasena_MasterData_Common.res_company_jinasena_agricultural_machinery_pvt_ltd
tariff_rates_id_23845,10,1,0.0,SRL,Duty,0.0,Jinasena_MasterData_Purchase.tariff_date_id_1014,Jinasena_MasterData_Purchase.misc_charge_codes_srl_125,0.0,Jinasena_MasterData_Common.res_company_jinasena_agricultural_machinery_pvt_ltd
tariff_rates_id_23846,10,1,0.0,Surcharge,Duty,0.0,Jinasena_MasterData_Purchase.tariff_date_id_1014,Jinasena_MasterData_Purchase.misc_charge_codes_surcharge_126,0.0,Jinasena_MasterData_Common.res_company_jinasena_agricultural_machinery_pvt_ltd
tariff_rates_id_23847,10,1,0.0,NBT,Taxes,0.0,Jinasena_MasterData_Purchase.tariff_date_id_1014,Jinasena_MasterData_Purchase.misc_charge_codes_nbt_155,0.0,Jinasena_MasterData_Common.res_company_jinasena_agricultural_machinery_pvt_ltd
tariff_rates_id_23848,10,1,0.0,NBT-N,Taxes,0.0,Jinasena_MasterData_Purchase.tariff_date_id_1014,Jinasena_MasterData_Purchase.misc_charge_codes_nbt_n_156,0.0,Jinasena_MasterData_Common.res_company_jinasena_agricultural_machinery_pvt_ltd
tariff_rates_id_23849,10,1,0.0,VAT-on-Item,Taxes,0.0,Jinasena_MasterData_Purchase.tariff_date_id_1014,Jinasena_MasterData_Purchase.misc_charge_codes_vat_on_item_157,0.0,Jinasena_MasterData_Common.res_company_jinasena_agricultural_machinery_pvt_ltd
tariff_rates_id_23850,10,1,0.0,VAT-on-GL,Taxes,0.0,Jinasena_MasterData_Purchase.tariff_date_id_1014,Jinasena_MasterData_Purchase.misc_charge_codes_vat_on_gl_158,0.0,Jinasena_MasterData_Common.res_company_jinasena_agricultural_machinery_pvt_ltd
tariff_rates_id_23851,10,1,0.0,SSCL,Taxes,0.0,Jinasena_MasterData_Purchase.tariff_date_id_1014,Jinasena_MasterData_Purchase.misc_charge_codes_sscl_159,0.0,Jinasena_MasterData_Common.res_company_jinasena_agricultural_machinery_pvt_ltd
tariff_rates_id_23852,10,1,0.0,CID,Duty,0.0,Jinasena_MasterData_Purchase.tariff_date_id_1015,Jinasena_MasterData_Purchase.misc_charge_codes_cid_119,0.0,Jinasena_MasterData_Common.res_company_jinasena_agricultural_machinery_pvt_ltd
tariff_rates_id_23853,10,1,0.0,EIC,Duty,0.0,Jinasena_MasterData_Purchase.tariff_date_id_1015,Jinasena_MasterData_Purchase.misc_charge_codes_eic_120,0.0,Jinasena_MasterData_Common.res_company_jinasena_agricultural_machinery_pvt_ltd
tariff_rates_id_23854,10,1,0.0,ESC,Duty,0.0,Jinasena_MasterData_Purchase.tariff_date_id_1015,Jinasena_MasterData_Purchase.misc_charge_codes_esc_121,0.0,Jinasena_MasterData_Common.res_company_jinasena_agricultural_machinery_pvt_ltd
tariff_rates_id_23855,10,1,0.0,Excise,Duty,0.0,Jinasena_MasterData_Purchase.tariff_date_id_1015,Jinasena_MasterData_Purchase.misc_charge_codes_excise_122,0.0,Jinasena_MasterData_Common.res_company_jinasena_agricultural_machinery_pvt_ltd
tariff_rates_id_23856,10,1,0.0,PAL,Duty,0.0,Jinasena_MasterData_Purchase.tariff_date_id_1015,Jinasena_MasterData_Purchase.misc_charge_codes_pal_123,0.0,Jinasena_MasterData_Common.res_company_jinasena_agricultural_machinery_pvt_ltd
tariff_rates_id_23857,10,1,0.0,RIDL,Duty,0.0,Jinasena_MasterData_Purchase.tariff_date_id_1015,Jinasena_MasterData_Purchase.misc_charge_codes_ridl_124,0.0,Jinasena_MasterData_Common.res_company_jinasena_agricultural_machinery_pvt_ltd
tariff_rates_id_23858,10,1,0.0,SRL,Duty,0.0,Jinasena_MasterData_Purchase.tariff_date_id_1015,Jinasena_MasterData_Purchase.misc_charge_codes_srl_125,0.0,Jinasena_MasterData_Common.res_company_jinasena_agricultural_machinery_pvt_ltd
tariff_rates_id_23859,10,1,0.0,Surcharge,Duty,0.0,Jinasena_MasterData_Purchase.tariff_date_id_1015,Jinasena_MasterData_Purchase.misc_charge_codes_surcharge_126,0.0,Jinasena_MasterData_Common.res_company_jinasena_agricultural_machinery_pvt_ltd
tariff_rates_id_23860,10,1,0.0,NBT,Taxes,0.0,Jinasena_MasterData_Purchase.tariff_date_id_1015,Jinasena_MasterData_Purchase.misc_charge_codes_nbt_155,0.0,Jinasena_MasterData_Common.res_company_jinasena_agricultural_machinery_pvt_ltd
tariff_rates_id_23861,10,1,0.0,NBT-N,Taxes,0.0,Jinasena_MasterData_Purchase.tariff_date_id_1015,Jinasena_MasterData_Purchase.misc_charge_codes_nbt_n_156,0.0,Jinasena_MasterData_Common.res_company_jinasena_agricultural_machinery_pvt_ltd
tariff_rates_id_23862,10,1,0.0,VAT-on-Item,Taxes,0.0,Jinasena_MasterData_Purchase.tariff_date_id_1015,Jinasena_MasterData_Purchase.misc_charge_codes_vat_on_item_157,0.0,Jinasena_MasterData_Common.res_company_jinasena_agricultural_machinery_pvt_ltd
tariff_rates_id_23863,10,1,0.0,VAT-on-GL,Taxes,0.0,Jinasena_MasterData_Purchase.tariff_date_id_1015,Jinasena_MasterData_Purchase.misc_charge_codes_vat_on_gl_158,0.0,Jinasena_MasterData_Common.res_company_jinasena_agricultural_machinery_pvt_ltd
tariff_rates_id_23864,10,1,0.0,SSCL,Taxes,0.0,Jinasena_MasterData_Purchase.tariff_date_id_1015,Jinasena_MasterData_Purchase.misc_charge_codes_sscl_159,0.0,Jinasena_MasterData_Common.res_company_jinasena_agricultural_machinery_pvt_ltd
tariff_rates_id_23865,10,1,0.0,CID,Duty,0.0,Jinasena_MasterData_Purchase.tariff_date_id_1016,Jinasena_MasterData_Purchase.misc_charge_codes_cid_119,0.0,Jinasena_MasterData_Common.res_company_jinasena_agricultural_machinery_pvt_ltd
tariff_rates_id_23866,10,1,0.0,EIC,Duty,0.0,Jinasena_MasterData_Purchase.tariff_date_id_1016,Jinasena_MasterData_Purchase.misc_charge_codes_eic_120,0.0,Jinasena_MasterData_Common.res_company_jinasena_agricultural_machinery_pvt_ltd
tariff_rates_id_23867,10,1,0.0,ESC,Duty,0.0,Jinasena_MasterData_Purchase.tariff_date_id_1016,Jinasena_MasterData_Purchase.misc_charge_codes_esc_121,0.0,Jinasena_MasterData_Common.res_company_jinasena_agricultural_machinery_pvt_ltd
tariff_rates_id_23868,10,1,0.0,Excise,Duty,0.0,Jinasena_MasterData_Purchase.tariff_date_id_1016,Jinasena_MasterData_Purchase.misc_charge_codes_excise_122,0.0,Jinasena_MasterData_Common.res_company_jinasena_agricultural_machinery_pvt_ltd
tariff_rates_id_23869,10,1,0.0,PAL,Duty,0.0,Jinasena_MasterData_Purchase.tariff_date_id_1016,Jinasena_MasterData_Purchase.misc_charge_codes_pal_123,0.0,Jinasena_MasterData_Common.res_company_jinasena_agricultural_machinery_pvt_ltd
tariff_rates_id_23870,10,1,0.0,RIDL,Duty,0.0,Jinasena_MasterData_Purchase.tariff_date_id_1016,Jinasena_MasterData_Purchase.misc_charge_codes_ridl_124,0.0,Jinasena_MasterData_Common.res_company_jinasena_agricultural_machinery_pvt_ltd
tariff_rates_id_23871,10,1,0.0,SRL,Duty,0.0,Jinasena_MasterData_Purchase.tariff_date_id_1016,Jinasena_MasterData_Purchase.misc_charge_codes_srl_125,0.0,Jinasena_MasterData_Common.res_company_jinasena_agricultural_machinery_pvt_ltd
tariff_rates_id_23872,10,1,0.0,Surcharge,Duty,0.0,Jinasena_MasterData_Purchase.tariff_date_id_1016,Jinasena_MasterData_Purchase.misc_charge_codes_surcharge_126,0.0,Jinasena_MasterData_Common.res_company_jinasena_agricultural_machinery_pvt_ltd
tariff_rates_id_23873,10,1,0.0,NBT,Taxes,0.0,Jinasena_MasterData_Purchase.tariff_date_id_1016,Jinasena_MasterData_Purchase.misc_charge_codes_nbt_155,0.0,Jinasena_MasterData_Common.res_company_jinasena_agricultural_machinery_pvt_ltd
tariff_rates_id_23874,10,1,0.0,NBT-N,Taxes,0.0,Jinasena_MasterData_Purchase.tariff_date_id_1016,Jinasena_MasterData_Purchase.misc_charge_codes_nbt_n_156,0.0,Jinasena_MasterData_Common.res_company_jinasena_agricultural_machinery_pvt_ltd
tariff_rates_id_23875,10,1,0.0,VAT-on-Item,Taxes,0.0,Jinasena_MasterData_Purchase.tariff_date_id_1016,Jinasena_MasterData_Purchase.misc_charge_codes_vat_on_item_157,0.0,Jinasena_MasterData_Common.res_company_jinasena_agricultural_machinery_pvt_ltd
tariff_rates_id_23876,10,1,0.0,VAT-on-GL,Taxes,0.0,Jinasena_MasterData_Purchase.tariff_date_id_1016,Jinasena_MasterData_Purchase.misc_charge_codes_vat_on_gl_158,0.0,Jinasena_MasterData_Common.res_company_jinasena_agricultural_machinery_pvt_ltd
tariff_rates_id_23877,10,1,0.0,SSCL,Taxes,0.0,Jinasena_MasterData_Purchase.tariff_date_id_1016,Jinasena_MasterData_Purchase.misc_charge_codes_sscl_159,0.0,Jinasena_MasterData_Common.res_company_jinasena_agricultural_machinery_pvt_ltd
tariff_rates_id_23878,10,1,0.0,CID,Duty,0.0,Jinasena_MasterData_Purchase.tariff_date_id_1017,Jinasena_MasterData_Purchase.misc_charge_codes_cid_119,0.0,Jinasena_MasterData_Common.res_company_jinasena_agricultural_machinery_pvt_ltd
tariff_rates_id_23879,10,1,0.0,EIC,Duty,0.0,Jinasena_MasterData_Purchase.tariff_date_id_1017,Jinasena_MasterData_Purchase.misc_charge_codes_eic_120,0.0,Jinasena_MasterData_Common.res_company_jinasena_agricultural_machinery_pvt_ltd
tariff_rates_id_23880,10,1,0.0,ESC,Duty,0.0,Jinasena_MasterData_Purchase.tariff_date_id_1017,Jinasena_MasterData_Purchase.misc_charge_codes_esc_121,0.0,Jinasena_MasterData_Common.res_company_jinasena_agricultural_machinery_pvt_ltd
tariff_rates_id_23881,10,1,0.0,Excise,Duty,0.0,Jinasena_MasterData_Purchase.tariff_date_id_1017,Jinasena_MasterData_Purchase.misc_charge_codes_excise_122,0.0,Jinasena_MasterData_Common.res_company_jinasena_agricultural_machinery_pvt_ltd
tariff_rates_id_23882,10,1,0.0,PAL,Duty,0.0,Jinasena_MasterData_Purchase.tariff_date_id_1017,Jinasena_MasterData_Purchase.misc_charge_codes_pal_123,0.0,Jinasena_MasterData_Common.res_company_jinasena_agricultural_machinery_pvt_ltd
tariff_rates_id_23883,10,1,0.0,RIDL,Duty,0.0,Jinasena_MasterData_Purchase.tariff_date_id_1017,Jinasena_MasterData_Purchase.misc_charge_codes_ridl_124,0.0,Jinasena_MasterData_Common.res_company_jinasena_agricultural_machinery_pvt_ltd
tariff_rates_id_23884,10,1,0.0,SRL,Duty,0.0,Jinasena_MasterData_Purchase.tariff_date_id_1017,Jinasena_MasterData_Purchase.misc_charge_codes_srl_125,0.0,Jinasena_MasterData_Common.res_company_jinasena_agricultural_machinery_pvt_ltd
tariff_rates_id_23885,10,1,0.0,Surcharge,Duty,0.0,Jinasena_MasterData_Purchase.tariff_date_id_1017,Jinasena_MasterData_Purchase.misc_charge_codes_surcharge_126,0.0,Jinasena_MasterData_Common.res_company_jinasena_agricultural_machinery_pvt_ltd
tariff_rates_id_23886,10,1,0.0,NBT,Taxes,0.0,Jinasena_MasterData_Purchase.tariff_date_id_1017,Jinasena_MasterData_Purchase.misc_charge_codes_nbt_155,0.0,Jinasena_MasterData_Common.res_company_jinasena_agricultural_machinery_pvt_ltd
tariff_rates_id_23887,10,1,0.0,NBT-N,Taxes,0.0,Jinasena_MasterData_Purchase.tariff_date_id_1017,Jinasena_MasterData_Purchase.misc_charge_codes_nbt_n_156,0.0,Jinasena_MasterData_Common.res_company_jinasena_agricultural_machinery_pvt_ltd
tariff_rates_id_23888,10,1,0.0,VAT-on-Item,Taxes,0.0,Jinasena_MasterData_Purchase.tariff_date_id_1017,Jinasena_MasterData_Purchase.misc_charge_codes_vat_on_item_157,0.0,Jinasena_MasterData_Common.res_company_jinasena_agricultural_machinery_pvt_ltd
tariff_rates_id_23889,10,1,0.0,VAT-on-GL,Taxes,0.0,Jinasena_MasterData_Purchase.tariff_date_id_1017,Jinasena_MasterData_Purchase.misc_charge_codes_vat_on_gl_158,0.0,Jinasena_MasterData_Common.res_company_jinasena_agricultural_machinery_pvt_ltd
tariff_rates_id_23890,10,1,0.0,SSCL,Taxes,0.0,Jinasena_MasterData_Purchase.tariff_date_id_1017,Jinasena_MasterData_Purchase.misc_charge_codes_sscl_159,0.0,Jinasena_MasterData_Common.res_company_jinasena_agricultural_machinery_pvt_ltd
tariff_rates_id_23891,10,1,0.0,CID,Duty,0.0,Jinasena_MasterData_Purchase.tariff_date_id_1018,Jinasena_MasterData_Purchase.misc_charge_codes_cid_119,0.0,Jinasena_MasterData_Common.res_company_jinasena_agricultural_machinery_pvt_ltd
tariff_rates_id_23892,10,1,0.0,EIC,Duty,0.0,Jinasena_MasterData_Purchase.tariff_date_id_1018,Jinasena_MasterData_Purchase.misc_charge_codes_eic_120,0.0,Jinasena_MasterData_Common.res_company_jinasena_agricultural_machinery_pvt_ltd
tariff_rates_id_23893,10,1,0.0,ESC,Duty,0.0,Jinasena_MasterData_Purchase.tariff_date_id_1018,Jinasena_MasterData_Purchase.misc_charge_codes_esc_121,0.0,Jinasena_MasterData_Common.res_company_jinasena_agricultural_machinery_pvt_ltd
tariff_rates_id_23894,10,1,0.0,Excise,Duty,0.0,Jinasena_MasterData_Purchase.tariff_date_id_1018,Jinasena_MasterData_Purchase.misc_charge_codes_excise_122,0.0,Jinasena_MasterData_Common.res_company_jinasena_agricultural_machinery_pvt_ltd
tariff_rates_id_23895,10,1,0.0,PAL,Duty,0.0,Jinasena_MasterData_Purchase.tariff_date_id_1018,Jinasena_MasterData_Purchase.misc_charge_codes_pal_123,0.0,Jinasena_MasterData_Common.res_company_jinasena_agricultural_machinery_pvt_ltd
tariff_rates_id_23896,10,1,0.0,RIDL,Duty,0.0,Jinasena_MasterData_Purchase.tariff_date_id_1018,Jinasena_MasterData_Purchase.misc_charge_codes_ridl_124,0.0,Jinasena_MasterData_Common.res_company_jinasena_agricultural_machinery_pvt_ltd
tariff_rates_id_23897,10,1,0.0,SRL,Duty,0.0,Jinasena_MasterData_Purchase.tariff_date_id_1018,Jinasena_MasterData_Purchase.misc_charge_codes_srl_125,0.0,Jinasena_MasterData_Common.res_company_jinasena_agricultural_machinery_pvt_ltd
tariff_rates_id_23898,10,1,0.0,Surcharge,Duty,0.0,Jinasena_MasterData_Purchase.tariff_date_id_1018,Jinasena_MasterData_Purchase.misc_charge_codes_surcharge_126,0.0,Jinasena_MasterData_Common.res_company_jinasena_agricultural_machinery_pvt_ltd
tariff_rates_id_23899,10,1,0.0,NBT,Taxes,0.0,Jinasena_MasterData_Purchase.tariff_date_id_1018,Jinasena_MasterData_Purchase.misc_charge_codes_nbt_155,0.0,Jinasena_MasterData_Common.res_company_jinasena_agricultural_machinery_pvt_ltd
tariff_rates_id_23900,10,1,0.0,NBT-N,Taxes,0.0,Jinasena_MasterData_Purchase.tariff_date_id_1018,Jinasena_MasterData_Purchase.misc_charge_codes_nbt_n_156,0.0,Jinasena_MasterData_Common.res_company_jinasena_agricultural_machinery_pvt_ltd
tariff_rates_id_23901,10,1,0.0,VAT-on-Item,Taxes,0.0,Jinasena_MasterData_Purchase.tariff_date_id_1018,Jinasena_MasterData_Purchase.misc_charge_codes_vat_on_item_157,0.0,Jinasena_MasterData_Common.res_company_jinasena_agricultural_machinery_pvt_ltd
tariff_rates_id_23902,10,1,0.0,VAT-on-GL,Taxes,0.0,Jinasena_MasterData_Purchase.tariff_date_id_1018,Jinasena_MasterData_Purchase.misc_charge_codes_vat_on_gl_158,0.0,Jinasena_MasterData_Common.res_company_jinasena_agricultural_machinery_pvt_ltd
tariff_rates_id_23903,10,1,0.0,SSCL,Taxes,0.0,Jinasena_MasterData_Purchase.tariff_date_id_1018,Jinasena_MasterData_Purchase.misc_charge_codes_sscl_159,0.0,Jinasena_MasterData_Common.res_company_jinasena_agricultural_machinery_pvt_ltd
tariff_rates_id_23904,10,1,0.0,CID,Duty,0.0,Jinasena_MasterData_Purchase.tariff_date_id_1019,Jinasena_MasterData_Purchase.misc_charge_codes_cid_119,0.0,Jinasena_MasterData_Common.res_company_jinasena_agricultural_machinery_pvt_ltd
tariff_rates_id_23905,10,1,0.0,EIC,Duty,0.0,Jinasena_MasterData_Purchase.tariff_date_id_1019,Jinasena_MasterData_Purchase.misc_charge_codes_eic_120,0.0,Jinasena_MasterData_Common.res_company_jinasena_agricultural_machinery_pvt_ltd
tariff_rates_id_23906,10,1,0.0,ESC,Duty,0.0,Jinasena_MasterData_Purchase.tariff_date_id_1019,Jinasena_MasterData_Purchase.misc_charge_codes_esc_121,0.0,Jinasena_MasterData_Common.res_company_jinasena_agricultural_machinery_pvt_ltd
tariff_rates_id_23907,10,1,0.0,Excise,Duty,0.0,Jinasena_MasterData_Purchase.tariff_date_id_1019,Jinasena_MasterData_Purchase.misc_charge_codes_excise_122,0.0,Jinasena_MasterData_Common.res_company_jinasena_agricultural_machinery_pvt_ltd
tariff_rates_id_23908,10,1,0.0,PAL,Duty,0.0,Jinasena_MasterData_Purchase.tariff_date_id_1019,Jinasena_MasterData_Purchase.misc_charge_codes_pal_123,0.0,Jinasena_MasterData_Common.res_company_jinasena_agricultural_machinery_pvt_ltd
tariff_rates_id_23909,10,1,0.0,RIDL,Duty,0.0,Jinasena_MasterData_Purchase.tariff_date_id_1019,Jinasena_MasterData_Purchase.misc_charge_codes_ridl_124,0.0,Jinasena_MasterData_Common.res_company_jinasena_agricultural_machinery_pvt_ltd
tariff_rates_id_23910,10,1,0.0,SRL,Duty,0.0,Jinasena_MasterData_Purchase.tariff_date_id_1019,Jinasena_MasterData_Purchase.misc_charge_codes_srl_125,0.0,Jinasena_MasterData_Common.res_company_jinasena_agricultural_machinery_pvt_ltd
tariff_rates_id_23911,10,1,0.0,Surcharge,Duty,0.0,Jinasena_MasterData_Purchase.tariff_date_id_1019,Jinasena_MasterData_Purchase.misc_charge_codes_surcharge_126,0.0,Jinasena_MasterData_Common.res_company_jinasena_agricultural_machinery_pvt_ltd
tariff_rates_id_23912,10,1,0.0,NBT,Taxes,0.0,Jinasena_MasterData_Purchase.tariff_date_id_1019,Jinasena_MasterData_Purchase.misc_charge_codes_nbt_155,0.0,Jinasena_MasterData_Common.res_company_jinasena_agricultural_machinery_pvt_ltd
tariff_rates_id_23913,10,1,0.0,NBT-N,Taxes,0.0,Jinasena_MasterData_Purchase.tariff_date_id_1019,Jinasena_MasterData_Purchase.misc_charge_codes_nbt_n_156,0.0,Jinasena_MasterData_Common.res_company_jinasena_agricultural_machinery_pvt_ltd
tariff_rates_id_23914,10,1,0.0,VAT-on-Item,Taxes,0.0,Jinasena_MasterData_Purchase.tariff_date_id_1019,Jinasena_MasterData_Purchase.misc_charge_codes_vat_on_item_157,0.0,Jinasena_MasterData_Common.res_company_jinasena_agricultural_machinery_pvt_ltd
tariff_rates_id_23915,10,1,0.0,VAT-on-GL,Taxes,0.0,Jinasena_MasterData_Purchase.tariff_date_id_1019,Jinasena_MasterData_Purchase.misc_charge_codes_vat_on_gl_158,0.0,Jinasena_MasterData_Common.res_company_jinasena_agricultural_machinery_pvt_ltd
tariff_rates_id_23916,10,1,0.0,SSCL,Taxes,0.0,Jinasena_MasterData_Purchase.tariff_date_id_1019,Jinasena_MasterData_Purchase.misc_charge_codes_sscl_159,0.0,Jinasena_MasterData_Common.res_company_jinasena_agricultural_machinery_pvt_ltd
tariff_rates_id_23917,10,1,0.0,CID,Duty,0.0,Jinasena_MasterData_Purchase.tariff_date_id_1020,Jinasena_MasterData_Purchase.misc_charge_codes_cid_119,0.0,Jinasena_MasterData_Common.res_company_jinasena_agricultural_machinery_pvt_ltd
tariff_rates_id_23918,10,1,0.0,EIC,Duty,0.0,Jinasena_MasterData_Purchase.tariff_date_id_1020,Jinasena_MasterData_Purchase.misc_charge_codes_eic_120,0.0,Jinasena_MasterData_Common.res_company_jinasena_agricultural_machinery_pvt_ltd
tariff_rates_id_23919,10,1,0.0,ESC,Duty,0.0,Jinasena_MasterData_Purchase.tariff_date_id_1020,Jinasena_MasterData_Purchase.misc_charge_codes_esc_121,0.0,Jinasena_MasterData_Common.res_company_jinasena_agricultural_machinery_pvt_ltd
tariff_rates_id_23920,10,1,0.0,Excise,Duty,0.0,Jinasena_MasterData_Purchase.tariff_date_id_1020,Jinasena_MasterData_Purchase.misc_charge_codes_excise_122,0.0,Jinasena_MasterData_Common.res_company_jinasena_agricultural_machinery_pvt_ltd
tariff_rates_id_23921,10,1,0.0,PAL,Duty,0.0,Jinasena_MasterData_Purchase.tariff_date_id_1020,Jinasena_MasterData_Purchase.misc_charge_codes_pal_123,0.0,Jinasena_MasterData_Common.res_company_jinasena_agricultural_machinery_pvt_ltd
tariff_rates_id_23922,10,1,0.0,RIDL,Duty,0.0,Jinasena_MasterData_Purchase.tariff_date_id_1020,Jinasena_MasterData_Purchase.misc_charge_codes_ridl_124,0.0,Jinasena_MasterData_Common.res_company_jinasena_agricultural_machinery_pvt_ltd
tariff_rates_id_23923,10,1,0.0,SRL,Duty,0.0,Jinasena_MasterData_Purchase.tariff_date_id_1020,Jinasena_MasterData_Purchase.misc_charge_codes_srl_125,0.0,Jinasena_MasterData_Common.res_company_jinasena_agricultural_machinery_pvt_ltd
tariff_rates_id_23924,10,1,0.0,Surcharge,Duty,0.0,Jinasena_MasterData_Purchase.tariff_date_id_1020,Jinasena_MasterData_Purchase.misc_charge_codes_surcharge_126,0.0,Jinasena_MasterData_Common.res_company_jinasena_agricultural_machinery_pvt_ltd
tariff_rates_id_23925,10,1,0.0,NBT,Taxes,0.0,Jinasena_MasterData_Purchase.tariff_date_id_1020,Jinasena_MasterData_Purchase.misc_charge_codes_nbt_155,0.0,Jinasena_MasterData_Common.res_company_jinasena_agricultural_machinery_pvt_ltd
tariff_rates_id_23926,10,1,0.0,NBT-N,Taxes,0.0,Jinasena_MasterData_Purchase.tariff_date_id_1020,Jinasena_MasterData_Purchase.misc_charge_codes_nbt_n_156,0.0,Jinasena_MasterData_Common.res_company_jinasena_agricultural_machinery_pvt_ltd
tariff_rates_id_23927,10,1,0.0,VAT-on-Item,Taxes,0.0,Jinasena_MasterData_Purchase.tariff_date_id_1020,Jinasena_MasterData_Purchase.misc_charge_codes_vat_on_item_157,0.0,Jinasena_MasterData_Common.res_company_jinasena_agricultural_machinery_pvt_ltd
tariff_rates_id_23928,10,1,0.0,VAT-on-GL,Taxes,0.0,Jinasena_MasterData_Purchase.tariff_date_id_1020,Jinasena_MasterData_Purchase.misc_charge_codes_vat_on_gl_158,0.0,Jinasena_MasterData_Common.res_company_jinasena_agricultural_machinery_pvt_ltd
tariff_rates_id_23929,10,1,0.0,SSCL,Taxes,0.0,Jinasena_MasterData_Purchase.tariff_date_id_1020,Jinasena_MasterData_Purchase.misc_charge_codes_sscl_159,0.0,Jinasena_MasterData_Common.res_company_jinasena_agricultural_machinery_pvt_ltd
tariff_rates_id_23930,10,1,0.0,CID,Duty,0.0,Jinasena_MasterData_Purchase.tariff_date_id_1021,Jinasena_MasterData_Purchase.misc_charge_codes_cid_119,0.0,Jinasena_MasterData_Common.res_company_jinasena_agricultural_machinery_pvt_ltd
tariff_rates_id_23931,10,1,0.0,EIC,Duty,0.0,Jinasena_MasterData_Purchase.tariff_date_id_1021,Jinasena_MasterData_Purchase.misc_charge_codes_eic_120,0.0,Jinasena_MasterData_Common.res_company_jinasena_agricultural_machinery_pvt_ltd
tariff_rates_id_23932,10,1,0.0,ESC,Duty,0.0,Jinasena_MasterData_Purchase.tariff_date_id_1021,Jinasena_MasterData_Purchase.misc_charge_codes_esc_121,0.0,Jinasena_MasterData_Common.res_company_jinasena_agricultural_machinery_pvt_ltd
tariff_rates_id_23933,10,1,0.0,Excise,Duty,0.0,Jinasena_MasterData_Purchase.tariff_date_id_1021,Jinasena_MasterData_Purchase.misc_charge_codes_excise_122,0.0,Jinasena_MasterData_Common.res_company_jinasena_agricultural_machinery_pvt_ltd
tariff_rates_id_23934,10,1,0.0,PAL,Duty,0.0,Jinasena_MasterData_Purchase.tariff_date_id_1021,Jinasena_MasterData_Purchase.misc_charge_codes_pal_123,0.0,Jinasena_MasterData_Common.res_company_jinasena_agricultural_machinery_pvt_ltd
tariff_rates_id_23935,10,1,0.0,RIDL,Duty,0.0,Jinasena_MasterData_Purchase.tariff_date_id_1021,Jinasena_MasterData_Purchase.misc_charge_codes_ridl_124,0.0,Jinasena_MasterData_Common.res_company_jinasena_agricultural_machinery_pvt_ltd
tariff_rates_id_23936,10,1,0.0,SRL,Duty,0.0,Jinasena_MasterData_Purchase.tariff_date_id_1021,Jinasena_MasterData_Purchase.misc_charge_codes_srl_125,0.0,Jinasena_MasterData_Common.res_company_jinasena_agricultural_machinery_pvt_ltd
tariff_rates_id_23937,10,1,0.0,Surcharge,Duty,0.0,Jinasena_MasterData_Purchase.tariff_date_id_1021,Jinasena_MasterData_Purchase.misc_charge_codes_surcharge_126,0.0,Jinasena_MasterData_Common.res_company_jinasena_agricultural_machinery_pvt_ltd
tariff_rates_id_23938,10,1,0.0,NBT,Taxes,0.0,Jinasena_MasterData_Purchase.tariff_date_id_1021,Jinasena_MasterData_Purchase.misc_charge_codes_nbt_155,0.0,Jinasena_MasterData_Common.res_company_jinasena_agricultural_machinery_pvt_ltd
tariff_rates_id_23939,10,1,0.0,NBT-N,Taxes,0.0,Jinasena_MasterData_Purchase.tariff_date_id_1021,Jinasena_MasterData_Purchase.misc_charge_codes_nbt_n_156,0.0,Jinasena_MasterData_Common.res_company_jinasena_agricultural_machinery_pvt_ltd
tariff_rates_id_23940,10,1,0.0,VAT-on-Item,Taxes,0.0,Jinasena_MasterData_Purchase.tariff_date_id_1021,Jinasena_MasterData_Purchase.misc_charge_codes_vat_on_item_157,0.0,Jinasena_MasterData_Common.res_company_jinasena_agricultural_machinery_pvt_ltd
tariff_rates_id_23941,10,1,0.0,VAT-on-GL,Taxes,0.0,Jinasena_MasterData_Purchase.tariff_date_id_1021,Jinasena_MasterData_Purchase.misc_charge_codes_vat_on_gl_158,0.0,Jinasena_MasterData_Common.res_company_jinasena_agricultural_machinery_pvt_ltd
tariff_rates_id_23942,10,1,0.0,SSCL,Taxes,0.0,Jinasena_MasterData_Purchase.tariff_date_id_1021,Jinasena_MasterData_Purchase.misc_charge_codes_sscl_159,0.0,Jinasena_MasterData_Common.res_company_jinasena_agricultural_machinery_pvt_ltd
tariff_rates_id_23943,10,1,0.0,CID,Duty,0.0,Jinasena_MasterData_Purchase.tariff_date_id_1022,Jinasena_MasterData_Purchase.misc_charge_codes_cid_119,0.0,Jinasena_MasterData_Common.res_company_jinasena_agricultural_machinery_pvt_ltd
tariff_rates_id_23944,10,1,0.0,EIC,Duty,0.0,Jinasena_MasterData_Purchase.tariff_date_id_1022,Jinasena_MasterData_Purchase.misc_charge_codes_eic_120,0.0,Jinasena_MasterData_Common.res_company_jinasena_agricultural_machinery_pvt_ltd
tariff_rates_id_23945,10,1,0.0,ESC,Duty,0.0,Jinasena_MasterData_Purchase.tariff_date_id_1022,Jinasena_MasterData_Purchase.misc_charge_codes_esc_121,0.0,Jinasena_MasterData_Common.res_company_jinasena_agricultural_machinery_pvt_ltd
tariff_rates_id_23946,10,1,0.0,Excise,Duty,0.0,Jinasena_MasterData_Purchase.tariff_date_id_1022,Jinasena_MasterData_Purchase.misc_charge_codes_excise_122,0.0,Jinasena_MasterData_Common.res_company_jinasena_agricultural_machinery_pvt_ltd
tariff_rates_id_23947,10,1,0.0,PAL,Duty,0.0,Jinasena_MasterData_Purchase.tariff_date_id_1022,Jinasena_MasterData_Purchase.misc_charge_codes_pal_123,0.0,Jinasena_MasterData_Common.res_company_jinasena_agricultural_machinery_pvt_ltd
tariff_rates_id_23948,10,1,0.0,RIDL,Duty,0.0,Jinasena_MasterData_Purchase.tariff_date_id_1022,Jinasena_MasterData_Purchase.misc_charge_codes_ridl_124,0.0,Jinasena_MasterData_Common.res_company_jinasena_agricultural_machinery_pvt_ltd
tariff_rates_id_23949,10,1,0.0,SRL,Duty,0.0,Jinasena_MasterData_Purchase.tariff_date_id_1022,Jinasena_MasterData_Purchase.misc_charge_codes_srl_125,0.0,Jinasena_MasterData_Common.res_company_jinasena_agricultural_machinery_pvt_ltd
tariff_rates_id_23950,10,1,0.0,Surcharge,Duty,0.0,Jinasena_MasterData_Purchase.tariff_date_id_1022,Jinasena_MasterData_Purchase.misc_charge_codes_surcharge_126,0.0,Jinasena_MasterData_Common.res_company_jinasena_agricultural_machinery_pvt_ltd
tariff_rates_id_23951,10,1,0.0,NBT,Taxes,0.0,Jinasena_MasterData_Purchase.tariff_date_id_1022,Jinasena_MasterData_Purchase.misc_charge_codes_nbt_155,0.0,Jinasena_MasterData_Common.res_company_jinasena_agricultural_machinery_pvt_ltd
tariff_rates_id_23952,10,1,0.0,NBT-N,Taxes,0.0,Jinasena_MasterData_Purchase.tariff_date_id_1022,Jinasena_MasterData_Purchase.misc_charge_codes_nbt_n_156,0.0,Jinasena_MasterData_Common.res_company_jinasena_agricultural_machinery_pvt_ltd
tariff_rates_id_23953,10,1,0.0,VAT-on-Item,Taxes,0.0,Jinasena_MasterData_Purchase.tariff_date_id_1022,Jinasena_MasterData_Purchase.misc_charge_codes_vat_on_item_157,0.0,Jinasena_MasterData_Common.res_company_jinasena_agricultural_machinery_pvt_ltd
tariff_rates_id_23954,10,1,0.0,VAT-on-GL,Taxes,0.0,Jinasena_MasterData_Purchase.tariff_date_id_1022,Jinasena_MasterData_Purchase.misc_charge_codes_vat_on_gl_158,0.0,Jinasena_MasterData_Common.res_company_jinasena_agricultural_machinery_pvt_ltd
tariff_rates_id_23955,10,1,0.0,SSCL,Taxes,0.0,Jinasena_MasterData_Purchase.tariff_date_id_1022,Jinasena_MasterData_Purchase.misc_charge_codes_sscl_159,0.0,Jinasena_MasterData_Common.res_company_jinasena_agricultural_machinery_pvt_ltd
tariff_rates_id_23956,10,1,0.0,CID,Duty,0.0,Jinasena_MasterData_Purchase.tariff_date_id_1023,Jinasena_MasterData_Purchase.misc_charge_codes_cid_119,0.0,Jinasena_MasterData_Common.res_company_jinasena_agricultural_machinery_pvt_ltd
tariff_rates_id_23957,10,1,0.0,EIC,Duty,0.0,Jinasena_MasterData_Purchase.tariff_date_id_1023,Jinasena_MasterData_Purchase.misc_charge_codes_eic_120,0.0,Jinasena_MasterData_Common.res_company_jinasena_agricultural_machinery_pvt_ltd
tariff_rates_id_23958,10,1,0.0,ESC,Duty,0.0,Jinasena_MasterData_Purchase.tariff_date_id_1023,Jinasena_MasterData_Purchase.misc_charge_codes_esc_121,0.0,Jinasena_MasterData_Common.res_company_jinasena_agricultural_machinery_pvt_ltd
tariff_rates_id_23959,10,1,0.0,Excise,Duty,0.0,Jinasena_MasterData_Purchase.tariff_date_id_1023,Jinasena_MasterData_Purchase.misc_charge_codes_excise_122,0.0,Jinasena_MasterData_Common.res_company_jinasena_agricultural_machinery_pvt_ltd
tariff_rates_id_23960,10,1,0.0,PAL,Duty,0.0,Jinasena_MasterData_Purchase.tariff_date_id_1023,Jinasena_MasterData_Purchase.misc_charge_codes_pal_123,0.0,Jinasena_MasterData_Common.res_company_jinasena_agricultural_machinery_pvt_ltd
tariff_rates_id_23961,10,1,0.0,RIDL,Duty,0.0,Jinasena_MasterData_Purchase.tariff_date_id_1023,Jinasena_MasterData_Purchase.misc_charge_codes_ridl_124,0.0,Jinasena_MasterData_Common.res_company_jinasena_agricultural_machinery_pvt_ltd
tariff_rates_id_23962,10,1,0.0,SRL,Duty,0.0,Jinasena_MasterData_Purchase.tariff_date_id_1023,Jinasena_MasterData_Purchase.misc_charge_codes_srl_125,0.0,Jinasena_MasterData_Common.res_company_jinasena_agricultural_machinery_pvt_ltd
tariff_rates_id_23963,10,1,0.0,Surcharge,Duty,0.0,Jinasena_MasterData_Purchase.tariff_date_id_1023,Jinasena_MasterData_Purchase.misc_charge_codes_surcharge_126,0.0,Jinasena_MasterData_Common.res_company_jinasena_agricultural_machinery_pvt_ltd
tariff_rates_id_23964,10,1,0.0,NBT,Taxes,0.0,Jinasena_MasterData_Purchase.tariff_date_id_1023,Jinasena_MasterData_Purchase.misc_charge_codes_nbt_155,0.0,Jinasena_MasterData_Common.res_company_jinasena_agricultural_machinery_pvt_ltd
tariff_rates_id_23965,10,1,0.0,NBT-N,Taxes,0.0,Jinasena_MasterData_Purchase.tariff_date_id_1023,Jinasena_MasterData_Purchase.misc_charge_codes_nbt_n_156,0.0,Jinasena_MasterData_Common.res_company_jinasena_agricultural_machinery_pvt_ltd
tariff_rates_id_23966,10,1,0.0,VAT-on-Item,Taxes,0.0,Jinasena_MasterData_Purchase.tariff_date_id_1023,Jinasena_MasterData_Purchase.misc_charge_codes_vat_on_item_157,0.0,Jinasena_MasterData_Common.res_company_jinasena_agricultural_machinery_pvt_ltd
tariff_rates_id_23967,10,1,0.0,VAT-on-GL,Taxes,0.0,Jinasena_MasterData_Purchase.tariff_date_id_1023,Jinasena_MasterData_Purchase.misc_charge_codes_vat_on_gl_158,0.0,Jinasena_MasterData_Common.res_company_jinasena_agricultural_machinery_pvt_ltd
tariff_rates_id_23968,10,1,0.0,SSCL,Taxes,0.0,Jinasena_MasterData_Purchase.tariff_date_id_1023,Jinasena_MasterData_Purchase.misc_charge_codes_sscl_159,0.0,Jinasena_MasterData_Common.res_company_jinasena_agricultural_machinery_pvt_ltd
tariff_rates_id_23969,10,1,0.0,CID,Duty,0.0,Jinasena_MasterData_Purchase.tariff_date_id_1024,Jinasena_MasterData_Purchase.misc_charge_codes_cid_119,0.0,Jinasena_MasterData_Common.res_company_jinasena_agricultural_machinery_pvt_ltd
tariff_rates_id_23970,10,1,0.0,EIC,Duty,0.0,Jinasena_MasterData_Purchase.tariff_date_id_1024,Jinasena_MasterData_Purchase.misc_charge_codes_eic_120,0.0,Jinasena_MasterData_Common.res_company_jinasena_agricultural_machinery_pvt_ltd
tariff_rates_id_23971,10,1,0.0,ESC,Duty,0.0,Jinasena_MasterData_Purchase.tariff_date_id_1024,Jinasena_MasterData_Purchase.misc_charge_codes_esc_121,0.0,Jinasena_MasterData_Common.res_company_jinasena_agricultural_machinery_pvt_ltd
tariff_rates_id_23972,10,1,0.0,Excise,Duty,0.0,Jinasena_MasterData_Purchase.tariff_date_id_1024,Jinasena_MasterData_Purchase.misc_charge_codes_excise_122,0.0,Jinasena_MasterData_Common.res_company_jinasena_agricultural_machinery_pvt_ltd
tariff_rates_id_23973,10,1,0.0,PAL,Duty,0.0,Jinasena_MasterData_Purchase.tariff_date_id_1024,Jinasena_MasterData_Purchase.misc_charge_codes_pal_123,0.0,Jinasena_MasterData_Common.res_company_jinasena_agricultural_machinery_pvt_ltd
tariff_rates_id_23974,10,1,0.0,RIDL,Duty,0.0,Jinasena_MasterData_Purchase.tariff_date_id_1024,Jinasena_MasterData_Purchase.misc_charge_codes_ridl_124,0.0,Jinasena_MasterData_Common.res_company_jinasena_agricultural_machinery_pvt_ltd
tariff_rates_id_23975,10,1,0.0,SRL,Duty,0.0,Jinasena_MasterData_Purchase.tariff_date_id_1024,Jinasena_MasterData_Purchase.misc_charge_codes_srl_125,0.0,Jinasena_MasterData_Common.res_company_jinasena_agricultural_machinery_pvt_ltd
tariff_rates_id_23976,10,1,0.0,Surcharge,Duty,0.0,Jinasena_MasterData_Purchase.tariff_date_id_1024,Jinasena_MasterData_Purchase.misc_charge_codes_surcharge_126,0.0,Jinasena_MasterData_Common.res_company_jinasena_agricultural_machinery_pvt_ltd
tariff_rates_id_23977,10,1,0.0,NBT,Taxes,0.0,Jinasena_MasterData_Purchase.tariff_date_id_1024,Jinasena_MasterData_Purchase.misc_charge_codes_nbt_155,0.0,Jinasena_MasterData_Common.res_company_jinasena_agricultural_machinery_pvt_ltd
tariff_rates_id_23978,10,1,0.0,NBT-N,Taxes,0.0,Jinasena_MasterData_Purchase.tariff_date_id_1024,Jinasena_MasterData_Purchase.misc_charge_codes_nbt_n_156,0.0,Jinasena_MasterData_Common.res_company_jinasena_agricultural_machinery_pvt_ltd
tariff_rates_id_23979,10,1,0.0,VAT-on-Item,Taxes,0.0,Jinasena_MasterData_Purchase.tariff_date_id_1024,Jinasena_MasterData_Purchase.misc_charge_codes_vat_on_item_157,0.0,Jinasena_MasterData_Common.res_company_jinasena_agricultural_machinery_pvt_ltd
tariff_rates_id_23980,10,1,0.0,VAT-on-GL,Taxes,0.0,Jinasena_MasterData_Purchase.tariff_date_id_1024,Jinasena_MasterData_Purchase.misc_charge_codes_vat_on_gl_158,0.0,Jinasena_MasterData_Common.res_company_jinasena_agricultural_machinery_pvt_ltd
tariff_rates_id_23981,10,1,0.0,SSCL,Taxes,0.0,Jinasena_MasterData_Purchase.tariff_date_id_1024,Jinasena_MasterData_Purchase.misc_charge_codes_sscl_159,0.0,Jinasena_MasterData_Common.res_company_jinasena_agricultural_machinery_pvt_ltd
tariff_rates_id_23982,10,1,0.0,CID,Duty,0.0,Jinasena_MasterData_Purchase.tariff_date_id_1025,Jinasena_MasterData_Purchase.misc_charge_codes_cid_119,0.0,Jinasena_MasterData_Common.res_company_jinasena_agricultural_machinery_pvt_ltd
tariff_rates_id_23983,10,1,0.0,EIC,Duty,0.0,Jinasena_MasterData_Purchase.tariff_date_id_1025,Jinasena_MasterData_Purchase.misc_charge_codes_eic_120,0.0,Jinasena_MasterData_Common.res_company_jinasena_agricultural_machinery_pvt_ltd
tariff_rates_id_23984,10,1,0.0,ESC,Duty,0.0,Jinasena_MasterData_Purchase.tariff_date_id_1025,Jinasena_MasterData_Purchase.misc_charge_codes_esc_121,0.0,Jinasena_MasterData_Common.res_company_jinasena_agricultural_machinery_pvt_ltd
tariff_rates_id_23985,10,1,0.0,Excise,Duty,0.0,Jinasena_MasterData_Purchase.tariff_date_id_1025,Jinasena_MasterData_Purchase.misc_charge_codes_excise_122,0.0,Jinasena_MasterData_Common.res_company_jinasena_agricultural_machinery_pvt_ltd
tariff_rates_id_23986,10,1,0.0,PAL,Duty,0.0,Jinasena_MasterData_Purchase.tariff_date_id_1025,Jinasena_MasterData_Purchase.misc_charge_codes_pal_123,0.0,Jinasena_MasterData_Common.res_company_jinasena_agricultural_machinery_pvt_ltd
tariff_rates_id_23987,10,1,0.0,RIDL,Duty,0.0,Jinasena_MasterData_Purchase.tariff_date_id_1025,Jinasena_MasterData_Purchase.misc_charge_codes_ridl_124,0.0,Jinasena_MasterData_Common.res_company_jinasena_agricultural_machinery_pvt_ltd
tariff_rates_id_23988,10,1,0.0,SRL,Duty,0.0,Jinasena_MasterData_Purchase.tariff_date_id_1025,Jinasena_MasterData_Purchase.misc_charge_codes_srl_125,0.0,Jinasena_MasterData_Common.res_company_jinasena_agricultural_machinery_pvt_ltd
tariff_rates_id_23989,10,1,0.0,Surcharge,Duty,0.0,Jinasena_MasterData_Purchase.tariff_date_id_1025,Jinasena_MasterData_Purchase.misc_charge_codes_surcharge_126,0.0,Jinasena_MasterData_Common.res_company_jinasena_agricultural_machinery_pvt_ltd
tariff_rates_id_23990,10,1,0.0,NBT,Taxes,0.0,Jinasena_MasterData_Purchase.tariff_date_id_1025,Jinasena_MasterData_Purchase.misc_charge_codes_nbt_155,0.0,Jinasena_MasterData_Common.res_company_jinasena_agricultural_machinery_pvt_ltd
tariff_rates_id_23991,10,1,0.0,NBT-N,Taxes,0.0,Jinasena_MasterData_Purchase.tariff_date_id_1025,Jinasena_MasterData_Purchase.misc_charge_codes_nbt_n_156,0.0,Jinasena_MasterData_Common.res_company_jinasena_agricultural_machinery_pvt_ltd
tariff_rates_id_23992,10,1,0.0,VAT-on-Item,Taxes,0.0,Jinasena_MasterData_Purchase.tariff_date_id_1025,Jinasena_MasterData_Purchase.misc_charge_codes_vat_on_item_157,0.0,Jinasena_MasterData_Common.res_company_jinasena_agricultural_machinery_pvt_ltd
tariff_rates_id_23993,10,1,0.0,VAT-on-GL,Taxes,0.0,Jinasena_MasterData_Purchase.tariff_date_id_1025,Jinasena_MasterData_Purchase.misc_charge_codes_vat_on_gl_158,0.0,Jinasena_MasterData_Common.res_company_jinasena_agricultural_machinery_pvt_ltd
tariff_rates_id_23994,10,1,0.0,SSCL,Taxes,0.0,Jinasena_MasterData_Purchase.tariff_date_id_1025,Jinasena_MasterData_Purchase.misc_charge_codes_sscl_159,0.0,Jinasena_MasterData_Common.res_company_jinasena_agricultural_machinery_pvt_ltd
tariff_rates_id_23995,10,1,0.0,CID,Duty,0.0,Jinasena_MasterData_Purchase.tariff_date_id_1026,Jinasena_MasterData_Purchase.misc_charge_codes_cid_119,0.0,Jinasena_MasterData_Common.res_company_jinasena_agricultural_machinery_pvt_ltd
tariff_rates_id_23996,10,1,0.0,EIC,Duty,0.0,Jinasena_MasterData_Purchase.tariff_date_id_1026,Jinasena_MasterData_Purchase.misc_charge_codes_eic_120,0.0,Jinasena_MasterData_Common.res_company_jinasena_agricultural_machinery_pvt_ltd
tariff_rates_id_23997,10,1,0.0,ESC,Duty,0.0,Jinasena_MasterData_Purchase.tariff_date_id_1026,Jinasena_MasterData_Purchase.misc_charge_codes_esc_121,0.0,Jinasena_MasterData_Common.res_company_jinasena_agricultural_machinery_pvt_ltd
tariff_rates_id_23998,10,1,0.0,Excise,Duty,0.0,Jinasena_MasterData_Purchase.tariff_date_id_1026,Jinasena_MasterData_Purchase.misc_charge_codes_excise_122,0.0,Jinasena_MasterData_Common.res_company_jinasena_agricultural_machinery_pvt_ltd
tariff_rates_id_23999,10,1,0.0,PAL,Duty,0.0,Jinasena_MasterData_Purchase.tariff_date_id_1026,Jinasena_MasterData_Purchase.misc_charge_codes_pal_123,0.0,Jinasena_MasterData_Common.res_company_jinasena_agricultural_machinery_pvt_ltd
tariff_rates_id_24000,10,1,0.0,RIDL,Duty,0.0,Jinasena_MasterData_Purchase.tariff_date_id_1026,Jinasena_MasterData_Purchase.misc_charge_codes_ridl_124,0.0,Jinasena_MasterData_Common.res_company_jinasena_agricultural_machinery_pvt_ltd
tariff_rates_id_24001,10,1,0.0,SRL,Duty,0.0,Jinasena_MasterData_Purchase.tariff_date_id_1026,Jinasena_MasterData_Purchase.misc_charge_codes_srl_125,0.0,Jinasena_MasterData_Common.res_company_jinasena_agricultural_machinery_pvt_ltd
tariff_rates_id_24002,10,1,0.0,Surcharge,Duty,0.0,Jinasena_MasterData_Purchase.tariff_date_id_1026,Jinasena_MasterData_Purchase.misc_charge_codes_surcharge_126,0.0,Jinasena_MasterData_Common.res_company_jinasena_agricultural_machinery_pvt_ltd
tariff_rates_id_24003,10,1,0.0,NBT,Taxes,0.0,Jinasena_MasterData_Purchase.tariff_date_id_1026,Jinasena_MasterData_Purchase.misc_charge_codes_nbt_155,0.0,Jinasena_MasterData_Common.res_company_jinasena_agricultural_machinery_pvt_ltd
tariff_rates_id_24004,10,1,0.0,NBT-N,Taxes,0.0,Jinasena_MasterData_Purchase.tariff_date_id_1026,Jinasena_MasterData_Purchase.misc_charge_codes_nbt_n_156,0.0,Jinasena_MasterData_Common.res_company_jinasena_agricultural_machinery_pvt_ltd
tariff_rates_id_24005,10,1,0.0,VAT-on-Item,Taxes,0.0,Jinasena_MasterData_Purchase.tariff_date_id_1026,Jinasena_MasterData_Purchase.misc_charge_codes_vat_on_item_157,0.0,Jinasena_MasterData_Common.res_company_jinasena_agricultural_machinery_pvt_ltd
tariff_rates_id_24006,10,1,0.0,VAT-on-GL,Taxes,0.0,Jinasena_MasterData_Purchase.tariff_date_id_1026,Jinasena_MasterData_Purchase.misc_charge_codes_vat_on_gl_158,0.0,Jinasena_MasterData_Common.res_company_jinasena_agricultural_machinery_pvt_ltd
tariff_rates_id_24007,10,1,0.0,SSCL,Taxes,0.0,Jinasena_MasterData_Purchase.tariff_date_id_1026,Jinasena_MasterData_Purchase.misc_charge_codes_sscl_159,0.0,Jinasena_MasterData_Common.res_company_jinasena_agricultural_machinery_pvt_ltd
tariff_rates_id_24008,10,1,0.0,CID,Duty,0.0,Jinasena_MasterData_Purchase.tariff_date_id_1027,Jinasena_MasterData_Purchase.misc_charge_codes_cid_119,0.0,Jinasena_MasterData_Common.res_company_jinasena_agricultural_machinery_pvt_ltd
tariff_rates_id_24009,10,1,0.0,EIC,Duty,0.0,Jinasena_MasterData_Purchase.tariff_date_id_1027,Jinasena_MasterData_Purchase.misc_charge_codes_eic_120,0.0,Jinasena_MasterData_Common.res_company_jinasena_agricultural_machinery_pvt_ltd
tariff_rates_id_24010,10,1,0.0,ESC,Duty,0.0,Jinasena_MasterData_Purchase.tariff_date_id_1027,Jinasena_MasterData_Purchase.misc_charge_codes_esc_121,0.0,Jinasena_MasterData_Common.res_company_jinasena_agricultural_machinery_pvt_ltd
tariff_rates_id_24011,10,1,0.0,Excise,Duty,0.0,Jinasena_MasterData_Purchase.tariff_date_id_1027,Jinasena_MasterData_Purchase.misc_charge_codes_excise_122,0.0,Jinasena_MasterData_Common.res_company_jinasena_agricultural_machinery_pvt_ltd
tariff_rates_id_24012,10,1,0.0,PAL,Duty,0.0,Jinasena_MasterData_Purchase.tariff_date_id_1027,Jinasena_MasterData_Purchase.misc_charge_codes_pal_123,0.0,Jinasena_MasterData_Common.res_company_jinasena_agricultural_machinery_pvt_ltd
tariff_rates_id_24013,10,1,0.0,RIDL,Duty,0.0,Jinasena_MasterData_Purchase.tariff_date_id_1027,Jinasena_MasterData_Purchase.misc_charge_codes_ridl_124,0.0,Jinasena_MasterData_Common.res_company_jinasena_agricultural_machinery_pvt_ltd
tariff_rates_id_24014,10,1,0.0,SRL,Duty,0.0,Jinasena_MasterData_Purchase.tariff_date_id_1027,Jinasena_MasterData_Purchase.misc_charge_codes_srl_125,0.0,Jinasena_MasterData_Common.res_company_jinasena_agricultural_machinery_pvt_ltd
tariff_rates_id_24015,10,1,0.0,Surcharge,Duty,0.0,Jinasena_MasterData_Purchase.tariff_date_id_1027,Jinasena_MasterData_Purchase.misc_charge_codes_surcharge_126,0.0,Jinasena_MasterData_Common.res_company_jinasena_agricultural_machinery_pvt_ltd
tariff_rates_id_24016,10,1,0.0,NBT,Taxes,0.0,Jinasena_MasterData_Purchase.tariff_date_id_1027,Jinasena_MasterData_Purchase.misc_charge_codes_nbt_155,0.0,Jinasena_MasterData_Common.res_company_jinasena_agricultural_machinery_pvt_ltd
tariff_rates_id_24017,10,1,0.0,NBT-N,Taxes,0.0,Jinasena_MasterData_Purchase.tariff_date_id_1027,Jinasena_MasterData_Purchase.misc_charge_codes_nbt_n_156,0.0,Jinasena_MasterData_Common.res_company_jinasena_agricultural_machinery_pvt_ltd
tariff_rates_id_24018,10,1,0.0,VAT-on-Item,Taxes,0.0,Jinasena_MasterData_Purchase.tariff_date_id_1027,Jinasena_MasterData_Purchase.misc_charge_codes_vat_on_item_157,0.0,Jinasena_MasterData_Common.res_company_jinasena_agricultural_machinery_pvt_ltd
tariff_rates_id_24019,10,1,0.0,VAT-on-GL,Taxes,0.0,Jinasena_MasterData_Purchase.tariff_date_id_1027,Jinasena_MasterData_Purchase.misc_charge_codes_vat_on_gl_158,0.0,Jinasena_MasterData_Common.res_company_jinasena_agricultural_machinery_pvt_ltd
tariff_rates_id_24020,10,1,0.0,SSCL,Taxes,0.0,Jinasena_MasterData_Purchase.tariff_date_id_1027,Jinasena_MasterData_Purchase.misc_charge_codes_sscl_159,0.0,Jinasena_MasterData_Common.res_company_jinasena_agricultural_machinery_pvt_ltd
tariff_rates_id_24021,10,1,0.0,CID,Duty,0.0,Jinasena_MasterData_Purchase.tariff_date_id_1028,Jinasena_MasterData_Purchase.misc_charge_codes_cid_119,0.0,Jinasena_MasterData_Common.res_company_jinasena_agricultural_machinery_pvt_ltd
tariff_rates_id_24022,10,1,0.0,EIC,Duty,0.0,Jinasena_MasterData_Purchase.tariff_date_id_1028,Jinasena_MasterData_Purchase.misc_charge_codes_eic_120,0.0,Jinasena_MasterData_Common.res_company_jinasena_agricultural_machinery_pvt_ltd
tariff_rates_id_24023,10,1,0.0,ESC,Duty,0.0,Jinasena_MasterData_Purchase.tariff_date_id_1028,Jinasena_MasterData_Purchase.misc_charge_codes_esc_121,0.0,Jinasena_MasterData_Common.res_company_jinasena_agricultural_machinery_pvt_ltd
tariff_rates_id_24024,10,1,0.0,Excise,Duty,0.0,Jinasena_MasterData_Purchase.tariff_date_id_1028,Jinasena_MasterData_Purchase.misc_charge_codes_excise_122,0.0,Jinasena_MasterData_Common.res_company_jinasena_agricultural_machinery_pvt_ltd
tariff_rates_id_24025,10,1,0.0,PAL,Duty,0.0,Jinasena_MasterData_Purchase.tariff_date_id_1028,Jinasena_MasterData_Purchase.misc_charge_codes_pal_123,0.0,Jinasena_MasterData_Common.res_company_jinasena_agricultural_machinery_pvt_ltd
tariff_rates_id_24026,10,1,0.0,RIDL,Duty,0.0,Jinasena_MasterData_Purchase.tariff_date_id_1028,Jinasena_MasterData_Purchase.misc_charge_codes_ridl_124,0.0,Jinasena_MasterData_Common.res_company_jinasena_agricultural_machinery_pvt_ltd
tariff_rates_id_24027,10,1,0.0,SRL,Duty,0.0,Jinasena_MasterData_Purchase.tariff_date_id_1028,Jinasena_MasterData_Purchase.misc_charge_codes_srl_125,0.0,Jinasena_MasterData_Common.res_company_jinasena_agricultural_machinery_pvt_ltd
tariff_rates_id_24028,10,1,0.0,Surcharge,Duty,0.0,Jinasena_MasterData_Purchase.tariff_date_id_1028,Jinasena_MasterData_Purchase.misc_charge_codes_surcharge_126,0.0,Jinasena_MasterData_Common.res_company_jinasena_agricultural_machinery_pvt_ltd
tariff_rates_id_24029,10,1,0.0,NBT,Taxes,0.0,Jinasena_MasterData_Purchase.tariff_date_id_1028,Jinasena_MasterData_Purchase.misc_charge_codes_nbt_155,0.0,Jinasena_MasterData_Common.res_company_jinasena_agricultural_machinery_pvt_ltd
tariff_rates_id_24030,10,1,0.0,NBT-N,Taxes,0.0,Jinasena_MasterData_Purchase.tariff_date_id_1028,Jinasena_MasterData_Purchase.misc_charge_codes_nbt_n_156,0.0,Jinasena_MasterData_Common.res_company_jinasena_agricultural_machinery_pvt_ltd
tariff_rates_id_24031,10,1,0.0,VAT-on-Item,Taxes,0.0,Jinasena_MasterData_Purchase.tariff_date_id_1028,Jinasena_MasterData_Purchase.misc_charge_codes_vat_on_item_157,0.0,Jinasena_MasterData_Common.res_company_jinasena_agricultural_machinery_pvt_ltd
tariff_rates_id_24032,10,1,0.0,VAT-on-GL,Taxes,0.0,Jinasena_MasterData_Purchase.tariff_date_id_1028,Jinasena_MasterData_Purchase.misc_charge_codes_vat_on_gl_158,0.0,Jinasena_MasterData_Common.res_company_jinasena_agricultural_machinery_pvt_ltd
tariff_rates_id_24033,10,1,0.0,SSCL,Taxes,0.0,Jinasena_MasterData_Purchase.tariff_date_id_1028,Jinasena_MasterData_Purchase.misc_charge_codes_sscl_159,0.0,Jinasena_MasterData_Common.res_company_jinasena_agricultural_machinery_pvt_ltd
tariff_rates_id_24034,10,1,0.0,CID,Duty,0.0,Jinasena_MasterData_Purchase.tariff_date_id_1029,Jinasena_MasterData_Purchase.misc_charge_codes_cid_119,0.0,Jinasena_MasterData_Common.res_company_jinasena_agricultural_machinery_pvt_ltd
tariff_rates_id_24035,10,1,0.0,EIC,Duty,0.0,Jinasena_MasterData_Purchase.tariff_date_id_1029,Jinasena_MasterData_Purchase.misc_charge_codes_eic_120,0.0,Jinasena_MasterData_Common.res_company_jinasena_agricultural_machinery_pvt_ltd
tariff_rates_id_24036,10,1,0.0,ESC,Duty,0.0,Jinasena_MasterData_Purchase.tariff_date_id_1029,Jinasena_MasterData_Purchase.misc_charge_codes_esc_121,0.0,Jinasena_MasterData_Common.res_company_jinasena_agricultural_machinery_pvt_ltd
tariff_rates_id_24037,10,1,0.0,Excise,Duty,0.0,Jinasena_MasterData_Purchase.tariff_date_id_1029,Jinasena_MasterData_Purchase.misc_charge_codes_excise_122,0.0,Jinasena_MasterData_Common.res_company_jinasena_agricultural_machinery_pvt_ltd
tariff_rates_id_24038,10,1,0.0,PAL,Duty,0.0,Jinasena_MasterData_Purchase.tariff_date_id_1029,Jinasena_MasterData_Purchase.misc_charge_codes_pal_123,0.0,Jinasena_MasterData_Common.res_company_jinasena_agricultural_machinery_pvt_ltd
tariff_rates_id_24039,10,1,0.0,RIDL,Duty,0.0,Jinasena_MasterData_Purchase.tariff_date_id_1029,Jinasena_MasterData_Purchase.misc_charge_codes_ridl_124,0.0,Jinasena_MasterData_Common.res_company_jinasena_agricultural_machinery_pvt_ltd
tariff_rates_id_24040,10,1,0.0,SRL,Duty,0.0,Jinasena_MasterData_Purchase.tariff_date_id_1029,Jinasena_MasterData_Purchase.misc_charge_codes_srl_125,0.0,Jinasena_MasterData_Common.res_company_jinasena_agricultural_machinery_pvt_ltd
tariff_rates_id_24041,10,1,0.0,Surcharge,Duty,0.0,Jinasena_MasterData_Purchase.tariff_date_id_1029,Jinasena_MasterData_Purchase.misc_charge_codes_surcharge_126,0.0,Jinasena_MasterData_Common.res_company_jinasena_agricultural_machinery_pvt_ltd
tariff_rates_id_24042,10,1,0.0,NBT,Taxes,0.0,Jinasena_MasterData_Purchase.tariff_date_id_1029,Jinasena_MasterData_Purchase.misc_charge_codes_nbt_155,0.0,Jinasena_MasterData_Common.res_company_jinasena_agricultural_machinery_pvt_ltd
tariff_rates_id_24043,10,1,0.0,NBT-N,Taxes,0.0,Jinasena_MasterData_Purchase.tariff_date_id_1029,Jinasena_MasterData_Purchase.misc_charge_codes_nbt_n_156,0.0,Jinasena_MasterData_Common.res_company_jinasena_agricultural_machinery_pvt_ltd
tariff_rates_id_24044,10,1,0.0,VAT-on-Item,Taxes,0.0,Jinasena_MasterData_Purchase.tariff_date_id_1029,Jinasena_MasterData_Purchase.misc_charge_codes_vat_on_item_157,0.0,Jinasena_MasterData_Common.res_company_jinasena_agricultural_machinery_pvt_ltd
tariff_rates_id_24045,10,1,0.0,VAT-on-GL,Taxes,0.0,Jinasena_MasterData_Purchase.tariff_date_id_1029,Jinasena_MasterData_Purchase.misc_charge_codes_vat_on_gl_158,0.0,Jinasena_MasterData_Common.res_company_jinasena_agricultural_machinery_pvt_ltd
tariff_rates_id_24046,10,1,0.0,SSCL,Taxes,0.0,Jinasena_MasterData_Purchase.tariff_date_id_1029,Jinasena_MasterData_Purchase.misc_charge_codes_sscl_159,0.0,Jinasena_MasterData_Common.res_company_jinasena_agricultural_machinery_pvt_ltd
tariff_rates_id_24047,10,1,0.0,CID,Duty,0.0,Jinasena_MasterData_Purchase.tariff_date_id_1030,Jinasena_MasterData_Purchase.misc_charge_codes_cid_119,0.0,Jinasena_MasterData_Common.res_company_jinasena_agricultural_machinery_pvt_ltd
tariff_rates_id_24048,10,1,0.0,EIC,Duty,0.0,Jinasena_MasterData_Purchase.tariff_date_id_1030,Jinasena_MasterData_Purchase.misc_charge_codes_eic_120,0.0,Jinasena_MasterData_Common.res_company_jinasena_agricultural_machinery_pvt_ltd
tariff_rates_id_24049,10,1,0.0,ESC,Duty,0.0,Jinasena_MasterData_Purchase.tariff_date_id_1030,Jinasena_MasterData_Purchase.misc_charge_codes_esc_121,0.0,Jinasena_MasterData_Common.res_company_jinasena_agricultural_machinery_pvt_ltd
tariff_rates_id_24050,10,1,0.0,Excise,Duty,0.0,Jinasena_MasterData_Purchase.tariff_date_id_1030,Jinasena_MasterData_Purchase.misc_charge_codes_excise_122,0.0,Jinasena_MasterData_Common.res_company_jinasena_agricultural_machinery_pvt_ltd
tariff_rates_id_24051,10,1,0.0,PAL,Duty,0.0,Jinasena_MasterData_Purchase.tariff_date_id_1030,Jinasena_MasterData_Purchase.misc_charge_codes_pal_123,0.0,Jinasena_MasterData_Common.res_company_jinasena_agricultural_machinery_pvt_ltd
tariff_rates_id_24052,10,1,0.0,RIDL,Duty,0.0,Jinasena_MasterData_Purchase.tariff_date_id_1030,Jinasena_MasterData_Purchase.misc_charge_codes_ridl_124,0.0,Jinasena_MasterData_Common.res_company_jinasena_agricultural_machinery_pvt_ltd
tariff_rates_id_24053,10,1,0.0,SRL,Duty,0.0,Jinasena_MasterData_Purchase.tariff_date_id_1030,Jinasena_MasterData_Purchase.misc_charge_codes_srl_125,0.0,Jinasena_MasterData_Common.res_company_jinasena_agricultural_machinery_pvt_ltd
tariff_rates_id_24054,10,1,0.0,Surcharge,Duty,0.0,Jinasena_MasterData_Purchase.tariff_date_id_1030,Jinasena_MasterData_Purchase.misc_charge_codes_surcharge_126,0.0,Jinasena_MasterData_Common.res_company_jinasena_agricultural_machinery_pvt_ltd
tariff_rates_id_24055,10,1,0.0,NBT,Taxes,0.0,Jinasena_MasterData_Purchase.tariff_date_id_1030,Jinasena_MasterData_Purchase.misc_charge_codes_nbt_155,0.0,Jinasena_MasterData_Common.res_company_jinasena_agricultural_machinery_pvt_ltd
tariff_rates_id_24056,10,1,0.0,NBT-N,Taxes,0.0,Jinasena_MasterData_Purchase.tariff_date_id_1030,Jinasena_MasterData_Purchase.misc_charge_codes_nbt_n_156,0.0,Jinasena_MasterData_Common.res_company_jinasena_agricultural_machinery_pvt_ltd
tariff_rates_id_24057,10,1,0.0,VAT-on-Item,Taxes,0.0,Jinasena_MasterData_Purchase.tariff_date_id_1030,Jinasena_MasterData_Purchase.misc_charge_codes_vat_on_item_157,0.0,Jinasena_MasterData_Common.res_company_jinasena_agricultural_machinery_pvt_ltd
tariff_rates_id_24058,10,1,0.0,VAT-on-GL,Taxes,0.0,Jinasena_MasterData_Purchase.tariff_date_id_1030,Jinasena_MasterData_Purchase.misc_charge_codes_vat_on_gl_158,0.0,Jinasena_MasterData_Common.res_company_jinasena_agricultural_machinery_pvt_ltd
tariff_rates_id_24059,10,1,0.0,SSCL,Taxes,0.0,Jinasena_MasterData_Purchase.tariff_date_id_1030,Jinasena_MasterData_Purchase.misc_charge_codes_sscl_159,0.0,Jinasena_MasterData_Common.res_company_jinasena_agricultural_machinery_pvt_ltd
tariff_rates_id_24060,10,1,0.0,CID,Duty,0.0,Jinasena_MasterData_Purchase.tariff_date_id_1031,Jinasena_MasterData_Purchase.misc_charge_codes_cid_119,0.0,Jinasena_MasterData_Common.res_company_jinasena_agricultural_machinery_pvt_ltd
tariff_rates_id_24061,10,1,0.0,EIC,Duty,0.0,Jinasena_MasterData_Purchase.tariff_date_id_1031,Jinasena_MasterData_Purchase.misc_charge_codes_eic_120,0.0,Jinasena_MasterData_Common.res_company_jinasena_agricultural_machinery_pvt_ltd
tariff_rates_id_24062,10,1,0.0,ESC,Duty,0.0,Jinasena_MasterData_Purchase.tariff_date_id_1031,Jinasena_MasterData_Purchase.misc_charge_codes_esc_121,0.0,Jinasena_MasterData_Common.res_company_jinasena_agricultural_machinery_pvt_ltd
tariff_rates_id_24063,10,1,0.0,Excise,Duty,0.0,Jinasena_MasterData_Purchase.tariff_date_id_1031,Jinasena_MasterData_Purchase.misc_charge_codes_excise_122,0.0,Jinasena_MasterData_Common.res_company_jinasena_agricultural_machinery_pvt_ltd
tariff_rates_id_24064,10,1,0.0,PAL,Duty,0.0,Jinasena_MasterData_Purchase.tariff_date_id_1031,Jinasena_MasterData_Purchase.misc_charge_codes_pal_123,0.0,Jinasena_MasterData_Common.res_company_jinasena_agricultural_machinery_pvt_ltd
tariff_rates_id_24065,10,1,0.0,RIDL,Duty,0.0,Jinasena_MasterData_Purchase.tariff_date_id_1031,Jinasena_MasterData_Purchase.misc_charge_codes_ridl_124,0.0,Jinasena_MasterData_Common.res_company_jinasena_agricultural_machinery_pvt_ltd
tariff_rates_id_24066,10,1,0.0,SRL,Duty,0.0,Jinasena_MasterData_Purchase.tariff_date_id_1031,Jinasena_MasterData_Purchase.misc_charge_codes_srl_125,0.0,Jinasena_MasterData_Common.res_company_jinasena_agricultural_machinery_pvt_ltd
tariff_rates_id_24067,10,1,0.0,Surcharge,Duty,0.0,Jinasena_MasterData_Purchase.tariff_date_id_1031,Jinasena_MasterData_Purchase.misc_charge_codes_surcharge_126,0.0,Jinasena_MasterData_Common.res_company_jinasena_agricultural_machinery_pvt_ltd
tariff_rates_id_24068,10,1,0.0,NBT,Taxes,0.0,Jinasena_MasterData_Purchase.tariff_date_id_1031,Jinasena_MasterData_Purchase.misc_charge_codes_nbt_155,0.0,Jinasena_MasterData_Common.res_company_jinasena_agricultural_machinery_pvt_ltd
tariff_rates_id_24069,10,1,0.0,NBT-N,Taxes,0.0,Jinasena_MasterData_Purchase.tariff_date_id_1031,Jinasena_MasterData_Purchase.misc_charge_codes_nbt_n_156,0.0,Jinasena_MasterData_Common.res_company_jinasena_agricultural_machinery_pvt_ltd
tariff_rates_id_24070,10,1,0.0,VAT-on-Item,Taxes,0.0,Jinasena_MasterData_Purchase.tariff_date_id_1031,Jinasena_MasterData_Purchase.misc_charge_codes_vat_on_item_157,0.0,Jinasena_MasterData_Common.res_company_jinasena_agricultural_machinery_pvt_ltd
tariff_rates_id_24071,10,1,0.0,VAT-on-GL,Taxes,0.0,Jinasena_MasterData_Purchase.tariff_date_id_1031,Jinasena_MasterData_Purchase.misc_charge_codes_vat_on_gl_158,0.0,Jinasena_MasterData_Common.res_company_jinasena_agricultural_machinery_pvt_ltd
tariff_rates_id_24072,10,1,0.0,SSCL,Taxes,0.0,Jinasena_MasterData_Purchase.tariff_date_id_1031,Jinasena_MasterData_Purchase.misc_charge_codes_sscl_159,0.0,Jinasena_MasterData_Common.res_company_jinasena_agricultural_machinery_pvt_ltd
tariff_rates_id_24073,10,1,0.0,CID,Duty,0.0,Jinasena_MasterData_Purchase.tariff_date_id_1032,Jinasena_MasterData_Purchase.misc_charge_codes_cid_119,0.0,Jinasena_MasterData_Common.res_company_jinasena_agricultural_machinery_pvt_ltd
tariff_rates_id_24074,10,1,0.0,EIC,Duty,0.0,Jinasena_MasterData_Purchase.tariff_date_id_1032,Jinasena_MasterData_Purchase.misc_charge_codes_eic_120,0.0,Jinasena_MasterData_Common.res_company_jinasena_agricultural_machinery_pvt_ltd
tariff_rates_id_24075,10,1,0.0,ESC,Duty,0.0,Jinasena_MasterData_Purchase.tariff_date_id_1032,Jinasena_MasterData_Purchase.misc_charge_codes_esc_121,0.0,Jinasena_MasterData_Common.res_company_jinasena_agricultural_machinery_pvt_ltd
tariff_rates_id_24076,10,1,0.0,Excise,Duty,0.0,Jinasena_MasterData_Purchase.tariff_date_id_1032,Jinasena_MasterData_Purchase.misc_charge_codes_excise_122,0.0,Jinasena_MasterData_Common.res_company_jinasena_agricultural_machinery_pvt_ltd
tariff_rates_id_24077,10,1,0.0,PAL,Duty,0.0,Jinasena_MasterData_Purchase.tariff_date_id_1032,Jinasena_MasterData_Purchase.misc_charge_codes_pal_123,0.0,Jinasena_MasterData_Common.res_company_jinasena_agricultural_machinery_pvt_ltd
tariff_rates_id_24078,10,1,0.0,RIDL,Duty,0.0,Jinasena_MasterData_Purchase.tariff_date_id_1032,Jinasena_MasterData_Purchase.misc_charge_codes_ridl_124,0.0,Jinasena_MasterData_Common.res_company_jinasena_agricultural_machinery_pvt_ltd
tariff_rates_id_24079,10,1,0.0,SRL,Duty,0.0,Jinasena_MasterData_Purchase.tariff_date_id_1032,Jinasena_MasterData_Purchase.misc_charge_codes_srl_125,0.0,Jinasena_MasterData_Common.res_company_jinasena_agricultural_machinery_pvt_ltd
tariff_rates_id_24080,10,1,0.0,Surcharge,Duty,0.0,Jinasena_MasterData_Purchase.tariff_date_id_1032,Jinasena_MasterData_Purchase.misc_charge_codes_surcharge_126,0.0,Jinasena_MasterData_Common.res_company_jinasena_agricultural_machinery_pvt_ltd
tariff_rates_id_24081,10,1,0.0,NBT,Taxes,0.0,Jinasena_MasterData_Purchase.tariff_date_id_1032,Jinasena_MasterData_Purchase.misc_charge_codes_nbt_155,0.0,Jinasena_MasterData_Common.res_company_jinasena_agricultural_machinery_pvt_ltd
tariff_rates_id_24082,10,1,0.0,NBT-N,Taxes,0.0,Jinasena_MasterData_Purchase.tariff_date_id_1032,Jinasena_MasterData_Purchase.misc_charge_codes_nbt_n_156,0.0,Jinasena_MasterData_Common.res_company_jinasena_agricultural_machinery_pvt_ltd
tariff_rates_id_24083,10,1,0.0,VAT-on-Item,Taxes,0.0,Jinasena_MasterData_Purchase.tariff_date_id_1032,Jinasena_MasterData_Purchase.misc_charge_codes_vat_on_item_157,0.0,Jinasena_MasterData_Common.res_company_jinasena_agricultural_machinery_pvt_ltd
tariff_rates_id_24084,10,1,0.0,VAT-on-GL,Taxes,0.0,Jinasena_MasterData_Purchase.tariff_date_id_1032,Jinasena_MasterData_Purchase.misc_charge_codes_vat_on_gl_158,0.0,Jinasena_MasterData_Common.res_company_jinasena_agricultural_machinery_pvt_ltd
tariff_rates_id_24085,10,1,0.0,SSCL,Taxes,0.0,Jinasena_MasterData_Purchase.tariff_date_id_1032,Jinasena_MasterData_Purchase.misc_charge_codes_sscl_159,0.0,Jinasena_MasterData_Common.res_company_jinasena_agricultural_machinery_pvt_ltd
tariff_rates_id_24086,10,1,0.0,CID,Duty,0.0,Jinasena_MasterData_Purchase.tariff_date_id_1033,Jinasena_MasterData_Purchase.misc_charge_codes_cid_119,0.0,Jinasena_MasterData_Common.res_company_jinasena_agricultural_machinery_pvt_ltd
tariff_rates_id_24087,10,1,0.0,EIC,Duty,0.0,Jinasena_MasterData_Purchase.tariff_date_id_1033,Jinasena_MasterData_Purchase.misc_charge_codes_eic_120,0.0,Jinasena_MasterData_Common.res_company_jinasena_agricultural_machinery_pvt_ltd
tariff_rates_id_24088,10,1,0.0,ESC,Duty,0.0,Jinasena_MasterData_Purchase.tariff_date_id_1033,Jinasena_MasterData_Purchase.misc_charge_codes_esc_121,0.0,Jinasena_MasterData_Common.res_company_jinasena_agricultural_machinery_pvt_ltd
tariff_rates_id_24089,10,1,0.0,Excise,Duty,0.0,Jinasena_MasterData_Purchase.tariff_date_id_1033,Jinasena_MasterData_Purchase.misc_charge_codes_excise_122,0.0,Jinasena_MasterData_Common.res_company_jinasena_agricultural_machinery_pvt_ltd
tariff_rates_id_24090,10,1,0.0,PAL,Duty,0.0,Jinasena_MasterData_Purchase.tariff_date_id_1033,Jinasena_MasterData_Purchase.misc_charge_codes_pal_123,0.0,Jinasena_MasterData_Common.res_company_jinasena_agricultural_machinery_pvt_ltd
tariff_rates_id_24091,10,1,0.0,RIDL,Duty,0.0,Jinasena_MasterData_Purchase.tariff_date_id_1033,Jinasena_MasterData_Purchase.misc_charge_codes_ridl_124,0.0,Jinasena_MasterData_Common.res_company_jinasena_agricultural_machinery_pvt_ltd
tariff_rates_id_24092,10,1,0.0,SRL,Duty,0.0,Jinasena_MasterData_Purchase.tariff_date_id_1033,Jinasena_MasterData_Purchase.misc_charge_codes_srl_125,0.0,Jinasena_MasterData_Common.res_company_jinasena_agricultural_machinery_pvt_ltd
tariff_rates_id_24093,10,1,0.0,Surcharge,Duty,0.0,Jinasena_MasterData_Purchase.tariff_date_id_1033,Jinasena_MasterData_Purchase.misc_charge_codes_surcharge_126,0.0,Jinasena_MasterData_Common.res_company_jinasena_agricultural_machinery_pvt_ltd
tariff_rates_id_24094,10,1,0.0,NBT,Taxes,0.0,Jinasena_MasterData_Purchase.tariff_date_id_1033,Jinasena_MasterData_Purchase.misc_charge_codes_nbt_155,0.0,Jinasena_MasterData_Common.res_company_jinasena_agricultural_machinery_pvt_ltd
tariff_rates_id_24095,10,1,0.0,NBT-N,Taxes,0.0,Jinasena_MasterData_Purchase.tariff_date_id_1033,Jinasena_MasterData_Purchase.misc_charge_codes_nbt_n_156,0.0,Jinasena_MasterData_Common.res_company_jinasena_agricultural_machinery_pvt_ltd
tariff_rates_id_24096,10,1,0.0,VAT-on-Item,Taxes,0.0,Jinasena_MasterData_Purchase.tariff_date_id_1033,Jinasena_MasterData_Purchase.misc_charge_codes_vat_on_item_157,0.0,Jinasena_MasterData_Common.res_company_jinasena_agricultural_machinery_pvt_ltd
tariff_rates_id_24097,10,1,0.0,VAT-on-GL,Taxes,0.0,Jinasena_MasterData_Purchase.tariff_date_id_1033,Jinasena_MasterData_Purchase.misc_charge_codes_vat_on_gl_158,0.0,Jinasena_MasterData_Common.res_company_jinasena_agricultural_machinery_pvt_ltd
tariff_rates_id_24098,10,1,0.0,SSCL,Taxes,0.0,Jinasena_MasterData_Purchase.tariff_date_id_1033,Jinasena_MasterData_Purchase.misc_charge_codes_sscl_159,0.0,Jinasena_MasterData_Common.res_company_jinasena_agricultural_machinery_pvt_ltd
tariff_rates_id_24099,10,1,0.0,CID,Duty,0.0,Jinasena_MasterData_Purchase.tariff_date_id_1034,Jinasena_MasterData_Purchase.misc_charge_codes_cid_119,0.0,Jinasena_MasterData_Common.res_company_jinasena_agricultural_machinery_pvt_ltd
tariff_rates_id_24100,10,1,0.0,EIC,Duty,0.0,Jinasena_MasterData_Purchase.tariff_date_id_1034,Jinasena_MasterData_Purchase.misc_charge_codes_eic_120,0.0,Jinasena_MasterData_Common.res_company_jinasena_agricultural_machinery_pvt_ltd
tariff_rates_id_24101,10,1,0.0,ESC,Duty,0.0,Jinasena_MasterData_Purchase.tariff_date_id_1034,Jinasena_MasterData_Purchase.misc_charge_codes_esc_121,0.0,Jinasena_MasterData_Common.res_company_jinasena_agricultural_machinery_pvt_ltd
tariff_rates_id_24102,10,1,0.0,Excise,Duty,0.0,Jinasena_MasterData_Purchase.tariff_date_id_1034,Jinasena_MasterData_Purchase.misc_charge_codes_excise_122,0.0,Jinasena_MasterData_Common.res_company_jinasena_agricultural_machinery_pvt_ltd
tariff_rates_id_24103,10,1,0.0,PAL,Duty,0.0,Jinasena_MasterData_Purchase.tariff_date_id_1034,Jinasena_MasterData_Purchase.misc_charge_codes_pal_123,0.0,Jinasena_MasterData_Common.res_company_jinasena_agricultural_machinery_pvt_ltd
tariff_rates_id_24104,10,1,0.0,RIDL,Duty,0.0,Jinasena_MasterData_Purchase.tariff_date_id_1034,Jinasena_MasterData_Purchase.misc_charge_codes_ridl_124,0.0,Jinasena_MasterData_Common.res_company_jinasena_agricultural_machinery_pvt_ltd
tariff_rates_id_24105,10,1,0.0,SRL,Duty,0.0,Jinasena_MasterData_Purchase.tariff_date_id_1034,Jinasena_MasterData_Purchase.misc_charge_codes_srl_125,0.0,Jinasena_MasterData_Common.res_company_jinasena_agricultural_machinery_pvt_ltd
tariff_rates_id_24106,10,1,0.0,Surcharge,Duty,0.0,Jinasena_MasterData_Purchase.tariff_date_id_1034,Jinasena_MasterData_Purchase.misc_charge_codes_surcharge_126,0.0,Jinasena_MasterData_Common.res_company_jinasena_agricultural_machinery_pvt_ltd
tariff_rates_id_24107,10,1,0.0,NBT,Taxes,0.0,Jinasena_MasterData_Purchase.tariff_date_id_1034,Jinasena_MasterData_Purchase.misc_charge_codes_nbt_155,0.0,Jinasena_MasterData_Common.res_company_jinasena_agricultural_machinery_pvt_ltd
tariff_rates_id_24108,10,1,0.0,NBT-N,Taxes,0.0,Jinasena_MasterData_Purchase.tariff_date_id_1034,Jinasena_MasterData_Purchase.misc_charge_codes_nbt_n_156,0.0,Jinasena_MasterData_Common.res_company_jinasena_agricultural_machinery_pvt_ltd
tariff_rates_id_24109,10,1,0.0,VAT-on-Item,Taxes,0.0,Jinasena_MasterData_Purchase.tariff_date_id_1034,Jinasena_MasterData_Purchase.misc_charge_codes_vat_on_item_157,0.0,Jinasena_MasterData_Common.res_company_jinasena_agricultural_machinery_pvt_ltd
tariff_rates_id_24110,10,1,0.0,VAT-on-GL,Taxes,0.0,Jinasena_MasterData_Purchase.tariff_date_id_1034,Jinasena_MasterData_Purchase.misc_charge_codes_vat_on_gl_158,0.0,Jinasena_MasterData_Common.res_company_jinasena_agricultural_machinery_pvt_ltd
tariff_rates_id_24111,10,1,0.0,SSCL,Taxes,0.0,Jinasena_MasterData_Purchase.tariff_date_id_1034,Jinasena_MasterData_Purchase.misc_charge_codes_sscl_159,0.0,Jinasena_MasterData_Common.res_company_jinasena_agricultural_machinery_pvt_ltd
tariff_rates_id_24112,10,1,0.0,CID,Duty,0.0,Jinasena_MasterData_Purchase.tariff_date_id_1035,Jinasena_MasterData_Purchase.misc_charge_codes_cid_119,0.0,Jinasena_MasterData_Common.res_company_jinasena_agricultural_machinery_pvt_ltd
tariff_rates_id_24113,10,1,0.0,EIC,Duty,0.0,Jinasena_MasterData_Purchase.tariff_date_id_1035,Jinasena_MasterData_Purchase.misc_charge_codes_eic_120,0.0,Jinasena_MasterData_Common.res_company_jinasena_agricultural_machinery_pvt_ltd
tariff_rates_id_24114,10,1,0.0,ESC,Duty,0.0,Jinasena_MasterData_Purchase.tariff_date_id_1035,Jinasena_MasterData_Purchase.misc_charge_codes_esc_121,0.0,Jinasena_MasterData_Common.res_company_jinasena_agricultural_machinery_pvt_ltd
tariff_rates_id_24115,10,1,0.0,Excise,Duty,0.0,Jinasena_MasterData_Purchase.tariff_date_id_1035,Jinasena_MasterData_Purchase.misc_charge_codes_excise_122,0.0,Jinasena_MasterData_Common.res_company_jinasena_agricultural_machinery_pvt_ltd
tariff_rates_id_24116,10,1,0.0,PAL,Duty,0.0,Jinasena_MasterData_Purchase.tariff_date_id_1035,Jinasena_MasterData_Purchase.misc_charge_codes_pal_123,0.0,Jinasena_MasterData_Common.res_company_jinasena_agricultural_machinery_pvt_ltd
tariff_rates_id_24117,10,1,0.0,RIDL,Duty,0.0,Jinasena_MasterData_Purchase.tariff_date_id_1035,Jinasena_MasterData_Purchase.misc_charge_codes_ridl_124,0.0,Jinasena_MasterData_Common.res_company_jinasena_agricultural_machinery_pvt_ltd
tariff_rates_id_24118,10,1,0.0,SRL,Duty,0.0,Jinasena_MasterData_Purchase.tariff_date_id_1035,Jinasena_MasterData_Purchase.misc_charge_codes_srl_125,0.0,Jinasena_MasterData_Common.res_company_jinasena_agricultural_machinery_pvt_ltd
tariff_rates_id_24119,10,1,0.0,Surcharge,Duty,0.0,Jinasena_MasterData_Purchase.tariff_date_id_1035,Jinasena_MasterData_Purchase.misc_charge_codes_surcharge_126,0.0,Jinasena_MasterData_Common.res_company_jinasena_agricultural_machinery_pvt_ltd
tariff_rates_id_24120,10,1,0.0,NBT,Taxes,0.0,Jinasena_MasterData_Purchase.tariff_date_id_1035,Jinasena_MasterData_Purchase.misc_charge_codes_nbt_155,0.0,Jinasena_MasterData_Common.res_company_jinasena_agricultural_machinery_pvt_ltd
tariff_rates_id_24121,10,1,0.0,NBT-N,Taxes,0.0,Jinasena_MasterData_Purchase.tariff_date_id_1035,Jinasena_MasterData_Purchase.misc_charge_codes_nbt_n_156,0.0,Jinasena_MasterData_Common.res_company_jinasena_agricultural_machinery_pvt_ltd
tariff_rates_id_24122,10,1,0.0,VAT-on-Item,Taxes,0.0,Jinasena_MasterData_Purchase.tariff_date_id_1035,Jinasena_MasterData_Purchase.misc_charge_codes_vat_on_item_157,0.0,Jinasena_MasterData_Common.res_company_jinasena_agricultural_machinery_pvt_ltd
tariff_rates_id_24123,10,1,0.0,VAT-on-GL,Taxes,0.0,Jinasena_MasterData_Purchase.tariff_date_id_1035,Jinasena_MasterData_Purchase.misc_charge_codes_vat_on_gl_158,0.0,Jinasena_MasterData_Common.res_company_jinasena_agricultural_machinery_pvt_ltd
tariff_rates_id_24124,10,1,0.0,SSCL,Taxes,0.0,Jinasena_MasterData_Purchase.tariff_date_id_1035,Jinasena_MasterData_Purchase.misc_charge_codes_sscl_159,0.0,Jinasena_MasterData_Common.res_company_jinasena_agricultural_machinery_pvt_ltd
tariff_rates_id_24125,10,1,0.0,CID,Duty,0.0,Jinasena_MasterData_Purchase.tariff_date_id_1036,Jinasena_MasterData_Purchase.misc_charge_codes_cid_119,0.0,Jinasena_MasterData_Common.res_company_jinasena_agricultural_machinery_pvt_ltd
tariff_rates_id_24126,10,1,0.0,EIC,Duty,0.0,Jinasena_MasterData_Purchase.tariff_date_id_1036,Jinasena_MasterData_Purchase.misc_charge_codes_eic_120,0.0,Jinasena_MasterData_Common.res_company_jinasena_agricultural_machinery_pvt_ltd
tariff_rates_id_24127,10,1,0.0,ESC,Duty,0.0,Jinasena_MasterData_Purchase.tariff_date_id_1036,Jinasena_MasterData_Purchase.misc_charge_codes_esc_121,0.0,Jinasena_MasterData_Common.res_company_jinasena_agricultural_machinery_pvt_ltd
tariff_rates_id_24128,10,1,0.0,Excise,Duty,0.0,Jinasena_MasterData_Purchase.tariff_date_id_1036,Jinasena_MasterData_Purchase.misc_charge_codes_excise_122,0.0,Jinasena_MasterData_Common.res_company_jinasena_agricultural_machinery_pvt_ltd
tariff_rates_id_24129,10,1,0.0,PAL,Duty,0.0,Jinasena_MasterData_Purchase.tariff_date_id_1036,Jinasena_MasterData_Purchase.misc_charge_codes_pal_123,0.0,Jinasena_MasterData_Common.res_company_jinasena_agricultural_machinery_pvt_ltd
tariff_rates_id_24130,10,1,0.0,RIDL,Duty,0.0,Jinasena_MasterData_Purchase.tariff_date_id_1036,Jinasena_MasterData_Purchase.misc_charge_codes_ridl_124,0.0,Jinasena_MasterData_Common.res_company_jinasena_agricultural_machinery_pvt_ltd
tariff_rates_id_24131,10,1,0.0,SRL,Duty,0.0,Jinasena_MasterData_Purchase.tariff_date_id_1036,Jinasena_MasterData_Purchase.misc_charge_codes_srl_125,0.0,Jinasena_MasterData_Common.res_company_jinasena_agricultural_machinery_pvt_ltd
tariff_rates_id_24132,10,1,0.0,Surcharge,Duty,0.0,Jinasena_MasterData_Purchase.tariff_date_id_1036,Jinasena_MasterData_Purchase.misc_charge_codes_surcharge_126,0.0,Jinasena_MasterData_Common.res_company_jinasena_agricultural_machinery_pvt_ltd
tariff_rates_id_24133,10,1,0.0,NBT,Taxes,0.0,Jinasena_MasterData_Purchase.tariff_date_id_1036,Jinasena_MasterData_Purchase.misc_charge_codes_nbt_155,0.0,Jinasena_MasterData_Common.res_company_jinasena_agricultural_machinery_pvt_ltd
tariff_rates_id_24134,10,1,0.0,NBT-N,Taxes,0.0,Jinasena_MasterData_Purchase.tariff_date_id_1036,Jinasena_MasterData_Purchase.misc_charge_codes_nbt_n_156,0.0,Jinasena_MasterData_Common.res_company_jinasena_agricultural_machinery_pvt_ltd
tariff_rates_id_24135,10,1,0.0,VAT-on-Item,Taxes,0.0,Jinasena_MasterData_Purchase.tariff_date_id_1036,Jinasena_MasterData_Purchase.misc_charge_codes_vat_on_item_157,0.0,Jinasena_MasterData_Common.res_company_jinasena_agricultural_machinery_pvt_ltd
tariff_rates_id_24136,10,1,0.0,VAT-on-GL,Taxes,0.0,Jinasena_MasterData_Purchase.tariff_date_id_1036,Jinasena_MasterData_Purchase.misc_charge_codes_vat_on_gl_158,0.0,Jinasena_MasterData_Common.res_company_jinasena_agricultural_machinery_pvt_ltd
tariff_rates_id_24137,10,1,0.0,SSCL,Taxes,0.0,Jinasena_MasterData_Purchase.tariff_date_id_1036,Jinasena_MasterData_Purchase.misc_charge_codes_sscl_159,0.0,Jinasena_MasterData_Common.res_company_jinasena_agricultural_machinery_pvt_ltd
tariff_rates_id_24138,10,1,0.0,CID,Duty,0.0,Jinasena_MasterData_Purchase.tariff_date_id_1037,Jinasena_MasterData_Purchase.misc_charge_codes_cid_119,0.0,Jinasena_MasterData_Common.res_company_jinasena_agricultural_machinery_pvt_ltd
tariff_rates_id_24139,10,1,0.0,EIC,Duty,0.0,Jinasena_MasterData_Purchase.tariff_date_id_1037,Jinasena_MasterData_Purchase.misc_charge_codes_eic_120,0.0,Jinasena_MasterData_Common.res_company_jinasena_agricultural_machinery_pvt_ltd
tariff_rates_id_24140,10,1,0.0,ESC,Duty,0.0,Jinasena_MasterData_Purchase.tariff_date_id_1037,Jinasena_MasterData_Purchase.misc_charge_codes_esc_121,0.0,Jinasena_MasterData_Common.res_company_jinasena_agricultural_machinery_pvt_ltd
tariff_rates_id_24141,10,1,0.0,Excise,Duty,0.0,Jinasena_MasterData_Purchase.tariff_date_id_1037,Jinasena_MasterData_Purchase.misc_charge_codes_excise_122,0.0,Jinasena_MasterData_Common.res_company_jinasena_agricultural_machinery_pvt_ltd
tariff_rates_id_24142,10,1,0.0,PAL,Duty,0.0,Jinasena_MasterData_Purchase.tariff_date_id_1037,Jinasena_MasterData_Purchase.misc_charge_codes_pal_123,0.0,Jinasena_MasterData_Common.res_company_jinasena_agricultural_machinery_pvt_ltd
tariff_rates_id_24143,10,1,0.0,RIDL,Duty,0.0,Jinasena_MasterData_Purchase.tariff_date_id_1037,Jinasena_MasterData_Purchase.misc_charge_codes_ridl_124,0.0,Jinasena_MasterData_Common.res_company_jinasena_agricultural_machinery_pvt_ltd
tariff_rates_id_24144,10,1,0.0,SRL,Duty,0.0,Jinasena_MasterData_Purchase.tariff_date_id_1037,Jinasena_MasterData_Purchase.misc_charge_codes_srl_125,0.0,Jinasena_MasterData_Common.res_company_jinasena_agricultural_machinery_pvt_ltd
tariff_rates_id_24145,10,1,0.0,Surcharge,Duty,0.0,Jinasena_MasterData_Purchase.tariff_date_id_1037,Jinasena_MasterData_Purchase.misc_charge_codes_surcharge_126,0.0,Jinasena_MasterData_Common.res_company_jinasena_agricultural_machinery_pvt_ltd
tariff_rates_id_24146,10,1,0.0,NBT,Taxes,0.0,Jinasena_MasterData_Purchase.tariff_date_id_1037,Jinasena_MasterData_Purchase.misc_charge_codes_nbt_155,0.0,Jinasena_MasterData_Common.res_company_jinasena_agricultural_machinery_pvt_ltd
tariff_rates_id_24147,10,1,0.0,NBT-N,Taxes,0.0,Jinasena_MasterData_Purchase.tariff_date_id_1037,Jinasena_MasterData_Purchase.misc_charge_codes_nbt_n_156,0.0,Jinasena_MasterData_Common.res_company_jinasena_agricultural_machinery_pvt_ltd
tariff_rates_id_24148,10,1,0.0,VAT-on-Item,Taxes,0.0,Jinasena_MasterData_Purchase.tariff_date_id_1037,Jinasena_MasterData_Purchase.misc_charge_codes_vat_on_item_157,0.0,Jinasena_MasterData_Common.res_company_jinasena_agricultural_machinery_pvt_ltd
tariff_rates_id_24149,10,1,0.0,VAT-on-GL,Taxes,0.0,Jinasena_MasterData_Purchase.tariff_date_id_1037,Jinasena_MasterData_Purchase.misc_charge_codes_vat_on_gl_158,0.0,Jinasena_MasterData_Common.res_company_jinasena_agricultural_machinery_pvt_ltd
tariff_rates_id_24150,10,1,0.0,SSCL,Taxes,0.0,Jinasena_MasterData_Purchase.tariff_date_id_1037,Jinasena_MasterData_Purchase.misc_charge_codes_sscl_159,0.0,Jinasena_MasterData_Common.res_company_jinasena_agricultural_machinery_pvt_ltd
tariff_rates_id_24151,10,1,0.0,CID,Duty,0.0,Jinasena_MasterData_Purchase.tariff_date_id_1038,Jinasena_MasterData_Purchase.misc_charge_codes_cid_119,0.0,Jinasena_MasterData_Common.res_company_jinasena_agricultural_machinery_pvt_ltd
tariff_rates_id_24152,10,1,0.0,EIC,Duty,0.0,Jinasena_MasterData_Purchase.tariff_date_id_1038,Jinasena_MasterData_Purchase.misc_charge_codes_eic_120,0.0,Jinasena_MasterData_Common.res_company_jinasena_agricultural_machinery_pvt_ltd
tariff_rates_id_24153,10,1,0.0,ESC,Duty,0.0,Jinasena_MasterData_Purchase.tariff_date_id_1038,Jinasena_MasterData_Purchase.misc_charge_codes_esc_121,0.0,Jinasena_MasterData_Common.res_company_jinasena_agricultural_machinery_pvt_ltd
tariff_rates_id_24154,10,1,0.0,Excise,Duty,0.0,Jinasena_MasterData_Purchase.tariff_date_id_1038,Jinasena_MasterData_Purchase.misc_charge_codes_excise_122,0.0,Jinasena_MasterData_Common.res_company_jinasena_agricultural_machinery_pvt_ltd
tariff_rates_id_24155,10,1,0.0,PAL,Duty,0.0,Jinasena_MasterData_Purchase.tariff_date_id_1038,Jinasena_MasterData_Purchase.misc_charge_codes_pal_123,0.0,Jinasena_MasterData_Common.res_company_jinasena_agricultural_machinery_pvt_ltd
tariff_rates_id_24156,10,1,0.0,RIDL,Duty,0.0,Jinasena_MasterData_Purchase.tariff_date_id_1038,Jinasena_MasterData_Purchase.misc_charge_codes_ridl_124,0.0,Jinasena_MasterData_Common.res_company_jinasena_agricultural_machinery_pvt_ltd
tariff_rates_id_24157,10,1,0.0,SRL,Duty,0.0,Jinasena_MasterData_Purchase.tariff_date_id_1038,Jinasena_MasterData_Purchase.misc_charge_codes_srl_125,0.0,Jinasena_MasterData_Common.res_company_jinasena_agricultural_machinery_pvt_ltd
tariff_rates_id_24158,10,1,0.0,Surcharge,Duty,0.0,Jinasena_MasterData_Purchase.tariff_date_id_1038,Jinasena_MasterData_Purchase.misc_charge_codes_surcharge_126,0.0,Jinasena_MasterData_Common.res_company_jinasena_agricultural_machinery_pvt_ltd
tariff_rates_id_24159,10,1,0.0,NBT,Taxes,0.0,Jinasena_MasterData_Purchase.tariff_date_id_1038,Jinasena_MasterData_Purchase.misc_charge_codes_nbt_155,0.0,Jinasena_MasterData_Common.res_company_jinasena_agricultural_machinery_pvt_ltd
tariff_rates_id_24160,10,1,0.0,NBT-N,Taxes,0.0,Jinasena_MasterData_Purchase.tariff_date_id_1038,Jinasena_MasterData_Purchase.misc_charge_codes_nbt_n_156,0.0,Jinasena_MasterData_Common.res_company_jinasena_agricultural_machinery_pvt_ltd
tariff_rates_id_24161,10,1,0.0,VAT-on-Item,Taxes,0.0,Jinasena_MasterData_Purchase.tariff_date_id_1038,Jinasena_MasterData_Purchase.misc_charge_codes_vat_on_item_157,0.0,Jinasena_MasterData_Common.res_company_jinasena_agricultural_machinery_pvt_ltd
tariff_rates_id_24162,10,1,0.0,VAT-on-GL,Taxes,0.0,Jinasena_MasterData_Purchase.tariff_date_id_1038,Jinasena_MasterData_Purchase.misc_charge_codes_vat_on_gl_158,0.0,Jinasena_MasterData_Common.res_company_jinasena_agricultural_machinery_pvt_ltd
tariff_rates_id_24163,10,1,0.0,SSCL,Taxes,0.0,Jinasena_MasterData_Purchase.tariff_date_id_1038,Jinasena_MasterData_Purchase.misc_charge_codes_sscl_159,0.0,Jinasena_MasterData_Common.res_company_jinasena_agricultural_machinery_pvt_ltd
tariff_rates_id_24164,10,1,0.0,CID,Duty,0.0,Jinasena_MasterData_Purchase.tariff_date_id_1039,Jinasena_MasterData_Purchase.misc_charge_codes_cid_119,0.0,Jinasena_MasterData_Common.res_company_jinasena_agricultural_machinery_pvt_ltd
tariff_rates_id_24165,10,1,0.0,EIC,Duty,0.0,Jinasena_MasterData_Purchase.tariff_date_id_1039,Jinasena_MasterData_Purchase.misc_charge_codes_eic_120,0.0,Jinasena_MasterData_Common.res_company_jinasena_agricultural_machinery_pvt_ltd
tariff_rates_id_24166,10,1,0.0,ESC,Duty,0.0,Jinasena_MasterData_Purchase.tariff_date_id_1039,Jinasena_MasterData_Purchase.misc_charge_codes_esc_121,0.0,Jinasena_MasterData_Common.res_company_jinasena_agricultural_machinery_pvt_ltd
tariff_rates_id_24167,10,1,0.0,Excise,Duty,0.0,Jinasena_MasterData_Purchase.tariff_date_id_1039,Jinasena_MasterData_Purchase.misc_charge_codes_excise_122,0.0,Jinasena_MasterData_Common.res_company_jinasena_agricultural_machinery_pvt_ltd
tariff_rates_id_24168,10,1,0.0,PAL,Duty,0.0,Jinasena_MasterData_Purchase.tariff_date_id_1039,Jinasena_MasterData_Purchase.misc_charge_codes_pal_123,0.0,Jinasena_MasterData_Common.res_company_jinasena_agricultural_machinery_pvt_ltd
tariff_rates_id_24169,10,1,0.0,RIDL,Duty,0.0,Jinasena_MasterData_Purchase.tariff_date_id_1039,Jinasena_MasterData_Purchase.misc_charge_codes_ridl_124,0.0,Jinasena_MasterData_Common.res_company_jinasena_agricultural_machinery_pvt_ltd
tariff_rates_id_24170,10,1,0.0,SRL,Duty,0.0,Jinasena_MasterData_Purchase.tariff_date_id_1039,Jinasena_MasterData_Purchase.misc_charge_codes_srl_125,0.0,Jinasena_MasterData_Common.res_company_jinasena_agricultural_machinery_pvt_ltd
tariff_rates_id_24171,10,1,0.0,Surcharge,Duty,0.0,Jinasena_MasterData_Purchase.tariff_date_id_1039,Jinasena_MasterData_Purchase.misc_charge_codes_surcharge_126,0.0,Jinasena_MasterData_Common.res_company_jinasena_agricultural_machinery_pvt_ltd
tariff_rates_id_24172,10,1,0.0,NBT,Taxes,0.0,Jinasena_MasterData_Purchase.tariff_date_id_1039,Jinasena_MasterData_Purchase.misc_charge_codes_nbt_155,0.0,Jinasena_MasterData_Common.res_company_jinasena_agricultural_machinery_pvt_ltd
tariff_rates_id_24173,10,1,0.0,NBT-N,Taxes,0.0,Jinasena_MasterData_Purchase.tariff_date_id_1039,Jinasena_MasterData_Purchase.misc_charge_codes_nbt_n_156,0.0,Jinasena_MasterData_Common.res_company_jinasena_agricultural_machinery_pvt_ltd
tariff_rates_id_24174,10,1,0.0,VAT-on-Item,Taxes,0.0,Jinasena_MasterData_Purchase.tariff_date_id_1039,Jinasena_MasterData_Purchase.misc_charge_codes_vat_on_item_157,0.0,Jinasena_MasterData_Common.res_company_jinasena_agricultural_machinery_pvt_ltd
tariff_rates_id_24175,10,1,0.0,VAT-on-GL,Taxes,0.0,Jinasena_MasterData_Purchase.tariff_date_id_1039,Jinasena_MasterData_Purchase.misc_charge_codes_vat_on_gl_158,0.0,Jinasena_MasterData_Common.res_company_jinasena_agricultural_machinery_pvt_ltd
tariff_rates_id_24176,10,1,0.0,SSCL,Taxes,0.0,Jinasena_MasterData_Purchase.tariff_date_id_1039,Jinasena_MasterData_Purchase.misc_charge_codes_sscl_159,0.0,Jinasena_MasterData_Common.res_company_jinasena_agricultural_machinery_pvt_ltd
tariff_rates_id_24177,10,1,0.0,CID,Duty,0.0,Jinasena_MasterData_Purchase.tariff_date_id_1040,Jinasena_MasterData_Purchase.misc_charge_codes_cid_119,0.0,Jinasena_MasterData_Common.res_company_jinasena_agricultural_machinery_pvt_ltd
tariff_rates_id_24178,10,1,0.0,EIC,Duty,0.0,Jinasena_MasterData_Purchase.tariff_date_id_1040,Jinasena_MasterData_Purchase.misc_charge_codes_eic_120,0.0,Jinasena_MasterData_Common.res_company_jinasena_agricultural_machinery_pvt_ltd
tariff_rates_id_24179,10,1,0.0,ESC,Duty,0.0,Jinasena_MasterData_Purchase.tariff_date_id_1040,Jinasena_MasterData_Purchase.misc_charge_codes_esc_121,0.0,Jinasena_MasterData_Common.res_company_jinasena_agricultural_machinery_pvt_ltd
tariff_rates_id_24180,10,1,0.0,Excise,Duty,0.0,Jinasena_MasterData_Purchase.tariff_date_id_1040,Jinasena_MasterData_Purchase.misc_charge_codes_excise_122,0.0,Jinasena_MasterData_Common.res_company_jinasena_agricultural_machinery_pvt_ltd
tariff_rates_id_24181,10,1,0.0,PAL,Duty,0.0,Jinasena_MasterData_Purchase.tariff_date_id_1040,Jinasena_MasterData_Purchase.misc_charge_codes_pal_123,0.0,Jinasena_MasterData_Common.res_company_jinasena_agricultural_machinery_pvt_ltd
tariff_rates_id_24182,10,1,0.0,RIDL,Duty,0.0,Jinasena_MasterData_Purchase.tariff_date_id_1040,Jinasena_MasterData_Purchase.misc_charge_codes_ridl_124,0.0,Jinasena_MasterData_Common.res_company_jinasena_agricultural_machinery_pvt_ltd
tariff_rates_id_24183,10,1,0.0,SRL,Duty,0.0,Jinasena_MasterData_Purchase.tariff_date_id_1040,Jinasena_MasterData_Purchase.misc_charge_codes_srl_125,0.0,Jinasena_MasterData_Common.res_company_jinasena_agricultural_machinery_pvt_ltd
tariff_rates_id_24184,10,1,0.0,Surcharge,Duty,0.0,Jinasena_MasterData_Purchase.tariff_date_id_1040,Jinasena_MasterData_Purchase.misc_charge_codes_surcharge_126,0.0,Jinasena_MasterData_Common.res_company_jinasena_agricultural_machinery_pvt_ltd
tariff_rates_id_24185,10,1,0.0,NBT,Taxes,0.0,Jinasena_MasterData_Purchase.tariff_date_id_1040,Jinasena_MasterData_Purchase.misc_charge_codes_nbt_155,0.0,Jinasena_MasterData_Common.res_company_jinasena_agricultural_machinery_pvt_ltd
tariff_rates_id_24186,10,1,0.0,NBT-N,Taxes,0.0,Jinasena_MasterData_Purchase.tariff_date_id_1040,Jinasena_MasterData_Purchase.misc_charge_codes_nbt_n_156,0.0,Jinasena_MasterData_Common.res_company_jinasena_agricultural_machinery_pvt_ltd
tariff_rates_id_24187,10,1,0.0,VAT-on-Item,Taxes,0.0,Jinasena_MasterData_Purchase.tariff_date_id_1040,Jinasena_MasterData_Purchase.misc_charge_codes_vat_on_item_157,0.0,Jinasena_MasterData_Common.res_company_jinasena_agricultural_machinery_pvt_ltd
tariff_rates_id_24188,10,1,0.0,VAT-on-GL,Taxes,0.0,Jinasena_MasterData_Purchase.tariff_date_id_1040,Jinasena_MasterData_Purchase.misc_charge_codes_vat_on_gl_158,0.0,Jinasena_MasterData_Common.res_company_jinasena_agricultural_machinery_pvt_ltd
tariff_rates_id_24189,10,1,0.0,SSCL,Taxes,0.0,Jinasena_MasterData_Purchase.tariff_date_id_1040,Jinasena_MasterData_Purchase.misc_charge_codes_sscl_159,0.0,Jinasena_MasterData_Common.res_company_jinasena_agricultural_machinery_pvt_ltd
tariff_rates_id_24190,10,1,0.0,CID,Duty,0.0,Jinasena_MasterData_Purchase.tariff_date_id_1041,Jinasena_MasterData_Purchase.misc_charge_codes_cid_119,0.0,Jinasena_MasterData_Common.res_company_jinasena_agricultural_machinery_pvt_ltd
tariff_rates_id_24191,10,1,0.0,EIC,Duty,0.0,Jinasena_MasterData_Purchase.tariff_date_id_1041,Jinasena_MasterData_Purchase.misc_charge_codes_eic_120,0.0,Jinasena_MasterData_Common.res_company_jinasena_agricultural_machinery_pvt_ltd
tariff_rates_id_24192,10,1,0.0,ESC,Duty,0.0,Jinasena_MasterData_Purchase.tariff_date_id_1041,Jinasena_MasterData_Purchase.misc_charge_codes_esc_121,0.0,Jinasena_MasterData_Common.res_company_jinasena_agricultural_machinery_pvt_ltd
tariff_rates_id_24193,10,1,0.0,Excise,Duty,0.0,Jinasena_MasterData_Purchase.tariff_date_id_1041,Jinasena_MasterData_Purchase.misc_charge_codes_excise_122,0.0,Jinasena_MasterData_Common.res_company_jinasena_agricultural_machinery_pvt_ltd
tariff_rates_id_24194,10,1,0.0,PAL,Duty,0.0,Jinasena_MasterData_Purchase.tariff_date_id_1041,Jinasena_MasterData_Purchase.misc_charge_codes_pal_123,0.0,Jinasena_MasterData_Common.res_company_jinasena_agricultural_machinery_pvt_ltd
tariff_rates_id_24195,10,1,0.0,RIDL,Duty,0.0,Jinasena_MasterData_Purchase.tariff_date_id_1041,Jinasena_MasterData_Purchase.misc_charge_codes_ridl_124,0.0,Jinasena_MasterData_Common.res_company_jinasena_agricultural_machinery_pvt_ltd
tariff_rates_id_24196,10,1,0.0,SRL,Duty,0.0,Jinasena_MasterData_Purchase.tariff_date_id_1041,Jinasena_MasterData_Purchase.misc_charge_codes_srl_125,0.0,Jinasena_MasterData_Common.res_company_jinasena_agricultural_machinery_pvt_ltd
tariff_rates_id_24197,10,1,0.0,Surcharge,Duty,0.0,Jinasena_MasterData_Purchase.tariff_date_id_1041,Jinasena_MasterData_Purchase.misc_charge_codes_surcharge_126,0.0,Jinasena_MasterData_Common.res_company_jinasena_agricultural_machinery_pvt_ltd
tariff_rates_id_24198,10,1,0.0,NBT,Taxes,0.0,Jinasena_MasterData_Purchase.tariff_date_id_1041,Jinasena_MasterData_Purchase.misc_charge_codes_nbt_155,0.0,Jinasena_MasterData_Common.res_company_jinasena_agricultural_machinery_pvt_ltd
tariff_rates_id_24199,10,1,0.0,NBT-N,Taxes,0.0,Jinasena_MasterData_Purchase.tariff_date_id_1041,Jinasena_MasterData_Purchase.misc_charge_codes_nbt_n_156,0.0,Jinasena_MasterData_Common.res_company_jinasena_agricultural_machinery_pvt_ltd
tariff_rates_id_24200,10,1,0.0,VAT-on-Item,Taxes,0.0,Jinasena_MasterData_Purchase.tariff_date_id_1041,Jinasena_MasterData_Purchase.misc_charge_codes_vat_on_item_157,0.0,Jinasena_MasterData_Common.res_company_jinasena_agricultural_machinery_pvt_ltd
tariff_rates_id_24201,10,1,0.0,VAT-on-GL,Taxes,0.0,Jinasena_MasterData_Purchase.tariff_date_id_1041,Jinasena_MasterData_Purchase.misc_charge_codes_vat_on_gl_158,0.0,Jinasena_MasterData_Common.res_company_jinasena_agricultural_machinery_pvt_ltd
tariff_rates_id_24202,10,1,0.0,SSCL,Taxes,0.0,Jinasena_MasterData_Purchase.tariff_date_id_1041,Jinasena_MasterData_Purchase.misc_charge_codes_sscl_159,0.0,Jinasena_MasterData_Common.res_company_jinasena_agricultural_machinery_pvt_ltd
tariff_rates_id_24203,10,1,0.0,CID,Duty,0.0,Jinasena_MasterData_Purchase.tariff_date_id_1042,Jinasena_MasterData_Purchase.misc_charge_codes_cid_119,0.0,Jinasena_MasterData_Common.res_company_jinasena_agricultural_machinery_pvt_ltd
tariff_rates_id_24204,10,1,0.0,EIC,Duty,0.0,Jinasena_MasterData_Purchase.tariff_date_id_1042,Jinasena_MasterData_Purchase.misc_charge_codes_eic_120,0.0,Jinasena_MasterData_Common.res_company_jinasena_agricultural_machinery_pvt_ltd
tariff_rates_id_24205,10,1,0.0,ESC,Duty,0.0,Jinasena_MasterData_Purchase.tariff_date_id_1042,Jinasena_MasterData_Purchase.misc_charge_codes_esc_121,0.0,Jinasena_MasterData_Common.res_company_jinasena_agricultural_machinery_pvt_ltd
tariff_rates_id_24206,10,1,0.0,Excise,Duty,0.0,Jinasena_MasterData_Purchase.tariff_date_id_1042,Jinasena_MasterData_Purchase.misc_charge_codes_excise_122,0.0,Jinasena_MasterData_Common.res_company_jinasena_agricultural_machinery_pvt_ltd
tariff_rates_id_24207,10,1,0.0,PAL,Duty,0.0,Jinasena_MasterData_Purchase.tariff_date_id_1042,Jinasena_MasterData_Purchase.misc_charge_codes_pal_123,0.0,Jinasena_MasterData_Common.res_company_jinasena_agricultural_machinery_pvt_ltd
tariff_rates_id_24208,10,1,0.0,RIDL,Duty,0.0,Jinasena_MasterData_Purchase.tariff_date_id_1042,Jinasena_MasterData_Purchase.misc_charge_codes_ridl_124,0.0,Jinasena_MasterData_Common.res_company_jinasena_agricultural_machinery_pvt_ltd
tariff_rates_id_24209,10,1,0.0,SRL,Duty,0.0,Jinasena_MasterData_Purchase.tariff_date_id_1042,Jinasena_MasterData_Purchase.misc_charge_codes_srl_125,0.0,Jinasena_MasterData_Common.res_company_jinasena_agricultural_machinery_pvt_ltd
tariff_rates_id_24210,10,1,0.0,Surcharge,Duty,0.0,Jinasena_MasterData_Purchase.tariff_date_id_1042,Jinasena_MasterData_Purchase.misc_charge_codes_surcharge_126,0.0,Jinasena_MasterData_Common.res_company_jinasena_agricultural_machinery_pvt_ltd
tariff_rates_id_24211,10,1,0.0,NBT,Taxes,0.0,Jinasena_MasterData_Purchase.tariff_date_id_1042,Jinasena_MasterData_Purchase.misc_charge_codes_nbt_155,0.0,Jinasena_MasterData_Common.res_company_jinasena_agricultural_machinery_pvt_ltd
tariff_rates_id_24212,10,1,0.0,NBT-N,Taxes,0.0,Jinasena_MasterData_Purchase.tariff_date_id_1042,Jinasena_MasterData_Purchase.misc_charge_codes_nbt_n_156,0.0,Jinasena_MasterData_Common.res_company_jinasena_agricultural_machinery_pvt_ltd
tariff_rates_id_24213,10,1,0.0,VAT-on-Item,Taxes,0.0,Jinasena_MasterData_Purchase.tariff_date_id_1042,Jinasena_MasterData_Purchase.misc_charge_codes_vat_on_item_157,0.0,Jinasena_MasterData_Common.res_company_jinasena_agricultural_machinery_pvt_ltd
tariff_rates_id_24214,10,1,0.0,VAT-on-GL,Taxes,0.0,Jinasena_MasterData_Purchase.tariff_date_id_1042,Jinasena_MasterData_Purchase.misc_charge_codes_vat_on_gl_158,0.0,Jinasena_MasterData_Common.res_company_jinasena_agricultural_machinery_pvt_ltd
tariff_rates_id_24215,10,1,0.0,SSCL,Taxes,0.0,Jinasena_MasterData_Purchase.tariff_date_id_1042,Jinasena_MasterData_Purchase.misc_charge_codes_sscl_159,0.0,Jinasena_MasterData_Common.res_company_jinasena_agricultural_machinery_pvt_ltd
tariff_rates_id_24216,10,1,0.0,CID,Duty,0.0,Jinasena_MasterData_Purchase.tariff_date_id_1043,Jinasena_MasterData_Purchase.misc_charge_codes_cid_119,0.0,Jinasena_MasterData_Common.res_company_jinasena_agricultural_machinery_pvt_ltd
tariff_rates_id_24217,10,1,0.0,EIC,Duty,0.0,Jinasena_MasterData_Purchase.tariff_date_id_1043,Jinasena_MasterData_Purchase.misc_charge_codes_eic_120,0.0,Jinasena_MasterData_Common.res_company_jinasena_agricultural_machinery_pvt_ltd
tariff_rates_id_24218,10,1,0.0,ESC,Duty,0.0,Jinasena_MasterData_Purchase.tariff_date_id_1043,Jinasena_MasterData_Purchase.misc_charge_codes_esc_121,0.0,Jinasena_MasterData_Common.res_company_jinasena_agricultural_machinery_pvt_ltd
tariff_rates_id_24219,10,1,0.0,Excise,Duty,0.0,Jinasena_MasterData_Purchase.tariff_date_id_1043,Jinasena_MasterData_Purchase.misc_charge_codes_excise_122,0.0,Jinasena_MasterData_Common.res_company_jinasena_agricultural_machinery_pvt_ltd
tariff_rates_id_24220,10,1,0.0,PAL,Duty,0.0,Jinasena_MasterData_Purchase.tariff_date_id_1043,Jinasena_MasterData_Purchase.misc_charge_codes_pal_123,0.0,Jinasena_MasterData_Common.res_company_jinasena_agricultural_machinery_pvt_ltd
tariff_rates_id_24221,10,1,0.0,RIDL,Duty,0.0,Jinasena_MasterData_Purchase.tariff_date_id_1043,Jinasena_MasterData_Purchase.misc_charge_codes_ridl_124,0.0,Jinasena_MasterData_Common.res_company_jinasena_agricultural_machinery_pvt_ltd
tariff_rates_id_24222,10,1,0.0,SRL,Duty,0.0,Jinasena_MasterData_Purchase.tariff_date_id_1043,Jinasena_MasterData_Purchase.misc_charge_codes_srl_125,0.0,Jinasena_MasterData_Common.res_company_jinasena_agricultural_machinery_pvt_ltd
tariff_rates_id_24223,10,1,0.0,Surcharge,Duty,0.0,Jinasena_MasterData_Purchase.tariff_date_id_1043,Jinasena_MasterData_Purchase.misc_charge_codes_surcharge_126,0.0,Jinasena_MasterData_Common.res_company_jinasena_agricultural_machinery_pvt_ltd
tariff_rates_id_24224,10,1,0.0,NBT,Taxes,0.0,Jinasena_MasterData_Purchase.tariff_date_id_1043,Jinasena_MasterData_Purchase.misc_charge_codes_nbt_155,0.0,Jinasena_MasterData_Common.res_company_jinasena_agricultural_machinery_pvt_ltd
tariff_rates_id_24225,10,1,0.0,NBT-N,Taxes,0.0,Jinasena_MasterData_Purchase.tariff_date_id_1043,Jinasena_MasterData_Purchase.misc_charge_codes_nbt_n_156,0.0,Jinasena_MasterData_Common.res_company_jinasena_agricultural_machinery_pvt_ltd
tariff_rates_id_24226,10,1,0.0,VAT-on-Item,Taxes,0.0,Jinasena_MasterData_Purchase.tariff_date_id_1043,Jinasena_MasterData_Purchase.misc_charge_codes_vat_on_item_157,0.0,Jinasena_MasterData_Common.res_company_jinasena_agricultural_machinery_pvt_ltd
tariff_rates_id_24227,10,1,0.0,VAT-on-GL,Taxes,0.0,Jinasena_MasterData_Purchase.tariff_date_id_1043,Jinasena_MasterData_Purchase.misc_charge_codes_vat_on_gl_158,0.0,Jinasena_MasterData_Common.res_company_jinasena_agricultural_machinery_pvt_ltd
tariff_rates_id_24228,10,1,0.0,SSCL,Taxes,0.0,Jinasena_MasterData_Purchase.tariff_date_id_1043,Jinasena_MasterData_Purchase.misc_charge_codes_sscl_159,0.0,Jinasena_MasterData_Common.res_company_jinasena_agricultural_machinery_pvt_ltd
tariff_rates_id_25828,10,1,0.0,CID,Duty,0.0,Jinasena_MasterData_Purchase.tariff_date_id_1167,,0.0,Jinasena_MasterData_Common.res_company_jinasena_agricultural_machinery_pvt_ltd
tariff_rates_id_25829,10,1,0.0,EIC,Duty,0.0,Jinasena_MasterData_Purchase.tariff_date_id_1167,,0.0,Jinasena_MasterData_Common.res_company_jinasena_agricultural_machinery_pvt_ltd
tariff_rates_id_25830,10,1,0.0,ESC,Duty,0.0,Jinasena_MasterData_Purchase.tariff_date_id_1167,,0.0,Jinasena_MasterData_Common.res_company_jinasena_agricultural_machinery_pvt_ltd
tariff_rates_id_25831,10,1,0.0,Excise,Duty,0.0,Jinasena_MasterData_Purchase.tariff_date_id_1167,,0.0,Jinasena_MasterData_Common.res_company_jinasena_agricultural_machinery_pvt_ltd
tariff_rates_id_25832,10,1,10.0,PAL,Duty,0.0,Jinasena_MasterData_Purchase.tariff_date_id_1167,,0.0,Jinasena_MasterData_Common.res_company_jinasena_agricultural_machinery_pvt_ltd
tariff_rates_id_25833,10,1,0.0,RIDL,Duty,0.0,Jinasena_MasterData_Purchase.tariff_date_id_1167,,0.0,Jinasena_MasterData_Common.res_company_jinasena_agricultural_machinery_pvt_ltd
tariff_rates_id_25834,10,1,0.0,SRL,Duty,0.0,Jinasena_MasterData_Purchase.tariff_date_id_1167,,0.0,Jinasena_MasterData_Common.res_company_jinasena_agricultural_machinery_pvt_ltd
tariff_rates_id_25835,10,1,0.0,Surcharge,Duty,0.0,Jinasena_MasterData_Purchase.tariff_date_id_1167,,0.0,Jinasena_MasterData_Common.res_company_jinasena_agricultural_machinery_pvt_ltd
tariff_rates_id_25836,10,1,0.0,NBT,Taxes,0.0,Jinasena_MasterData_Purchase.tariff_date_id_1167,,0.0,Jinasena_MasterData_Common.res_company_jinasena_agricultural_machinery_pvt_ltd
tariff_rates_id_25837,10,1,0.0,NBT-N,Taxes,0.0,Jinasena_MasterData_Purchase.tariff_date_id_1167,,0.0,Jinasena_MasterData_Common.res_company_jinasena_agricultural_machinery_pvt_ltd
tariff_rates_id_25838,10,1,2.5,SSCL,Taxes,0.0,Jinasena_MasterData_Purchase.tariff_date_id_1167,,0.0,Jinasena_MasterData_Common.res_company_jinasena_agricultural_machinery_pvt_ltd
tariff_rates_id_25839,10,1,18.0,VAT-on-Item,Taxes,0.0,Jinasena_MasterData_Purchase.tariff_date_id_1167,,0.0,Jinasena_MasterData_Common.res_company_jinasena_agricultural_machinery_pvt_ltd
tariff_rates_id_25840,10,1,18.0,VAT-on-GL,Taxes,0.0,Jinasena_MasterData_Purchase.tariff_date_id_1167,,0.0,Jinasena_MasterData_Common.res_company_jinasena_agricultural_machinery_pvt_ltd
tariff_rates_id_25841,10,1,20.0,CID,Duty,0.0,Jinasena_MasterData_Purchase.tariff_date_id_1168,,0.0,Jinasena_MasterData_Common.res_company_jinasena_agricultural_machinery_pvt_ltd
tariff_rates_id_25842,10,1,6.29,EIC,Duty,0.0,Jinasena_MasterData_Purchase.tariff_date_id_1168,,0.0,Jinasena_MasterData_Common.res_company_jinasena_agricultural_machinery_pvt_ltd
tariff_rates_id_25843,10,1,0.0,ESC,Duty,0.0,Jinasena_MasterData_Purchase.tariff_date_id_1168,,0.0,Jinasena_MasterData_Common.res_company_jinasena_agricultural_machinery_pvt_ltd
tariff_rates_id_25844,10,1,0.0,Excise,Duty,0.0,Jinasena_MasterData_Purchase.tariff_date_id_1168,,0.0,Jinasena_MasterData_Common.res_company_jinasena_agricultural_machinery_pvt_ltd
tariff_rates_id_25845,10,1,10.0,PAL,Duty,0.0,Jinasena_MasterData_Purchase.tariff_date_id_1168,,0.0,Jinasena_MasterData_Common.res_company_jinasena_agricultural_machinery_pvt_ltd
tariff_rates_id_25846,10,1,0.0,RIDL,Duty,0.0,Jinasena_MasterData_Purchase.tariff_date_id_1168,,0.0,Jinasena_MasterData_Common.res_company_jinasena_agricultural_machinery_pvt_ltd
tariff_rates_id_25847,10,1,0.0,SRL,Duty,0.0,Jinasena_MasterData_Purchase.tariff_date_id_1168,,0.0,Jinasena_MasterData_Common.res_company_jinasena_agricultural_machinery_pvt_ltd
tariff_rates_id_25848,10,1,0.0,Surcharge,Duty,0.0,Jinasena_MasterData_Purchase.tariff_date_id_1168,,0.0,Jinasena_MasterData_Common.res_company_jinasena_agricultural_machinery_pvt_ltd
tariff_rates_id_25849,10,1,0.0,NBT,Taxes,0.0,Jinasena_MasterData_Purchase.tariff_date_id_1168,,0.0,Jinasena_MasterData_Common.res_company_jinasena_agricultural_machinery_pvt_ltd
tariff_rates_id_25850,10,1,0.0,NBT-N,Taxes,0.0,Jinasena_MasterData_Purchase.tariff_date_id_1168,,0.0,Jinasena_MasterData_Common.res_company_jinasena_agricultural_machinery_pvt_ltd
tariff_rates_id_25851,10,1,2.5,SSCL,Taxes,0.0,Jinasena_MasterData_Purchase.tariff_date_id_1168,,0.0,Jinasena_MasterData_Common.res_company_jinasena_agricultural_machinery_pvt_ltd
tariff_rates_id_25852,10,1,18.0,VAT-on-Item,Taxes,0.0,Jinasena_MasterData_Purchase.tariff_date_id_1168,,0.0,Jinasena_MasterData_Common.res_company_jinasena_agricultural_machinery_pvt_ltd
tariff_rates_id_25853,10,1,18.0,VAT-on-GL,Taxes,0.0,Jinasena_MasterData_Purchase.tariff_date_id_1168,,0.0,Jinasena_MasterData_Common.res_company_jinasena_agricultural_machinery_pvt_ltd
tariff_rates_id_25854,10,1,20.0,CID,Duty,0.0,Jinasena_MasterData_Purchase.tariff_date_id_1169,,0.0,Jinasena_MasterData_Common.res_company_jinasena_agricultural_machinery_pvt_ltd
tariff_rates_id_25855,10,1,15.0,EIC,Duty,0.0,Jinasena_MasterData_Purchase.tariff_date_id_1169,,0.0,Jinasena_MasterData_Common.res_company_jinasena_agricultural_machinery_pvt_ltd
tariff_rates_id_25856,10,1,0.0,ESC,Duty,0.0,Jinasena_MasterData_Purchase.tariff_date_id_1169,,0.0,Jinasena_MasterData_Common.res_company_jinasena_agricultural_machinery_pvt_ltd
tariff_rates_id_25857,10,1,0.0,Excise,Duty,0.0,Jinasena_MasterData_Purchase.tariff_date_id_1169,,0.0,Jinasena_MasterData_Common.res_company_jinasena_agricultural_machinery_pvt_ltd
tariff_rates_id_25858,10,1,10.0,PAL,Duty,0.0,Jinasena_MasterData_Purchase.tariff_date_id_1169,,0.0,Jinasena_MasterData_Common.res_company_jinasena_agricultural_machinery_pvt_ltd
tariff_rates_id_25859,10,1,0.0,RIDL,Duty,0.0,Jinasena_MasterData_Purchase.tariff_date_id_1169,,0.0,Jinasena_MasterData_Common.res_company_jinasena_agricultural_machinery_pvt_ltd
tariff_rates_id_25860,10,1,0.0,SRL,Duty,0.0,Jinasena_MasterData_Purchase.tariff_date_id_1169,,0.0,Jinasena_MasterData_Common.res_company_jinasena_agricultural_machinery_pvt_ltd
tariff_rates_id_25861,10,1,0.0,Surcharge,Duty,0.0,Jinasena_MasterData_Purchase.tariff_date_id_1169,,0.0,Jinasena_MasterData_Common.res_company_jinasena_agricultural_machinery_pvt_ltd
tariff_rates_id_25862,10,1,0.0,NBT,Taxes,0.0,Jinasena_MasterData_Purchase.tariff_date_id_1169,,0.0,Jinasena_MasterData_Common.res_company_jinasena_agricultural_machinery_pvt_ltd
tariff_rates_id_25863,10,1,0.0,NBT-N,Taxes,0.0,Jinasena_MasterData_Purchase.tariff_date_id_1169,,0.0,Jinasena_MasterData_Common.res_company_jinasena_agricultural_machinery_pvt_ltd
tariff_rates_id_25864,10,1,2.5,SSCL,Taxes,0.0,Jinasena_MasterData_Purchase.tariff_date_id_1169,,0.0,Jinasena_MasterData_Common.res_company_jinasena_agricultural_machinery_pvt_ltd
tariff_rates_id_25865,10,1,18.0,VAT-on-Item,Taxes,0.0,Jinasena_MasterData_Purchase.tariff_date_id_1169,,0.0,Jinasena_MasterData_Common.res_company_jinasena_agricultural_machinery_pvt_ltd
tariff_rates_id_25866,10,1,18.0,VAT-on-GL,Taxes,0.0,Jinasena_MasterData_Purchase.tariff_date_id_1169,,0.0,Jinasena_MasterData_Common.res_company_jinasena_agricultural_machinery_pvt_ltd
tariff_rates_id_25867,10,1,15.0,CID,Duty,0.0,Jinasena_MasterData_Purchase.tariff_date_id_1170,,0.0,Jinasena_MasterData_Common.res_company_jinasena_agricultural_machinery_pvt_ltd
tariff_rates_id_25868,10,1,0.0,EIC,Duty,0.0,Jinasena_MasterData_Purchase.tariff_date_id_1170,,0.0,Jinasena_MasterData_Common.res_company_jinasena_agricultural_machinery_pvt_ltd
tariff_rates_id_25869,10,1,0.0,ESC,Duty,0.0,Jinasena_MasterData_Purchase.tariff_date_id_1170,,0.0,Jinasena_MasterData_Common.res_company_jinasena_agricultural_machinery_pvt_ltd
tariff_rates_id_25870,10,1,0.0,Excise,Duty,0.0,Jinasena_MasterData_Purchase.tariff_date_id_1170,,0.0,Jinasena_MasterData_Common.res_company_jinasena_agricultural_machinery_pvt_ltd
tariff_rates_id_25871,10,1,10.0,PAL,Duty,0.0,Jinasena_MasterData_Purchase.tariff_date_id_1170,,0.0,Jinasena_MasterData_Common.res_company_jinasena_agricultural_machinery_pvt_ltd
tariff_rates_id_25872,10,1,0.0,RIDL,Duty,0.0,Jinasena_MasterData_Purchase.tariff_date_id_1170,,0.0,Jinasena_MasterData_Common.res_company_jinasena_agricultural_machinery_pvt_ltd
tariff_rates_id_25873,10,1,0.0,SRL,Duty,0.0,Jinasena_MasterData_Purchase.tariff_date_id_1170,,0.0,Jinasena_MasterData_Common.res_company_jinasena_agricultural_machinery_pvt_ltd
tariff_rates_id_25874,10,1,0.0,Surcharge,Duty,0.0,Jinasena_MasterData_Purchase.tariff_date_id_1170,,0.0,Jinasena_MasterData_Common.res_company_jinasena_agricultural_machinery_pvt_ltd
tariff_rates_id_25875,10,1,0.0,NBT,Taxes,0.0,Jinasena_MasterData_Purchase.tariff_date_id_1170,,0.0,Jinasena_MasterData_Common.res_company_jinasena_agricultural_machinery_pvt_ltd
tariff_rates_id_25876,10,1,0.0,NBT-N,Taxes,0.0,Jinasena_MasterData_Purchase.tariff_date_id_1170,,0.0,Jinasena_MasterData_Common.res_company_jinasena_agricultural_machinery_pvt_ltd
tariff_rates_id_25877,10,1,2.5,SSCL,Taxes,0.0,Jinasena_MasterData_Purchase.tariff_date_id_1170,,0.0,Jinasena_MasterData_Common.res_company_jinasena_agricultural_machinery_pvt_ltd
tariff_rates_id_25878,10,1,18.0,VAT-on-Item,Taxes,0.0,Jinasena_MasterData_Purchase.tariff_date_id_1170,,0.0,Jinasena_MasterData_Common.res_company_jinasena_agricultural_machinery_pvt_ltd
tariff_rates_id_25879,10,1,18.0,VAT-on-GL,Taxes,0.0,Jinasena_MasterData_Purchase.tariff_date_id_1170,,0.0,Jinasena_MasterData_Common.res_company_jinasena_agricultural_machinery_pvt_ltd
tariff_rates_id_25880,10,1,0.0,CID,Duty,0.0,Jinasena_MasterData_Purchase.tariff_date_id_1171,,0.0,Jinasena_MasterData_Common.res_company_jinasena_agricultural_machinery_pvt_ltd
tariff_rates_id_25881,10,1,0.0,EIC,Duty,0.0,Jinasena_MasterData_Purchase.tariff_date_id_1171,,0.0,Jinasena_MasterData_Common.res_company_jinasena_agricultural_machinery_pvt_ltd
tariff_rates_id_25882,10,1,0.0,ESC,Duty,0.0,Jinasena_MasterData_Purchase.tariff_date_id_1171,,0.0,Jinasena_MasterData_Common.res_company_jinasena_agricultural_machinery_pvt_ltd
tariff_rates_id_25883,10,1,0.0,Excise,Duty,0.0,Jinasena_MasterData_Purchase.tariff_date_id_1171,,0.0,Jinasena_MasterData_Common.res_company_jinasena_agricultural_machinery_pvt_ltd
tariff_rates_id_25884,10,1,10.0,PAL,Duty,0.0,Jinasena_MasterData_Purchase.tariff_date_id_1171,,0.0,Jinasena_MasterData_Common.res_company_jinasena_agricultural_machinery_pvt_ltd
tariff_rates_id_25885,10,1,0.0,RIDL,Duty,0.0,Jinasena_MasterData_Purchase.tariff_date_id_1171,,0.0,Jinasena_MasterData_Common.res_company_jinasena_agricultural_machinery_pvt_ltd
tariff_rates_id_25886,10,1,0.0,SRL,Duty,0.0,Jinasena_MasterData_Purchase.tariff_date_id_1171,,0.0,Jinasena_MasterData_Common.res_company_jinasena_agricultural_machinery_pvt_ltd
tariff_rates_id_25887,10,1,0.0,Surcharge,Duty,0.0,Jinasena_MasterData_Purchase.tariff_date_id_1171,,0.0,Jinasena_MasterData_Common.res_company_jinasena_agricultural_machinery_pvt_ltd
tariff_rates_id_25888,10,1,0.0,NBT,Taxes,0.0,Jinasena_MasterData_Purchase.tariff_date_id_1171,,0.0,Jinasena_MasterData_Common.res_company_jinasena_agricultural_machinery_pvt_ltd
tariff_rates_id_25889,10,1,0.0,NBT-N,Taxes,0.0,Jinasena_MasterData_Purchase.tariff_date_id_1171,,0.0,Jinasena_MasterData_Common.res_company_jinasena_agricultural_machinery_pvt_ltd
tariff_rates_id_25890,10,1,0.0,SSCL,Taxes,0.0,Jinasena_MasterData_Purchase.tariff_date_id_1171,,0.0,Jinasena_MasterData_Common.res_company_jinasena_agricultural_machinery_pvt_ltd
tariff_rates_id_25891,10,1,8.0,VAT-on-Item,Taxes,0.0,Jinasena_MasterData_Purchase.tariff_date_id_1171,,0.0,Jinasena_MasterData_Common.res_company_jinasena_agricultural_machinery_pvt_ltd
tariff_rates_id_25892,10,1,8.0,VAT-on-GL,Taxes,0.0,Jinasena_MasterData_Purchase.tariff_date_id_1171,,0.0,Jinasena_MasterData_Common.res_company_jinasena_agricultural_machinery_pvt_ltd
tariff_rates_id_25893,10,1,0.0,CID,Duty,0.0,Jinasena_MasterData_Purchase.tariff_date_id_1172,,0.0,Jinasena_MasterData_Common.res_company_jinasena_agricultural_machinery_pvt_ltd
tariff_rates_id_25894,10,1,0.0,EIC,Duty,0.0,Jinasena_MasterData_Purchase.tariff_date_id_1172,,0.0,Jinasena_MasterData_Common.res_company_jinasena_agricultural_machinery_pvt_ltd
tariff_rates_id_25895,10,1,0.0,ESC,Duty,0.0,Jinasena_MasterData_Purchase.tariff_date_id_1172,,0.0,Jinasena_MasterData_Common.res_company_jinasena_agricultural_machinery_pvt_ltd
tariff_rates_id_25896,10,1,0.0,Excise,Duty,0.0,Jinasena_MasterData_Purchase.tariff_date_id_1172,,0.0,Jinasena_MasterData_Common.res_company_jinasena_agricultural_machinery_pvt_ltd
tariff_rates_id_25897,10,1,10.0,PAL,Duty,0.0,Jinasena_MasterData_Purchase.tariff_date_id_1172,,0.0,Jinasena_MasterData_Common.res_company_jinasena_agricultural_machinery_pvt_ltd
tariff_rates_id_25898,10,1,0.0,RIDL,Duty,0.0,Jinasena_MasterData_Purchase.tariff_date_id_1172,,0.0,Jinasena_MasterData_Common.res_company_jinasena_agricultural_machinery_pvt_ltd
tariff_rates_id_25899,10,1,0.0,SRL,Duty,0.0,Jinasena_MasterData_Purchase.tariff_date_id_1172,,0.0,Jinasena_MasterData_Common.res_company_jinasena_agricultural_machinery_pvt_ltd
tariff_rates_id_25900,10,1,0.0,Surcharge,Duty,0.0,Jinasena_MasterData_Purchase.tariff_date_id_1172,,0.0,Jinasena_MasterData_Common.res_company_jinasena_agricultural_machinery_pvt_ltd
tariff_rates_id_25901,10,1,0.0,NBT,Taxes,0.0,Jinasena_MasterData_Purchase.tariff_date_id_1172,,0.0,Jinasena_MasterData_Common.res_company_jinasena_agricultural_machinery_pvt_ltd
tariff_rates_id_25902,10,1,0.0,NBT-N,Taxes,0.0,Jinasena_MasterData_Purchase.tariff_date_id_1172,,0.0,Jinasena_MasterData_Common.res_company_jinasena_agricultural_machinery_pvt_ltd
tariff_rates_id_25903,10,1,2.5,SSCL,Taxes,0.0,Jinasena_MasterData_Purchase.tariff_date_id_1172,,0.0,Jinasena_MasterData_Common.res_company_jinasena_agricultural_machinery_pvt_ltd
tariff_rates_id_25904,10,1,18.0,VAT-on-Item,Taxes,0.0,Jinasena_MasterData_Purchase.tariff_date_id_1172,,0.0,Jinasena_MasterData_Common.res_company_jinasena_agricultural_machinery_pvt_ltd
tariff_rates_id_25905,10,1,18.0,VAT-on-GL,Taxes,0.0,Jinasena_MasterData_Purchase.tariff_date_id_1172,,0.0,Jinasena_MasterData_Common.res_company_jinasena_agricultural_machinery_pvt_ltd
tariff_rates_id_25906,10,1,1.96,CID,Duty,0.0,Jinasena_MasterData_Purchase.tariff_date_id_1173,,0.0,Jinasena_MasterData_Common.res_company_jinasena_agricultural_machinery_pvt_ltd
tariff_rates_id_25907,10,1,5.87,EIC,Duty,0.0,Jinasena_MasterData_Purchase.tariff_date_id_1173,,0.0,Jinasena_MasterData_Common.res_company_jinasena_agricultural_machinery_pvt_ltd
tariff_rates_id_25908,10,1,0.0,ESC,Duty,0.0,Jinasena_MasterData_Purchase.tariff_date_id_1173,,0.0,Jinasena_MasterData_Common.res_company_jinasena_agricultural_machinery_pvt_ltd
tariff_rates_id_25909,10,1,0.0,Excise,Duty,0.0,Jinasena_MasterData_Purchase.tariff_date_id_1173,,0.0,Jinasena_MasterData_Common.res_company_jinasena_agricultural_machinery_pvt_ltd
tariff_rates_id_25910,10,1,10.0,PAL,Duty,0.0,Jinasena_MasterData_Purchase.tariff_date_id_1173,,0.0,Jinasena_MasterData_Common.res_company_jinasena_agricultural_machinery_pvt_ltd
tariff_rates_id_25911,10,1,0.0,RIDL,Duty,0.0,Jinasena_MasterData_Purchase.tariff_date_id_1173,,0.0,Jinasena_MasterData_Common.res_company_jinasena_agricultural_machinery_pvt_ltd
tariff_rates_id_25912,10,1,0.0,SRL,Duty,0.0,Jinasena_MasterData_Purchase.tariff_date_id_1173,,0.0,Jinasena_MasterData_Common.res_company_jinasena_agricultural_machinery_pvt_ltd
tariff_rates_id_25913,10,1,0.0,Surcharge,Duty,0.0,Jinasena_MasterData_Purchase.tariff_date_id_1173,,0.0,Jinasena_MasterData_Common.res_company_jinasena_agricultural_machinery_pvt_ltd
tariff_rates_id_25914,10,1,0.0,NBT,Taxes,0.0,Jinasena_MasterData_Purchase.tariff_date_id_1173,,0.0,Jinasena_MasterData_Common.res_company_jinasena_agricultural_machinery_pvt_ltd
tariff_rates_id_25915,10,1,0.0,NBT-N,Taxes,0.0,Jinasena_MasterData_Purchase.tariff_date_id_1173,,0.0,Jinasena_MasterData_Common.res_company_jinasena_agricultural_machinery_pvt_ltd
tariff_rates_id_25916,10,1,2.5,SSCL,Taxes,0.0,Jinasena_MasterData_Purchase.tariff_date_id_1173,,0.0,Jinasena_MasterData_Common.res_company_jinasena_agricultural_machinery_pvt_ltd
tariff_rates_id_25917,10,1,18.0,VAT-on-Item,Taxes,0.0,Jinasena_MasterData_Purchase.tariff_date_id_1173,,0.0,Jinasena_MasterData_Common.res_company_jinasena_agricultural_machinery_pvt_ltd
tariff_rates_id_25918,10,1,18.0,VAT-on-GL,Taxes,0.0,Jinasena_MasterData_Purchase.tariff_date_id_1173,,0.0,Jinasena_MasterData_Common.res_company_jinasena_agricultural_machinery_pvt_ltd
tariff_rates_id_25919,10,1,0.0,CID,Duty,0.0,Jinasena_MasterData_Purchase.tariff_date_id_1174,,0.0,Jinasena_MasterData_Common.res_company_jinasena_agricultural_machinery_pvt_ltd
tariff_rates_id_25920,10,1,0.0,EIC,Duty,0.0,Jinasena_MasterData_Purchase.tariff_date_id_1174,,0.0,Jinasena_MasterData_Common.res_company_jinasena_agricultural_machinery_pvt_ltd
tariff_rates_id_25921,10,1,0.0,ESC,Duty,0.0,Jinasena_MasterData_Purchase.tariff_date_id_1174,,0.0,Jinasena_MasterData_Common.res_company_jinasena_agricultural_machinery_pvt_ltd
tariff_rates_id_25922,10,1,0.0,Excise,Duty,0.0,Jinasena_MasterData_Purchase.tariff_date_id_1174,,0.0,Jinasena_MasterData_Common.res_company_jinasena_agricultural_machinery_pvt_ltd
tariff_rates_id_25923,10,1,10.0,PAL,Duty,0.0,Jinasena_MasterData_Purchase.tariff_date_id_1174,,0.0,Jinasena_MasterData_Common.res_company_jinasena_agricultural_machinery_pvt_ltd
tariff_rates_id_25924,10,1,0.0,RIDL,Duty,0.0,Jinasena_MasterData_Purchase.tariff_date_id_1174,,0.0,Jinasena_MasterData_Common.res_company_jinasena_agricultural_machinery_pvt_ltd
tariff_rates_id_25925,10,1,0.0,SRL,Duty,0.0,Jinasena_MasterData_Purchase.tariff_date_id_1174,,0.0,Jinasena_MasterData_Common.res_company_jinasena_agricultural_machinery_pvt_ltd
tariff_rates_id_25926,10,1,0.0,Surcharge,Duty,0.0,Jinasena_MasterData_Purchase.tariff_date_id_1174,,0.0,Jinasena_MasterData_Common.res_company_jinasena_agricultural_machinery_pvt_ltd
tariff_rates_id_25927,10,1,0.0,NBT,Taxes,0.0,Jinasena_MasterData_Purchase.tariff_date_id_1174,,0.0,Jinasena_MasterData_Common.res_company_jinasena_agricultural_machinery_pvt_ltd
tariff_rates_id_25928,10,1,0.0,NBT-N,Taxes,0.0,Jinasena_MasterData_Purchase.tariff_date_id_1174,,0.0,Jinasena_MasterData_Common.res_company_jinasena_agricultural_machinery_pvt_ltd
tariff_rates_id_25929,10,1,2.5,SSCL,Taxes,0.0,Jinasena_MasterData_Purchase.tariff_date_id_1174,,0.0,Jinasena_MasterData_Common.res_company_jinasena_agricultural_machinery_pvt_ltd
tariff_rates_id_25930,10,1,18.0,VAT-on-Item,Taxes,0.0,Jinasena_MasterData_Purchase.tariff_date_id_1174,,0.0,Jinasena_MasterData_Common.res_company_jinasena_agricultural_machinery_pvt_ltd
tariff_rates_id_25931,10,1,18.0,VAT-on-GL,Taxes,0.0,Jinasena_MasterData_Purchase.tariff_date_id_1174,,0.0,Jinasena_MasterData_Common.res_company_jinasena_agricultural_machinery_pvt_ltd
tariff_rates_id_25932,10,1,0.0,CID,Duty,0.0,Jinasena_MasterData_Purchase.tariff_date_id_1175,,0.0,Jinasena_MasterData_Common.res_company_jinasena_agricultural_machinery_pvt_ltd
tariff_rates_id_25933,10,1,0.0,EIC,Duty,0.0,Jinasena_MasterData_Purchase.tariff_date_id_1175,,0.0,Jinasena_MasterData_Common.res_company_jinasena_agricultural_machinery_pvt_ltd
tariff_rates_id_25934,10,1,0.0,ESC,Duty,0.0,Jinasena_MasterData_Purchase.tariff_date_id_1175,,0.0,Jinasena_MasterData_Common.res_company_jinasena_agricultural_machinery_pvt_ltd
tariff_rates_id_25935,10,1,0.0,Excise,Duty,0.0,Jinasena_MasterData_Purchase.tariff_date_id_1175,,0.0,Jinasena_MasterData_Common.res_company_jinasena_agricultural_machinery_pvt_ltd
tariff_rates_id_25936,10,1,10.0,PAL,Duty,0.0,Jinasena_MasterData_Purchase.tariff_date_id_1175,,0.0,Jinasena_MasterData_Common.res_company_jinasena_agricultural_machinery_pvt_ltd
tariff_rates_id_25937,10,1,0.0,RIDL,Duty,0.0,Jinasena_MasterData_Purchase.tariff_date_id_1175,,0.0,Jinasena_MasterData_Common.res_company_jinasena_agricultural_machinery_pvt_ltd
tariff_rates_id_25938,10,1,0.0,SRL,Duty,0.0,Jinasena_MasterData_Purchase.tariff_date_id_1175,,0.0,Jinasena_MasterData_Common.res_company_jinasena_agricultural_machinery_pvt_ltd
tariff_rates_id_25939,10,1,0.0,Surcharge,Duty,0.0,Jinasena_MasterData_Purchase.tariff_date_id_1175,,0.0,Jinasena_MasterData_Common.res_company_jinasena_agricultural_machinery_pvt_ltd
tariff_rates_id_25940,10,1,0.0,NBT,Taxes,0.0,Jinasena_MasterData_Purchase.tariff_date_id_1175,,0.0,Jinasena_MasterData_Common.res_company_jinasena_agricultural_machinery_pvt_ltd
tariff_rates_id_25941,10,1,0.0,NBT-N,Taxes,0.0,Jinasena_MasterData_Purchase.tariff_date_id_1175,,0.0,Jinasena_MasterData_Common.res_company_jinasena_agricultural_machinery_pvt_ltd
tariff_rates_id_25942,10,1,2.5,SSCL,Taxes,0.0,Jinasena_MasterData_Purchase.tariff_date_id_1175,,0.0,Jinasena_MasterData_Common.res_company_jinasena_agricultural_machinery_pvt_ltd
tariff_rates_id_25943,10,1,18.0,VAT-on-Item,Taxes,0.0,Jinasena_MasterData_Purchase.tariff_date_id_1175,,0.0,Jinasena_MasterData_Common.res_company_jinasena_agricultural_machinery_pvt_ltd
tariff_rates_id_25944,10,1,18.0,VAT-on-GL,Taxes,0.0,Jinasena_MasterData_Purchase.tariff_date_id_1175,,0.0,Jinasena_MasterData_Common.res_company_jinasena_agricultural_machinery_pvt_ltd
tariff_rates_id_25945,10,1,0.0,CID,Duty,0.0,Jinasena_MasterData_Purchase.tariff_date_id_1176,,0.0,Jinasena_MasterData_Common.res_company_jinasena_agricultural_machinery_pvt_ltd
tariff_rates_id_25946,10,1,0.0,EIC,Duty,0.0,Jinasena_MasterData_Purchase.tariff_date_id_1176,,0.0,Jinasena_MasterData_Common.res_company_jinasena_agricultural_machinery_pvt_ltd
tariff_rates_id_25947,10,1,0.0,ESC,Duty,0.0,Jinasena_MasterData_Purchase.tariff_date_id_1176,,0.0,Jinasena_MasterData_Common.res_company_jinasena_agricultural_machinery_pvt_ltd
tariff_rates_id_25948,10,1,0.0,Excise,Duty,0.0,Jinasena_MasterData_Purchase.tariff_date_id_1176,,0.0,Jinasena_MasterData_Common.res_company_jinasena_agricultural_machinery_pvt_ltd
tariff_rates_id_25949,10,1,0.0,PAL,Duty,0.0,Jinasena_MasterData_Purchase.tariff_date_id_1176,,0.0,Jinasena_MasterData_Common.res_company_jinasena_agricultural_machinery_pvt_ltd
tariff_rates_id_25950,10,1,0.0,RIDL,Duty,0.0,Jinasena_MasterData_Purchase.tariff_date_id_1176,,0.0,Jinasena_MasterData_Common.res_company_jinasena_agricultural_machinery_pvt_ltd
tariff_rates_id_25951,10,1,0.0,SRL,Duty,0.0,Jinasena_MasterData_Purchase.tariff_date_id_1176,,0.0,Jinasena_MasterData_Common.res_company_jinasena_agricultural_machinery_pvt_ltd
tariff_rates_id_25952,10,1,0.0,Surcharge,Duty,0.0,Jinasena_MasterData_Purchase.tariff_date_id_1176,,0.0,Jinasena_MasterData_Common.res_company_jinasena_agricultural_machinery_pvt_ltd
tariff_rates_id_25953,10,1,0.0,NBT,Taxes,0.0,Jinasena_MasterData_Purchase.tariff_date_id_1176,,0.0,Jinasena_MasterData_Common.res_company_jinasena_agricultural_machinery_pvt_ltd
tariff_rates_id_25954,10,1,0.0,NBT-N,Taxes,0.0,Jinasena_MasterData_Purchase.tariff_date_id_1176,,0.0,Jinasena_MasterData_Common.res_company_jinasena_agricultural_machinery_pvt_ltd
tariff_rates_id_25955,10,1,2.5,SSCL,Taxes,0.0,Jinasena_MasterData_Purchase.tariff_date_id_1176,,0.0,Jinasena_MasterData_Common.res_company_jinasena_agricultural_machinery_pvt_ltd
tariff_rates_id_25956,10,1,15.0,VAT-on-Item,Taxes,0.0,Jinasena_MasterData_Purchase.tariff_date_id_1176,,0.0,Jinasena_MasterData_Common.res_company_jinasena_agricultural_machinery_pvt_ltd
tariff_rates_id_25957,10,1,15.0,VAT-on-GL,Taxes,0.0,Jinasena_MasterData_Purchase.tariff_date_id_1176,,0.0,Jinasena_MasterData_Common.res_company_jinasena_agricultural_machinery_pvt_ltd
tariff_rates_id_25958,10,1,0.0,CID,Duty,0.0,Jinasena_MasterData_Purchase.tariff_date_id_1177,,0.0,Jinasena_MasterData_Common.res_company_jinasena_agricultural_machinery_pvt_ltd
tariff_rates_id_25959,10,1,0.0,EIC,Duty,0.0,Jinasena_MasterData_Purchase.tariff_date_id_1177,,0.0,Jinasena_MasterData_Common.res_company_jinasena_agricultural_machinery_pvt_ltd
tariff_rates_id_25960,10,1,0.0,ESC,Duty,0.0,Jinasena_MasterData_Purchase.tariff_date_id_1177,,0.0,Jinasena_MasterData_Common.res_company_jinasena_agricultural_machinery_pvt_ltd
tariff_rates_id_25961,10,1,0.0,Excise,Duty,0.0,Jinasena_MasterData_Purchase.tariff_date_id_1177,,0.0,Jinasena_MasterData_Common.res_company_jinasena_agricultural_machinery_pvt_ltd
tariff_rates_id_25962,10,1,0.0,PAL,Duty,0.0,Jinasena_MasterData_Purchase.tariff_date_id_1177,,0.0,Jinasena_MasterData_Common.res_company_jinasena_agricultural_machinery_pvt_ltd
tariff_rates_id_25963,10,1,0.0,RIDL,Duty,0.0,Jinasena_MasterData_Purchase.tariff_date_id_1177,,0.0,Jinasena_MasterData_Common.res_company_jinasena_agricultural_machinery_pvt_ltd
tariff_rates_id_25964,10,1,0.0,SRL,Duty,0.0,Jinasena_MasterData_Purchase.tariff_date_id_1177,,0.0,Jinasena_MasterData_Common.res_company_jinasena_agricultural_machinery_pvt_ltd
tariff_rates_id_25965,10,1,0.0,Surcharge,Duty,0.0,Jinasena_MasterData_Purchase.tariff_date_id_1177,,0.0,Jinasena_MasterData_Common.res_company_jinasena_agricultural_machinery_pvt_ltd
tariff_rates_id_25966,10,1,0.0,NBT,Taxes,0.0,Jinasena_MasterData_Purchase.tariff_date_id_1177,,0.0,Jinasena_MasterData_Common.res_company_jinasena_agricultural_machinery_pvt_ltd
tariff_rates_id_25967,10,1,0.0,NBT-N,Taxes,0.0,Jinasena_MasterData_Purchase.tariff_date_id_1177,,0.0,Jinasena_MasterData_Common.res_company_jinasena_agricultural_machinery_pvt_ltd
tariff_rates_id_25968,10,1,2.5,SSCL,Taxes,0.0,Jinasena_MasterData_Purchase.tariff_date_id_1177,,0.0,Jinasena_MasterData_Common.res_company_jinasena_agricultural_machinery_pvt_ltd
tariff_rates_id_25969,10,1,18.0,VAT-on-Item,Taxes,0.0,Jinasena_MasterData_Purchase.tariff_date_id_1177,,0.0,Jinasena_MasterData_Common.res_company_jinasena_agricultural_machinery_pvt_ltd
tariff_rates_id_25970,10,1,18.0,VAT-on-GL,Taxes,0.0,Jinasena_MasterData_Purchase.tariff_date_id_1177,,0.0,Jinasena_MasterData_Common.res_company_jinasena_agricultural_machinery_pvt_ltd
tariff_rates_id_25971,10,1,0.0,CID,Duty,0.0,Jinasena_MasterData_Purchase.tariff_date_id_1178,,0.0,Jinasena_MasterData_Common.res_company_jinasena_agricultural_machinery_pvt_ltd
tariff_rates_id_25972,10,1,0.0,EIC,Duty,0.0,Jinasena_MasterData_Purchase.tariff_date_id_1178,,0.0,Jinasena_MasterData_Common.res_company_jinasena_agricultural_machinery_pvt_ltd
tariff_rates_id_25973,10,1,0.0,ESC,Duty,0.0,Jinasena_MasterData_Purchase.tariff_date_id_1178,,0.0,Jinasena_MasterData_Common.res_company_jinasena_agricultural_machinery_pvt_ltd
tariff_rates_id_25974,10,1,0.0,Excise,Duty,0.0,Jinasena_MasterData_Purchase.tariff_date_id_1178,,0.0,Jinasena_MasterData_Common.res_company_jinasena_agricultural_machinery_pvt_ltd
tariff_rates_id_25975,10,1,10.0,PAL,Duty,0.0,Jinasena_MasterData_Purchase.tariff_date_id_1178,,0.0,Jinasena_MasterData_Common.res_company_jinasena_agricultural_machinery_pvt_ltd
tariff_rates_id_25976,10,1,0.0,RIDL,Duty,0.0,Jinasena_MasterData_Purchase.tariff_date_id_1178,,0.0,Jinasena_MasterData_Common.res_company_jinasena_agricultural_machinery_pvt_ltd
tariff_rates_id_25977,10,1,0.0,SRL,Duty,0.0,Jinasena_MasterData_Purchase.tariff_date_id_1178,,0.0,Jinasena_MasterData_Common.res_company_jinasena_agricultural_machinery_pvt_ltd
tariff_rates_id_25978,10,1,0.0,Surcharge,Duty,0.0,Jinasena_MasterData_Purchase.tariff_date_id_1178,,0.0,Jinasena_MasterData_Common.res_company_jinasena_agricultural_machinery_pvt_ltd
tariff_rates_id_25979,10,1,0.0,NBT,Taxes,0.0,Jinasena_MasterData_Purchase.tariff_date_id_1178,,0.0,Jinasena_MasterData_Common.res_company_jinasena_agricultural_machinery_pvt_ltd
tariff_rates_id_25980,10,1,0.0,NBT-N,Taxes,0.0,Jinasena_MasterData_Purchase.tariff_date_id_1178,,0.0,Jinasena_MasterData_Common.res_company_jinasena_agricultural_machinery_pvt_ltd
tariff_rates_id_25981,10,1,2.5,SSCL,Taxes,0.0,Jinasena_MasterData_Purchase.tariff_date_id_1178,,0.0,Jinasena_MasterData_Common.res_company_jinasena_agricultural_machinery_pvt_ltd
tariff_rates_id_25982,10,1,18.0,VAT-on-Item,Taxes,0.0,Jinasena_MasterData_Purchase.tariff_date_id_1178,,0.0,Jinasena_MasterData_Common.res_company_jinasena_agricultural_machinery_pvt_ltd
tariff_rates_id_25983,10,1,18.0,VAT-on-GL,Taxes,0.0,Jinasena_MasterData_Purchase.tariff_date_id_1178,,0.0,Jinasena_MasterData_Common.res_company_jinasena_agricultural_machinery_pvt_ltd
tariff_rates_id_25984,10,1,0.0,CID,Duty,0.0,Jinasena_MasterData_Purchase.tariff_date_id_1179,,0.0,Jinasena_MasterData_Common.res_company_jinasena_agricultural_machinery_pvt_ltd
tariff_rates_id_25985,10,1,0.0,EIC,Duty,0.0,Jinasena_MasterData_Purchase.tariff_date_id_1179,,0.0,Jinasena_MasterData_Common.res_company_jinasena_agricultural_machinery_pvt_ltd
tariff_rates_id_25986,10,1,0.0,ESC,Duty,0.0,Jinasena_MasterData_Purchase.tariff_date_id_1179,,0.0,Jinasena_MasterData_Common.res_company_jinasena_agricultural_machinery_pvt_ltd
tariff_rates_id_25987,10,1,0.0,Excise,Duty,0.0,Jinasena_MasterData_Purchase.tariff_date_id_1179,,0.0,Jinasena_MasterData_Common.res_company_jinasena_agricultural_machinery_pvt_ltd
tariff_rates_id_25988,10,1,10.0,PAL,Duty,0.0,Jinasena_MasterData_Purchase.tariff_date_id_1179,,0.0,Jinasena_MasterData_Common.res_company_jinasena_agricultural_machinery_pvt_ltd
tariff_rates_id_25989,10,1,0.0,RIDL,Duty,0.0,Jinasena_MasterData_Purchase.tariff_date_id_1179,,0.0,Jinasena_MasterData_Common.res_company_jinasena_agricultural_machinery_pvt_ltd
tariff_rates_id_25990,10,1,0.0,SRL,Duty,0.0,Jinasena_MasterData_Purchase.tariff_date_id_1179,,0.0,Jinasena_MasterData_Common.res_company_jinasena_agricultural_machinery_pvt_ltd
tariff_rates_id_25991,10,1,0.0,Surcharge,Duty,0.0,Jinasena_MasterData_Purchase.tariff_date_id_1179,,0.0,Jinasena_MasterData_Common.res_company_jinasena_agricultural_machinery_pvt_ltd
tariff_rates_id_25992,10,1,0.0,NBT,Taxes,0.0,Jinasena_MasterData_Purchase.tariff_date_id_1179,,0.0,Jinasena_MasterData_Common.res_company_jinasena_agricultural_machinery_pvt_ltd
tariff_rates_id_25993,10,1,0.0,NBT-N,Taxes,0.0,Jinasena_MasterData_Purchase.tariff_date_id_1179,,0.0,Jinasena_MasterData_Common.res_company_jinasena_agricultural_machinery_pvt_ltd
tariff_rates_id_25994,10,1,2.5,SSCL,Taxes,0.0,Jinasena_MasterData_Purchase.tariff_date_id_1179,,0.0,Jinasena_MasterData_Common.res_company_jinasena_agricultural_machinery_pvt_ltd
tariff_rates_id_25995,10,1,18.0,VAT-on-Item,Taxes,0.0,Jinasena_MasterData_Purchase.tariff_date_id_1179,,0.0,Jinasena_MasterData_Common.res_company_jinasena_agricultural_machinery_pvt_ltd
tariff_rates_id_25996,10,1,18.0,VAT-on-GL,Taxes,0.0,Jinasena_MasterData_Purchase.tariff_date_id_1179,,0.0,Jinasena_MasterData_Common.res_company_jinasena_agricultural_machinery_pvt_ltd
tariff_rates_id_25997,10,1,0.0,CID,Duty,0.0,Jinasena_MasterData_Purchase.tariff_date_id_1180,,0.0,Jinasena_MasterData_Common.res_company_jinasena_agricultural_machinery_pvt_ltd
tariff_rates_id_25998,10,1,0.0,EIC,Duty,0.0,Jinasena_MasterData_Purchase.tariff_date_id_1180,,0.0,Jinasena_MasterData_Common.res_company_jinasena_agricultural_machinery_pvt_ltd
tariff_rates_id_25999,10,1,0.0,ESC,Duty,0.0,Jinasena_MasterData_Purchase.tariff_date_id_1180,,0.0,Jinasena_MasterData_Common.res_company_jinasena_agricultural_machinery_pvt_ltd
tariff_rates_id_26000,10,1,0.0,Excise,Duty,0.0,Jinasena_MasterData_Purchase.tariff_date_id_1180,,0.0,Jinasena_MasterData_Common.res_company_jinasena_agricultural_machinery_pvt_ltd
tariff_rates_id_26001,10,1,10.0,PAL,Duty,0.0,Jinasena_MasterData_Purchase.tariff_date_id_1180,,0.0,Jinasena_MasterData_Common.res_company_jinasena_agricultural_machinery_pvt_ltd
tariff_rates_id_26002,10,1,0.0,RIDL,Duty,0.0,Jinasena_MasterData_Purchase.tariff_date_id_1180,,0.0,Jinasena_MasterData_Common.res_company_jinasena_agricultural_machinery_pvt_ltd
tariff_rates_id_26003,10,1,0.0,SRL,Duty,0.0,Jinasena_MasterData_Purchase.tariff_date_id_1180,,0.0,Jinasena_MasterData_Common.res_company_jinasena_agricultural_machinery_pvt_ltd
tariff_rates_id_26004,10,1,0.0,Surcharge,Duty,0.0,Jinasena_MasterData_Purchase.tariff_date_id_1180,,0.0,Jinasena_MasterData_Common.res_company_jinasena_agricultural_machinery_pvt_ltd
tariff_rates_id_26005,10,1,0.0,NBT,Taxes,0.0,Jinasena_MasterData_Purchase.tariff_date_id_1180,,0.0,Jinasena_MasterData_Common.res_company_jinasena_agricultural_machinery_pvt_ltd
tariff_rates_id_26006,10,1,0.0,NBT-N,Taxes,0.0,Jinasena_MasterData_Purchase.tariff_date_id_1180,,0.0,Jinasena_MasterData_Common.res_company_jinasena_agricultural_machinery_pvt_ltd
tariff_rates_id_26007,10,1,2.5,SSCL,Taxes,0.0,Jinasena_MasterData_Purchase.tariff_date_id_1180,,0.0,Jinasena_MasterData_Common.res_company_jinasena_agricultural_machinery_pvt_ltd
tariff_rates_id_26008,10,1,18.0,VAT-on-Item,Taxes,0.0,Jinasena_MasterData_Purchase.tariff_date_id_1180,,0.0,Jinasena_MasterData_Common.res_company_jinasena_agricultural_machinery_pvt_ltd
tariff_rates_id_26009,10,1,18.0,VAT-on-GL,Taxes,0.0,Jinasena_MasterData_Purchase.tariff_date_id_1180,,0.0,Jinasena_MasterData_Common.res_company_jinasena_agricultural_machinery_pvt_ltd
tariff_rates_id_26010,10,1,0.0,CID,Duty,0.0,Jinasena_MasterData_Purchase.tariff_date_id_1181,,0.0,Jinasena_MasterData_Common.res_company_jinasena_agricultural_machinery_pvt_ltd
tariff_rates_id_26011,10,1,0.0,EIC,Duty,0.0,Jinasena_MasterData_Purchase.tariff_date_id_1181,,0.0,Jinasena_MasterData_Common.res_company_jinasena_agricultural_machinery_pvt_ltd
tariff_rates_id_26012,10,1,0.0,ESC,Duty,0.0,Jinasena_MasterData_Purchase.tariff_date_id_1181,,0.0,Jinasena_MasterData_Common.res_company_jinasena_agricultural_machinery_pvt_ltd
tariff_rates_id_26013,10,1,0.0,Excise,Duty,0.0,Jinasena_MasterData_Purchase.tariff_date_id_1181,,0.0,Jinasena_MasterData_Common.res_company_jinasena_agricultural_machinery_pvt_ltd
tariff_rates_id_26014,10,1,10.0,PAL,Duty,0.0,Jinasena_MasterData_Purchase.tariff_date_id_1181,,0.0,Jinasena_MasterData_Common.res_company_jinasena_agricultural_machinery_pvt_ltd
tariff_rates_id_26015,10,1,0.0,RIDL,Duty,0.0,Jinasena_MasterData_Purchase.tariff_date_id_1181,,0.0,Jinasena_MasterData_Common.res_company_jinasena_agricultural_machinery_pvt_ltd
tariff_rates_id_26016,10,1,0.0,SRL,Duty,0.0,Jinasena_MasterData_Purchase.tariff_date_id_1181,,0.0,Jinasena_MasterData_Common.res_company_jinasena_agricultural_machinery_pvt_ltd
tariff_rates_id_26017,10,1,0.0,Surcharge,Duty,0.0,Jinasena_MasterData_Purchase.tariff_date_id_1181,,0.0,Jinasena_MasterData_Common.res_company_jinasena_agricultural_machinery_pvt_ltd
tariff_rates_id_26018,10,1,0.0,NBT,Taxes,0.0,Jinasena_MasterData_Purchase.tariff_date_id_1181,,0.0,Jinasena_MasterData_Common.res_company_jinasena_agricultural_machinery_pvt_ltd
tariff_rates_id_26019,10,1,0.0,NBT-N,Taxes,0.0,Jinasena_MasterData_Purchase.tariff_date_id_1181,,0.0,Jinasena_MasterData_Common.res_company_jinasena_agricultural_machinery_pvt_ltd
tariff_rates_id_26020,10,1,2.5,SSCL,Taxes,0.0,Jinasena_MasterData_Purchase.tariff_date_id_1181,,0.0,Jinasena_MasterData_Common.res_company_jinasena_agricultural_machinery_pvt_ltd
tariff_rates_id_26021,10,1,18.0,VAT-on-Item,Taxes,0.0,Jinasena_MasterData_Purchase.tariff_date_id_1181,,0.0,Jinasena_MasterData_Common.res_company_jinasena_agricultural_machinery_pvt_ltd
tariff_rates_id_26022,10,1,18.0,VAT-on-GL,Taxes,0.0,Jinasena_MasterData_Purchase.tariff_date_id_1181,,0.0,Jinasena_MasterData_Common.res_company_jinasena_agricultural_machinery_pvt_ltd
tariff_rates_id_26023,10,1,0.0,CID,Duty,0.0,Jinasena_MasterData_Purchase.tariff_date_id_1182,,0.0,Jinasena_MasterData_Common.res_company_jinasena_agricultural_machinery_pvt_ltd
tariff_rates_id_26024,10,1,0.0,EIC,Duty,0.0,Jinasena_MasterData_Purchase.tariff_date_id_1182,,0.0,Jinasena_MasterData_Common.res_company_jinasena_agricultural_machinery_pvt_ltd
tariff_rates_id_26025,10,1,0.0,ESC,Duty,0.0,Jinasena_MasterData_Purchase.tariff_date_id_1182,,0.0,Jinasena_MasterData_Common.res_company_jinasena_agricultural_machinery_pvt_ltd
tariff_rates_id_26026,10,1,0.0,Excise,Duty,0.0,Jinasena_MasterData_Purchase.tariff_date_id_1182,,0.0,Jinasena_MasterData_Common.res_company_jinasena_agricultural_machinery_pvt_ltd
tariff_rates_id_26027,10,1,10.0,PAL,Duty,0.0,Jinasena_MasterData_Purchase.tariff_date_id_1182,,0.0,Jinasena_MasterData_Common.res_company_jinasena_agricultural_machinery_pvt_ltd
tariff_rates_id_26028,10,1,0.0,RIDL,Duty,0.0,Jinasena_MasterData_Purchase.tariff_date_id_1182,,0.0,Jinasena_MasterData_Common.res_company_jinasena_agricultural_machinery_pvt_ltd
tariff_rates_id_26029,10,1,0.0,SRL,Duty,0.0,Jinasena_MasterData_Purchase.tariff_date_id_1182,,0.0,Jinasena_MasterData_Common.res_company_jinasena_agricultural_machinery_pvt_ltd
tariff_rates_id_26030,10,1,0.0,Surcharge,Duty,0.0,Jinasena_MasterData_Purchase.tariff_date_id_1182,,0.0,Jinasena_MasterData_Common.res_company_jinasena_agricultural_machinery_pvt_ltd
tariff_rates_id_26031,10,1,0.0,NBT,Taxes,0.0,Jinasena_MasterData_Purchase.tariff_date_id_1182,,0.0,Jinasena_MasterData_Common.res_company_jinasena_agricultural_machinery_pvt_ltd
tariff_rates_id_26032,10,1,0.0,NBT-N,Taxes,0.0,Jinasena_MasterData_Purchase.tariff_date_id_1182,,0.0,Jinasena_MasterData_Common.res_company_jinasena_agricultural_machinery_pvt_ltd
tariff_rates_id_26033,10,1,2.5,SSCL,Taxes,0.0,Jinasena_MasterData_Purchase.tariff_date_id_1182,,0.0,Jinasena_MasterData_Common.res_company_jinasena_agricultural_machinery_pvt_ltd
tariff_rates_id_26034,10,1,15.0,VAT-on-Item,Taxes,0.0,Jinasena_MasterData_Purchase.tariff_date_id_1182,,0.0,Jinasena_MasterData_Common.res_company_jinasena_agricultural_machinery_pvt_ltd
tariff_rates_id_26035,10,1,15.0,VAT-on-GL,Taxes,0.0,Jinasena_MasterData_Purchase.tariff_date_id_1182,,0.0,Jinasena_MasterData_Common.res_company_jinasena_agricultural_machinery_pvt_ltd
tariff_rates_id_26036,10,1,0.0,CID,Duty,0.0,Jinasena_MasterData_Purchase.tariff_date_id_1183,,0.0,Jinasena_MasterData_Common.res_company_jinasena_agricultural_machinery_pvt_ltd
tariff_rates_id_26037,10,1,0.0,EIC,Duty,0.0,Jinasena_MasterData_Purchase.tariff_date_id_1183,,0.0,Jinasena_MasterData_Common.res_company_jinasena_agricultural_machinery_pvt_ltd
tariff_rates_id_26038,10,1,0.0,ESC,Duty,0.0,Jinasena_MasterData_Purchase.tariff_date_id_1183,,0.0,Jinasena_MasterData_Common.res_company_jinasena_agricultural_machinery_pvt_ltd
tariff_rates_id_26039,10,1,0.0,Excise,Duty,0.0,Jinasena_MasterData_Purchase.tariff_date_id_1183,,0.0,Jinasena_MasterData_Common.res_company_jinasena_agricultural_machinery_pvt_ltd
tariff_rates_id_26040,10,1,7.5,PAL,Duty,0.0,Jinasena_MasterData_Purchase.tariff_date_id_1183,,0.0,Jinasena_MasterData_Common.res_company_jinasena_agricultural_machinery_pvt_ltd
tariff_rates_id_26041,10,1,0.0,RIDL,Duty,0.0,Jinasena_MasterData_Purchase.tariff_date_id_1183,,0.0,Jinasena_MasterData_Common.res_company_jinasena_agricultural_machinery_pvt_ltd
tariff_rates_id_26042,10,1,0.0,SRL,Duty,0.0,Jinasena_MasterData_Purchase.tariff_date_id_1183,,0.0,Jinasena_MasterData_Common.res_company_jinasena_agricultural_machinery_pvt_ltd
tariff_rates_id_26043,10,1,0.0,Surcharge,Duty,0.0,Jinasena_MasterData_Purchase.tariff_date_id_1183,,0.0,Jinasena_MasterData_Common.res_company_jinasena_agricultural_machinery_pvt_ltd
tariff_rates_id_26044,10,1,2.0,NBT,Taxes,0.0,Jinasena_MasterData_Purchase.tariff_date_id_1183,,0.0,Jinasena_MasterData_Common.res_company_jinasena_agricultural_machinery_pvt_ltd
tariff_rates_id_26045,10,1,2.0,NBT-N,Taxes,0.0,Jinasena_MasterData_Purchase.tariff_date_id_1183,,0.0,Jinasena_MasterData_Common.res_company_jinasena_agricultural_machinery_pvt_ltd
tariff_rates_id_26046,10,1,0.0,SSCL,Taxes,0.0,Jinasena_MasterData_Purchase.tariff_date_id_1183,,0.0,Jinasena_MasterData_Common.res_company_jinasena_agricultural_machinery_pvt_ltd
tariff_rates_id_26047,10,1,11.0,VAT-on-Item,Taxes,0.0,Jinasena_MasterData_Purchase.tariff_date_id_1183,,0.0,Jinasena_MasterData_Common.res_company_jinasena_agricultural_machinery_pvt_ltd
tariff_rates_id_26048,10,1,11.0,VAT-on-GL,Taxes,0.0,Jinasena_MasterData_Purchase.tariff_date_id_1183,,0.0,Jinasena_MasterData_Common.res_company_jinasena_agricultural_machinery_pvt_ltd
tariff_rates_id_26049,10,1,0.0,CID,Duty,0.0,Jinasena_MasterData_Purchase.tariff_date_id_1184,,0.0,Jinasena_MasterData_Common.res_company_jinasena_agricultural_machinery_pvt_ltd
tariff_rates_id_26050,10,1,0.0,EIC,Duty,0.0,Jinasena_MasterData_Purchase.tariff_date_id_1184,,0.0,Jinasena_MasterData_Common.res_company_jinasena_agricultural_machinery_pvt_ltd
tariff_rates_id_26051,10,1,0.0,ESC,Duty,0.0,Jinasena_MasterData_Purchase.tariff_date_id_1184,,0.0,Jinasena_MasterData_Common.res_company_jinasena_agricultural_machinery_pvt_ltd
tariff_rates_id_26052,10,1,0.0,Excise,Duty,0.0,Jinasena_MasterData_Purchase.tariff_date_id_1184,,0.0,Jinasena_MasterData_Common.res_company_jinasena_agricultural_machinery_pvt_ltd
tariff_rates_id_26053,10,1,10.0,PAL,Duty,0.0,Jinasena_MasterData_Purchase.tariff_date_id_1184,,0.0,Jinasena_MasterData_Common.res_company_jinasena_agricultural_machinery_pvt_ltd
tariff_rates_id_26054,10,1,0.0,RIDL,Duty,0.0,Jinasena_MasterData_Purchase.tariff_date_id_1184,,0.0,Jinasena_MasterData_Common.res_company_jinasena_agricultural_machinery_pvt_ltd
tariff_rates_id_26055,10,1,0.0,SRL,Duty,0.0,Jinasena_MasterData_Purchase.tariff_date_id_1184,,0.0,Jinasena_MasterData_Common.res_company_jinasena_agricultural_machinery_pvt_ltd
tariff_rates_id_26056,10,1,0.0,Surcharge,Duty,0.0,Jinasena_MasterData_Purchase.tariff_date_id_1184,,0.0,Jinasena_MasterData_Common.res_company_jinasena_agricultural_machinery_pvt_ltd
tariff_rates_id_26057,10,1,0.0,NBT,Taxes,0.0,Jinasena_MasterData_Purchase.tariff_date_id_1184,,0.0,Jinasena_MasterData_Common.res_company_jinasena_agricultural_machinery_pvt_ltd
tariff_rates_id_26058,10,1,0.0,NBT-N,Taxes,0.0,Jinasena_MasterData_Purchase.tariff_date_id_1184,,0.0,Jinasena_MasterData_Common.res_company_jinasena_agricultural_machinery_pvt_ltd
tariff_rates_id_26059,10,1,2.5,SSCL,Taxes,0.0,Jinasena_MasterData_Purchase.tariff_date_id_1184,,0.0,Jinasena_MasterData_Common.res_company_jinasena_agricultural_machinery_pvt_ltd
tariff_rates_id_26060,10,1,18.0,VAT-on-Item,Taxes,0.0,Jinasena_MasterData_Purchase.tariff_date_id_1184,,0.0,Jinasena_MasterData_Common.res_company_jinasena_agricultural_machinery_pvt_ltd
tariff_rates_id_26061,10,1,18.0,VAT-on-GL,Taxes,0.0,Jinasena_MasterData_Purchase.tariff_date_id_1184,,0.0,Jinasena_MasterData_Common.res_company_jinasena_agricultural_machinery_pvt_ltd
tariff_rates_id_26062,10,1,0.0,CID,Duty,0.0,Jinasena_MasterData_Purchase.tariff_date_id_1185,,0.0,Jinasena_MasterData_Common.res_company_jinasena_agricultural_machinery_pvt_ltd
tariff_rates_id_26063,10,1,0.0,EIC,Duty,0.0,Jinasena_MasterData_Purchase.tariff_date_id_1185,,0.0,Jinasena_MasterData_Common.res_company_jinasena_agricultural_machinery_pvt_ltd
tariff_rates_id_26064,10,1,0.0,ESC,Duty,0.0,Jinasena_MasterData_Purchase.tariff_date_id_1185,,0.0,Jinasena_MasterData_Common.res_company_jinasena_agricultural_machinery_pvt_ltd
tariff_rates_id_26065,10,1,0.0,Excise,Duty,0.0,Jinasena_MasterData_Purchase.tariff_date_id_1185,,0.0,Jinasena_MasterData_Common.res_company_jinasena_agricultural_machinery_pvt_ltd
tariff_rates_id_26066,10,1,10.0,PAL,Duty,0.0,Jinasena_MasterData_Purchase.tariff_date_id_1185,,0.0,Jinasena_MasterData_Common.res_company_jinasena_agricultural_machinery_pvt_ltd
tariff_rates_id_26067,10,1,0.0,RIDL,Duty,0.0,Jinasena_MasterData_Purchase.tariff_date_id_1185,,0.0,Jinasena_MasterData_Common.res_company_jinasena_agricultural_machinery_pvt_ltd
tariff_rates_id_26068,10,1,0.0,SRL,Duty,0.0,Jinasena_MasterData_Purchase.tariff_date_id_1185,,0.0,Jinasena_MasterData_Common.res_company_jinasena_agricultural_machinery_pvt_ltd
tariff_rates_id_26069,10,1,0.0,Surcharge,Duty,0.0,Jinasena_MasterData_Purchase.tariff_date_id_1185,,0.0,Jinasena_MasterData_Common.res_company_jinasena_agricultural_machinery_pvt_ltd
tariff_rates_id_26070,10,1,0.0,NBT,Taxes,0.0,Jinasena_MasterData_Purchase.tariff_date_id_1185,,0.0,Jinasena_MasterData_Common.res_company_jinasena_agricultural_machinery_pvt_ltd
tariff_rates_id_26071,10,1,0.0,NBT-N,Taxes,0.0,Jinasena_MasterData_Purchase.tariff_date_id_1185,,0.0,Jinasena_MasterData_Common.res_company_jinasena_agricultural_machinery_pvt_ltd
tariff_rates_id_26072,10,1,2.5,SSCL,Taxes,0.0,Jinasena_MasterData_Purchase.tariff_date_id_1185,,0.0,Jinasena_MasterData_Common.res_company_jinasena_agricultural_machinery_pvt_ltd
tariff_rates_id_26073,10,1,18.0,VAT-on-Item,Taxes,0.0,Jinasena_MasterData_Purchase.tariff_date_id_1185,,0.0,Jinasena_MasterData_Common.res_company_jinasena_agricultural_machinery_pvt_ltd
tariff_rates_id_26074,10,1,18.0,VAT-on-GL,Taxes,0.0,Jinasena_MasterData_Purchase.tariff_date_id_1185,,0.0,Jinasena_MasterData_Common.res_company_jinasena_agricultural_machinery_pvt_ltd
tariff_rates_id_26075,10,1,20.0,CID,Duty,0.0,Jinasena_MasterData_Purchase.tariff_date_id_1186,,0.0,Jinasena_MasterData_Common.res_company_jinasena_agricultural_machinery_pvt_ltd
tariff_rates_id_26076,10,1,10.0,EIC,Duty,0.0,Jinasena_MasterData_Purchase.tariff_date_id_1186,,0.0,Jinasena_MasterData_Common.res_company_jinasena_agricultural_machinery_pvt_ltd
tariff_rates_id_26077,10,1,0.0,ESC,Duty,0.0,Jinasena_MasterData_Purchase.tariff_date_id_1186,,0.0,Jinasena_MasterData_Common.res_company_jinasena_agricultural_machinery_pvt_ltd
tariff_rates_id_26078,10,1,0.0,Excise,Duty,0.0,Jinasena_MasterData_Purchase.tariff_date_id_1186,,0.0,Jinasena_MasterData_Common.res_company_jinasena_agricultural_machinery_pvt_ltd
tariff_rates_id_26079,10,1,10.0,PAL,Duty,0.0,Jinasena_MasterData_Purchase.tariff_date_id_1186,,0.0,Jinasena_MasterData_Common.res_company_jinasena_agricultural_machinery_pvt_ltd
tariff_rates_id_26080,10,1,0.0,RIDL,Duty,0.0,Jinasena_MasterData_Purchase.tariff_date_id_1186,,0.0,Jinasena_MasterData_Common.res_company_jinasena_agricultural_machinery_pvt_ltd
tariff_rates_id_26081,10,1,0.0,SRL,Duty,0.0,Jinasena_MasterData_Purchase.tariff_date_id_1186,,0.0,Jinasena_MasterData_Common.res_company_jinasena_agricultural_machinery_pvt_ltd
tariff_rates_id_26082,10,1,0.0,Surcharge,Duty,0.0,Jinasena_MasterData_Purchase.tariff_date_id_1186,,0.0,Jinasena_MasterData_Common.res_company_jinasena_agricultural_machinery_pvt_ltd
tariff_rates_id_26083,10,1,0.0,NBT,Taxes,0.0,Jinasena_MasterData_Purchase.tariff_date_id_1186,,0.0,Jinasena_MasterData_Common.res_company_jinasena_agricultural_machinery_pvt_ltd
tariff_rates_id_26084,10,1,0.0,NBT-N,Taxes,0.0,Jinasena_MasterData_Purchase.tariff_date_id_1186,,0.0,Jinasena_MasterData_Common.res_company_jinasena_agricultural_machinery_pvt_ltd
tariff_rates_id_26085,10,1,2.5,SSCL,Taxes,0.0,Jinasena_MasterData_Purchase.tariff_date_id_1186,,0.0,Jinasena_MasterData_Common.res_company_jinasena_agricultural_machinery_pvt_ltd
tariff_rates_id_26086,10,1,18.0,VAT-on-Item,Taxes,0.0,Jinasena_MasterData_Purchase.tariff_date_id_1186,,0.0,Jinasena_MasterData_Common.res_company_jinasena_agricultural_machinery_pvt_ltd
tariff_rates_id_26087,10,1,18.0,VAT-on-GL,Taxes,0.0,Jinasena_MasterData_Purchase.tariff_date_id_1186,,0.0,Jinasena_MasterData_Common.res_company_jinasena_agricultural_machinery_pvt_ltd
tariff_rates_id_26088,10,1,0.0,CID,Duty,0.0,Jinasena_MasterData_Purchase.tariff_date_id_1187,,0.0,Jinasena_MasterData_Common.res_company_jinasena_agricultural_machinery_pvt_ltd
tariff_rates_id_26089,10,1,0.0,EIC,Duty,0.0,Jinasena_MasterData_Purchase.tariff_date_id_1187,,0.0,Jinasena_MasterData_Common.res_company_jinasena_agricultural_machinery_pvt_ltd
tariff_rates_id_26090,10,1,0.0,ESC,Duty,0.0,Jinasena_MasterData_Purchase.tariff_date_id_1187,,0.0,Jinasena_MasterData_Common.res_company_jinasena_agricultural_machinery_pvt_ltd
tariff_rates_id_26091,10,1,0.0,Excise,Duty,0.0,Jinasena_MasterData_Purchase.tariff_date_id_1187,,0.0,Jinasena_MasterData_Common.res_company_jinasena_agricultural_machinery_pvt_ltd
tariff_rates_id_26092,10,1,7.5,PAL,Duty,0.0,Jinasena_MasterData_Purchase.tariff_date_id_1187,,0.0,Jinasena_MasterData_Common.res_company_jinasena_agricultural_machinery_pvt_ltd
tariff_rates_id_26093,10,1,0.0,RIDL,Duty,0.0,Jinasena_MasterData_Purchase.tariff_date_id_1187,,0.0,Jinasena_MasterData_Common.res_company_jinasena_agricultural_machinery_pvt_ltd
tariff_rates_id_26094,10,1,0.0,SRL,Duty,0.0,Jinasena_MasterData_Purchase.tariff_date_id_1187,,0.0,Jinasena_MasterData_Common.res_company_jinasena_agricultural_machinery_pvt_ltd
tariff_rates_id_26095,10,1,0.0,Surcharge,Duty,0.0,Jinasena_MasterData_Purchase.tariff_date_id_1187,,0.0,Jinasena_MasterData_Common.res_company_jinasena_agricultural_machinery_pvt_ltd
tariff_rates_id_26096,10,1,2.0,NBT,Taxes,0.0,Jinasena_MasterData_Purchase.tariff_date_id_1187,,0.0,Jinasena_MasterData_Common.res_company_jinasena_agricultural_machinery_pvt_ltd
tariff_rates_id_26097,10,1,2.0,NBT-N,Taxes,0.0,Jinasena_MasterData_Purchase.tariff_date_id_1187,,0.0,Jinasena_MasterData_Common.res_company_jinasena_agricultural_machinery_pvt_ltd
tariff_rates_id_26098,10,1,0.0,SSCL,Taxes,0.0,Jinasena_MasterData_Purchase.tariff_date_id_1187,,0.0,Jinasena_MasterData_Common.res_company_jinasena_agricultural_machinery_pvt_ltd
tariff_rates_id_26099,10,1,15.0,VAT-on-Item,Taxes,0.0,Jinasena_MasterData_Purchase.tariff_date_id_1187,,0.0,Jinasena_MasterData_Common.res_company_jinasena_agricultural_machinery_pvt_ltd
tariff_rates_id_26100,10,1,15.0,VAT-on-GL,Taxes,0.0,Jinasena_MasterData_Purchase.tariff_date_id_1187,,0.0,Jinasena_MasterData_Common.res_company_jinasena_agricultural_machinery_pvt_ltd
tariff_rates_id_26101,10,1,0.0,CID,Duty,0.0,Jinasena_MasterData_Purchase.tariff_date_id_1188,,0.0,Jinasena_MasterData_Common.res_company_jinasena_agricultural_machinery_pvt_ltd
tariff_rates_id_26102,10,1,0.0,EIC,Duty,0.0,Jinasena_MasterData_Purchase.tariff_date_id_1188,,0.0,Jinasena_MasterData_Common.res_company_jinasena_agricultural_machinery_pvt_ltd
tariff_rates_id_26103,10,1,0.0,ESC,Duty,0.0,Jinasena_MasterData_Purchase.tariff_date_id_1188,,0.0,Jinasena_MasterData_Common.res_company_jinasena_agricultural_machinery_pvt_ltd
tariff_rates_id_26104,10,1,0.0,Excise,Duty,0.0,Jinasena_MasterData_Purchase.tariff_date_id_1188,,0.0,Jinasena_MasterData_Common.res_company_jinasena_agricultural_machinery_pvt_ltd
tariff_rates_id_26105,10,1,10.0,PAL,Duty,0.0,Jinasena_MasterData_Purchase.tariff_date_id_1188,,0.0,Jinasena_MasterData_Common.res_company_jinasena_agricultural_machinery_pvt_ltd
tariff_rates_id_26106,10,1,0.0,RIDL,Duty,0.0,Jinasena_MasterData_Purchase.tariff_date_id_1188,,0.0,Jinasena_MasterData_Common.res_company_jinasena_agricultural_machinery_pvt_ltd
tariff_rates_id_26107,10,1,0.0,SRL,Duty,0.0,Jinasena_MasterData_Purchase.tariff_date_id_1188,,0.0,Jinasena_MasterData_Common.res_company_jinasena_agricultural_machinery_pvt_ltd
tariff_rates_id_26108,10,1,0.0,Surcharge,Duty,0.0,Jinasena_MasterData_Purchase.tariff_date_id_1188,,0.0,Jinasena_MasterData_Common.res_company_jinasena_agricultural_machinery_pvt_ltd
tariff_rates_id_26109,10,1,0.0,NBT,Taxes,0.0,Jinasena_MasterData_Purchase.tariff_date_id_1188,,0.0,Jinasena_MasterData_Common.res_company_jinasena_agricultural_machinery_pvt_ltd
tariff_rates_id_26110,10,1,0.0,NBT-N,Taxes,0.0,Jinasena_MasterData_Purchase.tariff_date_id_1188,,0.0,Jinasena_MasterData_Common.res_company_jinasena_agricultural_machinery_pvt_ltd
tariff_rates_id_26111,10,1,2.5,SSCL,Taxes,0.0,Jinasena_MasterData_Purchase.tariff_date_id_1188,,0.0,Jinasena_MasterData_Common.res_company_jinasena_agricultural_machinery_pvt_ltd
tariff_rates_id_26112,10,1,18.0,VAT-on-Item,Taxes,0.0,Jinasena_MasterData_Purchase.tariff_date_id_1188,,0.0,Jinasena_MasterData_Common.res_company_jinasena_agricultural_machinery_pvt_ltd
tariff_rates_id_26113,10,1,18.0,VAT-on-GL,Taxes,0.0,Jinasena_MasterData_Purchase.tariff_date_id_1188,,0.0,Jinasena_MasterData_Common.res_company_jinasena_agricultural_machinery_pvt_ltd
tariff_rates_id_26114,10,1,73.03,CID,Duty,0.0,Jinasena_MasterData_Purchase.tariff_date_id_1189,,0.0,Jinasena_MasterData_Common.res_company_jinasena_agricultural_machinery_pvt_ltd
tariff_rates_id_26115,10,1,10.0,EIC,Duty,0.0,Jinasena_MasterData_Purchase.tariff_date_id_1189,,0.0,Jinasena_MasterData_Common.res_company_jinasena_agricultural_machinery_pvt_ltd
tariff_rates_id_26116,10,1,0.0,ESC,Duty,0.0,Jinasena_MasterData_Purchase.tariff_date_id_1189,,0.0,Jinasena_MasterData_Common.res_company_jinasena_agricultural_machinery_pvt_ltd
tariff_rates_id_26117,10,1,0.0,Excise,Duty,0.0,Jinasena_MasterData_Purchase.tariff_date_id_1189,,0.0,Jinasena_MasterData_Common.res_company_jinasena_agricultural_machinery_pvt_ltd
tariff_rates_id_26118,10,1,10.0,PAL,Duty,0.0,Jinasena_MasterData_Purchase.tariff_date_id_1189,,0.0,Jinasena_MasterData_Common.res_company_jinasena_agricultural_machinery_pvt_ltd
tariff_rates_id_26119,10,1,0.0,RIDL,Duty,0.0,Jinasena_MasterData_Purchase.tariff_date_id_1189,,0.0,Jinasena_MasterData_Common.res_company_jinasena_agricultural_machinery_pvt_ltd
tariff_rates_id_26120,10,1,0.0,SRL,Duty,0.0,Jinasena_MasterData_Purchase.tariff_date_id_1189,,0.0,Jinasena_MasterData_Common.res_company_jinasena_agricultural_machinery_pvt_ltd
tariff_rates_id_26121,10,1,0.0,Surcharge,Duty,0.0,Jinasena_MasterData_Purchase.tariff_date_id_1189,,0.0,Jinasena_MasterData_Common.res_company_jinasena_agricultural_machinery_pvt_ltd
tariff_rates_id_26122,10,1,0.0,NBT,Taxes,0.0,Jinasena_MasterData_Purchase.tariff_date_id_1189,,0.0,Jinasena_MasterData_Common.res_company_jinasena_agricultural_machinery_pvt_ltd
tariff_rates_id_26123,10,1,0.0,NBT-N,Taxes,0.0,Jinasena_MasterData_Purchase.tariff_date_id_1189,,0.0,Jinasena_MasterData_Common.res_company_jinasena_agricultural_machinery_pvt_ltd
tariff_rates_id_26124,10,1,2.5,SSCL,Taxes,0.0,Jinasena_MasterData_Purchase.tariff_date_id_1189,,0.0,Jinasena_MasterData_Common.res_company_jinasena_agricultural_machinery_pvt_ltd
tariff_rates_id_26125,10,1,18.0,VAT-on-Item,Taxes,0.0,Jinasena_MasterData_Purchase.tariff_date_id_1189,,0.0,Jinasena_MasterData_Common.res_company_jinasena_agricultural_machinery_pvt_ltd
tariff_rates_id_26126,10,1,18.0,VAT-on-GL,Taxes,0.0,Jinasena_MasterData_Purchase.tariff_date_id_1189,,0.0,Jinasena_MasterData_Common.res_company_jinasena_agricultural_machinery_pvt_ltd
tariff_rates_id_26127,10,1,15.0,CID,Duty,0.0,Jinasena_MasterData_Purchase.tariff_date_id_1190,,0.0,Jinasena_MasterData_Common.res_company_jinasena_agricultural_machinery_pvt_ltd
tariff_rates_id_26128,10,1,10.0,EIC,Duty,0.0,Jinasena_MasterData_Purchase.tariff_date_id_1190,,0.0,Jinasena_MasterData_Common.res_company_jinasena_agricultural_machinery_pvt_ltd
tariff_rates_id_26129,10,1,0.0,ESC,Duty,0.0,Jinasena_MasterData_Purchase.tariff_date_id_1190,,0.0,Jinasena_MasterData_Common.res_company_jinasena_agricultural_machinery_pvt_ltd
tariff_rates_id_26130,10,1,0.0,Excise,Duty,0.0,Jinasena_MasterData_Purchase.tariff_date_id_1190,,0.0,Jinasena_MasterData_Common.res_company_jinasena_agricultural_machinery_pvt_ltd
tariff_rates_id_26131,10,1,5.0,PAL,Duty,0.0,Jinasena_MasterData_Purchase.tariff_date_id_1190,,0.0,Jinasena_MasterData_Common.res_company_jinasena_agricultural_machinery_pvt_ltd
tariff_rates_id_26132,10,1,0.0,RIDL,Duty,0.0,Jinasena_MasterData_Purchase.tariff_date_id_1190,,0.0,Jinasena_MasterData_Common.res_company_jinasena_agricultural_machinery_pvt_ltd
tariff_rates_id_26133,10,1,0.0,SRL,Duty,0.0,Jinasena_MasterData_Purchase.tariff_date_id_1190,,0.0,Jinasena_MasterData_Common.res_company_jinasena_agricultural_machinery_pvt_ltd
tariff_rates_id_26134,10,1,0.0,Surcharge,Duty,0.0,Jinasena_MasterData_Purchase.tariff_date_id_1190,,0.0,Jinasena_MasterData_Common.res_company_jinasena_agricultural_machinery_pvt_ltd
tariff_rates_id_26135,10,1,2.0,NBT,Taxes,0.0,Jinasena_MasterData_Purchase.tariff_date_id_1190,,0.0,Jinasena_MasterData_Common.res_company_jinasena_agricultural_machinery_pvt_ltd
tariff_rates_id_26136,10,1,2.0,NBT-N,Taxes,0.0,Jinasena_MasterData_Purchase.tariff_date_id_1190,,0.0,Jinasena_MasterData_Common.res_company_jinasena_agricultural_machinery_pvt_ltd
tariff_rates_id_26137,10,1,2.5,SSCL,Taxes,0.0,Jinasena_MasterData_Purchase.tariff_date_id_1190,,0.0,Jinasena_MasterData_Common.res_company_jinasena_agricultural_machinery_pvt_ltd
tariff_rates_id_26138,10,1,12.0,VAT-on-Item,Taxes,0.0,Jinasena_MasterData_Purchase.tariff_date_id_1190,,0.0,Jinasena_MasterData_Common.res_company_jinasena_agricultural_machinery_pvt_ltd
tariff_rates_id_26139,10,1,12.0,VAT-on-GL,Taxes,0.0,Jinasena_MasterData_Purchase.tariff_date_id_1190,,0.0,Jinasena_MasterData_Common.res_company_jinasena_agricultural_machinery_pvt_ltd
tariff_rates_id_26140,10,1,15.0,CID,Duty,0.0,Jinasena_MasterData_Purchase.tariff_date_id_1191,,0.0,Jinasena_MasterData_Common.res_company_jinasena_agricultural_machinery_pvt_ltd
tariff_rates_id_26141,10,1,15.0,EIC,Duty,0.0,Jinasena_MasterData_Purchase.tariff_date_id_1191,,0.0,Jinasena_MasterData_Common.res_company_jinasena_agricultural_machinery_pvt_ltd
tariff_rates_id_26142,10,1,0.0,ESC,Duty,0.0,Jinasena_MasterData_Purchase.tariff_date_id_1191,,0.0,Jinasena_MasterData_Common.res_company_jinasena_agricultural_machinery_pvt_ltd
tariff_rates_id_26143,10,1,0.0,Excise,Duty,0.0,Jinasena_MasterData_Purchase.tariff_date_id_1191,,0.0,Jinasena_MasterData_Common.res_company_jinasena_agricultural_machinery_pvt_ltd
tariff_rates_id_26144,10,1,10.0,PAL,Duty,0.0,Jinasena_MasterData_Purchase.tariff_date_id_1191,,0.0,Jinasena_MasterData_Common.res_company_jinasena_agricultural_machinery_pvt_ltd
tariff_rates_id_26145,10,1,0.0,RIDL,Duty,0.0,Jinasena_MasterData_Purchase.tariff_date_id_1191,,0.0,Jinasena_MasterData_Common.res_company_jinasena_agricultural_machinery_pvt_ltd
tariff_rates_id_26146,10,1,0.0,SRL,Duty,0.0,Jinasena_MasterData_Purchase.tariff_date_id_1191,,0.0,Jinasena_MasterData_Common.res_company_jinasena_agricultural_machinery_pvt_ltd
tariff_rates_id_26147,10,1,25.0,Surcharge,Duty,0.0,Jinasena_MasterData_Purchase.tariff_date_id_1191,,0.0,Jinasena_MasterData_Common.res_company_jinasena_agricultural_machinery_pvt_ltd
tariff_rates_id_26148,10,1,0.0,NBT,Taxes,0.0,Jinasena_MasterData_Purchase.tariff_date_id_1191,,0.0,Jinasena_MasterData_Common.res_company_jinasena_agricultural_machinery_pvt_ltd
tariff_rates_id_26149,10,1,0.0,NBT-N,Taxes,0.0,Jinasena_MasterData_Purchase.tariff_date_id_1191,,0.0,Jinasena_MasterData_Common.res_company_jinasena_agricultural_machinery_pvt_ltd
tariff_rates_id_26150,10,1,0.0,SSCL,Taxes,0.0,Jinasena_MasterData_Purchase.tariff_date_id_1191,,0.0,Jinasena_MasterData_Common.res_company_jinasena_agricultural_machinery_pvt_ltd
tariff_rates_id_26151,10,1,12.0,VAT-on-Item,Taxes,0.0,Jinasena_MasterData_Purchase.tariff_date_id_1191,,0.0,Jinasena_MasterData_Common.res_company_jinasena_agricultural_machinery_pvt_ltd
tariff_rates_id_26152,10,1,12.0,VAT-on-GL,Taxes,0.0,Jinasena_MasterData_Purchase.tariff_date_id_1191,,0.0,Jinasena_MasterData_Common.res_company_jinasena_agricultural_machinery_pvt_ltd
tariff_rates_id_26153,10,1,15.0,CID,Duty,0.0,Jinasena_MasterData_Purchase.tariff_date_id_1192,,0.0,Jinasena_MasterData_Common.res_company_jinasena_agricultural_machinery_pvt_ltd
tariff_rates_id_26154,10,1,10.0,EIC,Duty,0.0,Jinasena_MasterData_Purchase.tariff_date_id_1192,,0.0,Jinasena_MasterData_Common.res_company_jinasena_agricultural_machinery_pvt_ltd
tariff_rates_id_26155,10,1,0.0,ESC,Duty,0.0,Jinasena_MasterData_Purchase.tariff_date_id_1192,,0.0,Jinasena_MasterData_Common.res_company_jinasena_agricultural_machinery_pvt_ltd
tariff_rates_id_26156,10,1,0.0,Excise,Duty,0.0,Jinasena_MasterData_Purchase.tariff_date_id_1192,,0.0,Jinasena_MasterData_Common.res_company_jinasena_agricultural_machinery_pvt_ltd
tariff_rates_id_26157,10,1,10.0,PAL,Duty,0.0,Jinasena_MasterData_Purchase.tariff_date_id_1192,,0.0,Jinasena_MasterData_Common.res_company_jinasena_agricultural_machinery_pvt_ltd
tariff_rates_id_26158,10,1,0.0,RIDL,Duty,0.0,Jinasena_MasterData_Purchase.tariff_date_id_1192,,0.0,Jinasena_MasterData_Common.res_company_jinasena_agricultural_machinery_pvt_ltd
tariff_rates_id_26159,10,1,0.0,SRL,Duty,0.0,Jinasena_MasterData_Purchase.tariff_date_id_1192,,0.0,Jinasena_MasterData_Common.res_company_jinasena_agricultural_machinery_pvt_ltd
tariff_rates_id_26160,10,1,0.0,Surcharge,Duty,0.0,Jinasena_MasterData_Purchase.tariff_date_id_1192,,0.0,Jinasena_MasterData_Common.res_company_jinasena_agricultural_machinery_pvt_ltd
tariff_rates_id_26161,10,1,0.0,NBT,Taxes,0.0,Jinasena_MasterData_Purchase.tariff_date_id_1192,,0.0,Jinasena_MasterData_Common.res_company_jinasena_agricultural_machinery_pvt_ltd
tariff_rates_id_26162,10,1,0.0,NBT-N,Taxes,0.0,Jinasena_MasterData_Purchase.tariff_date_id_1192,,0.0,Jinasena_MasterData_Common.res_company_jinasena_agricultural_machinery_pvt_ltd
tariff_rates_id_26163,10,1,2.5,SSCL,Taxes,0.0,Jinasena_MasterData_Purchase.tariff_date_id_1192,,0.0,Jinasena_MasterData_Common.res_company_jinasena_agricultural_machinery_pvt_ltd
tariff_rates_id_26164,10,1,18.0,VAT-on-Item,Taxes,0.0,Jinasena_MasterData_Purchase.tariff_date_id_1192,,0.0,Jinasena_MasterData_Common.res_company_jinasena_agricultural_machinery_pvt_ltd
tariff_rates_id_26165,10,1,18.0,VAT-on-GL,Taxes,0.0,Jinasena_MasterData_Purchase.tariff_date_id_1192,,0.0,Jinasena_MasterData_Common.res_company_jinasena_agricultural_machinery_pvt_ltd
tariff_rates_id_26166,10,1,20.0,CID,Duty,0.0,Jinasena_MasterData_Purchase.tariff_date_id_1193,,0.0,Jinasena_MasterData_Common.res_company_jinasena_agricultural_machinery_pvt_ltd
tariff_rates_id_26167,10,1,7.0,EIC,Duty,0.0,Jinasena_MasterData_Purchase.tariff_date_id_1193,,0.0,Jinasena_MasterData_Common.res_company_jinasena_agricultural_machinery_pvt_ltd
tariff_rates_id_26168,10,1,0.0,ESC,Duty,0.0,Jinasena_MasterData_Purchase.tariff_date_id_1193,,0.0,Jinasena_MasterData_Common.res_company_jinasena_agricultural_machinery_pvt_ltd
tariff_rates_id_26169,10,1,0.0,Excise,Duty,0.0,Jinasena_MasterData_Purchase.tariff_date_id_1193,,0.0,Jinasena_MasterData_Common.res_company_jinasena_agricultural_machinery_pvt_ltd
tariff_rates_id_26170,10,1,10.0,PAL,Duty,0.0,Jinasena_MasterData_Purchase.tariff_date_id_1193,,0.0,Jinasena_MasterData_Common.res_company_jinasena_agricultural_machinery_pvt_ltd
tariff_rates_id_26171,10,1,0.0,RIDL,Duty,0.0,Jinasena_MasterData_Purchase.tariff_date_id_1193,,0.0,Jinasena_MasterData_Common.res_company_jinasena_agricultural_machinery_pvt_ltd
tariff_rates_id_26172,10,1,0.0,SRL,Duty,0.0,Jinasena_MasterData_Purchase.tariff_date_id_1193,,0.0,Jinasena_MasterData_Common.res_company_jinasena_agricultural_machinery_pvt_ltd
tariff_rates_id_26173,10,1,0.0,Surcharge,Duty,0.0,Jinasena_MasterData_Purchase.tariff_date_id_1193,,0.0,Jinasena_MasterData_Common.res_company_jinasena_agricultural_machinery_pvt_ltd
tariff_rates_id_26174,10,1,0.0,NBT,Taxes,0.0,Jinasena_MasterData_Purchase.tariff_date_id_1193,,0.0,Jinasena_MasterData_Common.res_company_jinasena_agricultural_machinery_pvt_ltd
tariff_rates_id_26175,10,1,0.0,NBT-N,Taxes,0.0,Jinasena_MasterData_Purchase.tariff_date_id_1193,,0.0,Jinasena_MasterData_Common.res_company_jinasena_agricultural_machinery_pvt_ltd
tariff_rates_id_26176,10,1,2.5,SSCL,Taxes,0.0,Jinasena_MasterData_Purchase.tariff_date_id_1193,,0.0,Jinasena_MasterData_Common.res_company_jinasena_agricultural_machinery_pvt_ltd
tariff_rates_id_26177,10,1,18.0,VAT-on-Item,Taxes,0.0,Jinasena_MasterData_Purchase.tariff_date_id_1193,,0.0,Jinasena_MasterData_Common.res_company_jinasena_agricultural_machinery_pvt_ltd
tariff_rates_id_26178,10,1,18.0,VAT-on-GL,Taxes,0.0,Jinasena_MasterData_Purchase.tariff_date_id_1193,,0.0,Jinasena_MasterData_Common.res_company_jinasena_agricultural_machinery_pvt_ltd
tariff_rates_id_26179,10,1,20.0,CID,Duty,0.0,Jinasena_MasterData_Purchase.tariff_date_id_1194,,0.0,Jinasena_MasterData_Common.res_company_jinasena_agricultural_machinery_pvt_ltd
tariff_rates_id_26180,10,1,10.0,EIC,Duty,0.0,Jinasena_MasterData_Purchase.tariff_date_id_1194,,0.0,Jinasena_MasterData_Common.res_company_jinasena_agricultural_machinery_pvt_ltd
tariff_rates_id_26181,10,1,0.0,ESC,Duty,0.0,Jinasena_MasterData_Purchase.tariff_date_id_1194,,0.0,Jinasena_MasterData_Common.res_company_jinasena_agricultural_machinery_pvt_ltd
tariff_rates_id_26182,10,1,0.0,Excise,Duty,0.0,Jinasena_MasterData_Purchase.tariff_date_id_1194,,0.0,Jinasena_MasterData_Common.res_company_jinasena_agricultural_machinery_pvt_ltd
tariff_rates_id_26183,10,1,10.0,PAL,Duty,0.0,Jinasena_MasterData_Purchase.tariff_date_id_1194,,0.0,Jinasena_MasterData_Common.res_company_jinasena_agricultural_machinery_pvt_ltd
tariff_rates_id_26184,10,1,0.0,RIDL,Duty,0.0,Jinasena_MasterData_Purchase.tariff_date_id_1194,,0.0,Jinasena_MasterData_Common.res_company_jinasena_agricultural_machinery_pvt_ltd
tariff_rates_id_26185,10,1,0.0,SRL,Duty,0.0,Jinasena_MasterData_Purchase.tariff_date_id_1194,,0.0,Jinasena_MasterData_Common.res_company_jinasena_agricultural_machinery_pvt_ltd
tariff_rates_id_26186,10,1,0.0,Surcharge,Duty,0.0,Jinasena_MasterData_Purchase.tariff_date_id_1194,,0.0,Jinasena_MasterData_Common.res_company_jinasena_agricultural_machinery_pvt_ltd
tariff_rates_id_26187,10,1,0.0,NBT,Taxes,0.0,Jinasena_MasterData_Purchase.tariff_date_id_1194,,0.0,Jinasena_MasterData_Common.res_company_jinasena_agricultural_machinery_pvt_ltd
tariff_rates_id_26188,10,1,0.0,NBT-N,Taxes,0.0,Jinasena_MasterData_Purchase.tariff_date_id_1194,,0.0,Jinasena_MasterData_Common.res_company_jinasena_agricultural_machinery_pvt_ltd
tariff_rates_id_26189,10,1,2.5,SSCL,Taxes,0.0,Jinasena_MasterData_Purchase.tariff_date_id_1194,,0.0,Jinasena_MasterData_Common.res_company_jinasena_agricultural_machinery_pvt_ltd
tariff_rates_id_26190,10,1,18.0,VAT-on-Item,Taxes,0.0,Jinasena_MasterData_Purchase.tariff_date_id_1194,,0.0,Jinasena_MasterData_Common.res_company_jinasena_agricultural_machinery_pvt_ltd
tariff_rates_id_26191,10,1,18.0,VAT-on-GL,Taxes,0.0,Jinasena_MasterData_Purchase.tariff_date_id_1194,,0.0,Jinasena_MasterData_Common.res_company_jinasena_agricultural_machinery_pvt_ltd
tariff_rates_id_26192,10,1,0.0,CID,Duty,0.0,Jinasena_MasterData_Purchase.tariff_date_id_1195,,0.0,Jinasena_MasterData_Common.res_company_jinasena_agricultural_machinery_pvt_ltd
tariff_rates_id_26193,10,1,0.0,EIC,Duty,0.0,Jinasena_MasterData_Purchase.tariff_date_id_1195,,0.0,Jinasena_MasterData_Common.res_company_jinasena_agricultural_machinery_pvt_ltd
tariff_rates_id_26194,10,1,0.0,ESC,Duty,0.0,Jinasena_MasterData_Purchase.tariff_date_id_1195,,0.0,Jinasena_MasterData_Common.res_company_jinasena_agricultural_machinery_pvt_ltd
tariff_rates_id_26195,10,1,0.0,Excise,Duty,0.0,Jinasena_MasterData_Purchase.tariff_date_id_1195,,0.0,Jinasena_MasterData_Common.res_company_jinasena_agricultural_machinery_pvt_ltd
tariff_rates_id_26196,10,1,0.0,PAL,Duty,0.0,Jinasena_MasterData_Purchase.tariff_date_id_1195,,0.0,Jinasena_MasterData_Common.res_company_jinasena_agricultural_machinery_pvt_ltd
tariff_rates_id_26197,10,1,0.0,RIDL,Duty,0.0,Jinasena_MasterData_Purchase.tariff_date_id_1195,,0.0,Jinasena_MasterData_Common.res_company_jinasena_agricultural_machinery_pvt_ltd
tariff_rates_id_26198,10,1,0.0,SRL,Duty,0.0,Jinasena_MasterData_Purchase.tariff_date_id_1195,,0.0,Jinasena_MasterData_Common.res_company_jinasena_agricultural_machinery_pvt_ltd
tariff_rates_id_26199,10,1,0.0,Surcharge,Duty,0.0,Jinasena_MasterData_Purchase.tariff_date_id_1195,,0.0,Jinasena_MasterData_Common.res_company_jinasena_agricultural_machinery_pvt_ltd
tariff_rates_id_26200,10,1,0.0,NBT,Taxes,0.0,Jinasena_MasterData_Purchase.tariff_date_id_1195,,0.0,Jinasena_MasterData_Common.res_company_jinasena_agricultural_machinery_pvt_ltd
tariff_rates_id_26201,10,1,0.0,NBT-N,Taxes,0.0,Jinasena_MasterData_Purchase.tariff_date_id_1195,,0.0,Jinasena_MasterData_Common.res_company_jinasena_agricultural_machinery_pvt_ltd
tariff_rates_id_26202,10,1,2.5,SSCL,Taxes,0.0,Jinasena_MasterData_Purchase.tariff_date_id_1195,,0.0,Jinasena_MasterData_Common.res_company_jinasena_agricultural_machinery_pvt_ltd
tariff_rates_id_26203,10,1,18.0,VAT-on-Item,Taxes,0.0,Jinasena_MasterData_Purchase.tariff_date_id_1195,,0.0,Jinasena_MasterData_Common.res_company_jinasena_agricultural_machinery_pvt_ltd
tariff_rates_id_26204,10,1,18.0,VAT-on-GL,Taxes,0.0,Jinasena_MasterData_Purchase.tariff_date_id_1195,,0.0,Jinasena_MasterData_Common.res_company_jinasena_agricultural_machinery_pvt_ltd
tariff_rates_id_26205,10,1,31.46,CID,Duty,0.0,Jinasena_MasterData_Purchase.tariff_date_id_1196,,0.0,Jinasena_MasterData_Common.res_company_jinasena_agricultural_machinery_pvt_ltd
tariff_rates_id_26206,10,1,15.37,EIC,Duty,0.0,Jinasena_MasterData_Purchase.tariff_date_id_1196,,0.0,Jinasena_MasterData_Common.res_company_jinasena_agricultural_machinery_pvt_ltd
tariff_rates_id_26207,10,1,0.0,ESC,Duty,0.0,Jinasena_MasterData_Purchase.tariff_date_id_1196,,0.0,Jinasena_MasterData_Common.res_company_jinasena_agricultural_machinery_pvt_ltd
tariff_rates_id_26208,10,1,0.0,Excise,Duty,0.0,Jinasena_MasterData_Purchase.tariff_date_id_1196,,0.0,Jinasena_MasterData_Common.res_company_jinasena_agricultural_machinery_pvt_ltd
tariff_rates_id_26209,10,1,10.0,PAL,Duty,0.0,Jinasena_MasterData_Purchase.tariff_date_id_1196,,0.0,Jinasena_MasterData_Common.res_company_jinasena_agricultural_machinery_pvt_ltd
tariff_rates_id_26210,10,1,0.0,RIDL,Duty,0.0,Jinasena_MasterData_Purchase.tariff_date_id_1196,,0.0,Jinasena_MasterData_Common.res_company_jinasena_agricultural_machinery_pvt_ltd
tariff_rates_id_26211,10,1,0.0,SRL,Duty,0.0,Jinasena_MasterData_Purchase.tariff_date_id_1196,,0.0,Jinasena_MasterData_Common.res_company_jinasena_agricultural_machinery_pvt_ltd
tariff_rates_id_26212,10,1,0.0,Surcharge,Duty,0.0,Jinasena_MasterData_Purchase.tariff_date_id_1196,,0.0,Jinasena_MasterData_Common.res_company_jinasena_agricultural_machinery_pvt_ltd
tariff_rates_id_26213,10,1,0.0,NBT,Taxes,0.0,Jinasena_MasterData_Purchase.tariff_date_id_1196,,0.0,Jinasena_MasterData_Common.res_company_jinasena_agricultural_machinery_pvt_ltd
tariff_rates_id_26214,10,1,0.0,NBT-N,Taxes,0.0,Jinasena_MasterData_Purchase.tariff_date_id_1196,,0.0,Jinasena_MasterData_Common.res_company_jinasena_agricultural_machinery_pvt_ltd
tariff_rates_id_26215,10,1,2.5,SSCL,Taxes,0.0,Jinasena_MasterData_Purchase.tariff_date_id_1196,,0.0,Jinasena_MasterData_Common.res_company_jinasena_agricultural_machinery_pvt_ltd
tariff_rates_id_26216,10,1,18.0,VAT-on-Item,Taxes,0.0,Jinasena_MasterData_Purchase.tariff_date_id_1196,,0.0,Jinasena_MasterData_Common.res_company_jinasena_agricultural_machinery_pvt_ltd
tariff_rates_id_26217,10,1,18.0,VAT-on-GL,Taxes,0.0,Jinasena_MasterData_Purchase.tariff_date_id_1196,,0.0,Jinasena_MasterData_Common.res_company_jinasena_agricultural_machinery_pvt_ltd
tariff_rates_id_26218,10,1,15.0,CID,Duty,0.0,Jinasena_MasterData_Purchase.tariff_date_id_1197,,0.0,Jinasena_MasterData_Common.res_company_jinasena_agricultural_machinery_pvt_ltd
tariff_rates_id_26219,10,1,0.0,EIC,Duty,0.0,Jinasena_MasterData_Purchase.tariff_date_id_1197,,0.0,Jinasena_MasterData_Common.res_company_jinasena_agricultural_machinery_pvt_ltd
tariff_rates_id_26220,10,1,0.0,ESC,Duty,0.0,Jinasena_MasterData_Purchase.tariff_date_id_1197,,0.0,Jinasena_MasterData_Common.res_company_jinasena_agricultural_machinery_pvt_ltd
tariff_rates_id_26221,10,1,0.0,Excise,Duty,0.0,Jinasena_MasterData_Purchase.tariff_date_id_1197,,0.0,Jinasena_MasterData_Common.res_company_jinasena_agricultural_machinery_pvt_ltd
tariff_rates_id_26222,10,1,10.0,PAL,Duty,0.0,Jinasena_MasterData_Purchase.tariff_date_id_1197,,0.0,Jinasena_MasterData_Common.res_company_jinasena_agricultural_machinery_pvt_ltd
tariff_rates_id_26223,10,1,0.0,RIDL,Duty,0.0,Jinasena_MasterData_Purchase.tariff_date_id_1197,,0.0,Jinasena_MasterData_Common.res_company_jinasena_agricultural_machinery_pvt_ltd
tariff_rates_id_26224,10,1,0.0,SRL,Duty,0.0,Jinasena_MasterData_Purchase.tariff_date_id_1197,,0.0,Jinasena_MasterData_Common.res_company_jinasena_agricultural_machinery_pvt_ltd
tariff_rates_id_26225,10,1,0.0,Surcharge,Duty,0.0,Jinasena_MasterData_Purchase.tariff_date_id_1197,,0.0,Jinasena_MasterData_Common.res_company_jinasena_agricultural_machinery_pvt_ltd
tariff_rates_id_26226,10,1,0.0,NBT,Taxes,0.0,Jinasena_MasterData_Purchase.tariff_date_id_1197,,0.0,Jinasena_MasterData_Common.res_company_jinasena_agricultural_machinery_pvt_ltd
tariff_rates_id_26227,10,1,0.0,NBT-N,Taxes,0.0,Jinasena_MasterData_Purchase.tariff_date_id_1197,,0.0,Jinasena_MasterData_Common.res_company_jinasena_agricultural_machinery_pvt_ltd
tariff_rates_id_26228,10,1,2.5,SSCL,Taxes,0.0,Jinasena_MasterData_Purchase.tariff_date_id_1197,,0.0,Jinasena_MasterData_Common.res_company_jinasena_agricultural_machinery_pvt_ltd
tariff_rates_id_26229,10,1,15.0,VAT-on-Item,Taxes,0.0,Jinasena_MasterData_Purchase.tariff_date_id_1197,,0.0,Jinasena_MasterData_Common.res_company_jinasena_agricultural_machinery_pvt_ltd
tariff_rates_id_26230,10,1,15.0,VAT-on-GL,Taxes,0.0,Jinasena_MasterData_Purchase.tariff_date_id_1197,,0.0,Jinasena_MasterData_Common.res_company_jinasena_agricultural_machinery_pvt_ltd
tariff_rates_id_26231,10,1,15.0,CID,Duty,0.0,Jinasena_MasterData_Purchase.tariff_date_id_1198,,0.0,Jinasena_MasterData_Common.res_company_jinasena_agricultural_machinery_pvt_ltd
tariff_rates_id_26232,10,1,0.0,EIC,Duty,0.0,Jinasena_MasterData_Purchase.tariff_date_id_1198,,0.0,Jinasena_MasterData_Common.res_company_jinasena_agricultural_machinery_pvt_ltd
tariff_rates_id_26233,10,1,0.0,ESC,Duty,0.0,Jinasena_MasterData_Purchase.tariff_date_id_1198,,0.0,Jinasena_MasterData_Common.res_company_jinasena_agricultural_machinery_pvt_ltd
tariff_rates_id_26234,10,1,0.0,Excise,Duty,0.0,Jinasena_MasterData_Purchase.tariff_date_id_1198,,0.0,Jinasena_MasterData_Common.res_company_jinasena_agricultural_machinery_pvt_ltd
tariff_rates_id_26235,10,1,10.0,PAL,Duty,0.0,Jinasena_MasterData_Purchase.tariff_date_id_1198,,0.0,Jinasena_MasterData_Common.res_company_jinasena_agricultural_machinery_pvt_ltd
tariff_rates_id_26236,10,1,0.0,RIDL,Duty,0.0,Jinasena_MasterData_Purchase.tariff_date_id_1198,,0.0,Jinasena_MasterData_Common.res_company_jinasena_agricultural_machinery_pvt_ltd
tariff_rates_id_26237,10,1,0.0,SRL,Duty,0.0,Jinasena_MasterData_Purchase.tariff_date_id_1198,,0.0,Jinasena_MasterData_Common.res_company_jinasena_agricultural_machinery_pvt_ltd
tariff_rates_id_26238,10,1,0.0,Surcharge,Duty,0.0,Jinasena_MasterData_Purchase.tariff_date_id_1198,,0.0,Jinasena_MasterData_Common.res_company_jinasena_agricultural_machinery_pvt_ltd
tariff_rates_id_26239,10,1,0.0,NBT,Taxes,0.0,Jinasena_MasterData_Purchase.tariff_date_id_1198,,0.0,Jinasena_MasterData_Common.res_company_jinasena_agricultural_machinery_pvt_ltd
tariff_rates_id_26240,10,1,0.0,NBT-N,Taxes,0.0,Jinasena_MasterData_Purchase.tariff_date_id_1198,,0.0,Jinasena_MasterData_Common.res_company_jinasena_agricultural_machinery_pvt_ltd
tariff_rates_id_26241,10,1,2.5,SSCL,Taxes,0.0,Jinasena_MasterData_Purchase.tariff_date_id_1198,,0.0,Jinasena_MasterData_Common.res_company_jinasena_agricultural_machinery_pvt_ltd
tariff_rates_id_26242,10,1,18.0,VAT-on-Item,Taxes,0.0,Jinasena_MasterData_Purchase.tariff_date_id_1198,,0.0,Jinasena_MasterData_Common.res_company_jinasena_agricultural_machinery_pvt_ltd
tariff_rates_id_26243,10,1,18.0,VAT-on-GL,Taxes,0.0,Jinasena_MasterData_Purchase.tariff_date_id_1198,,0.0,Jinasena_MasterData_Common.res_company_jinasena_agricultural_machinery_pvt_ltd
tariff_rates_id_26244,10,1,15.0,CID,Duty,0.0,Jinasena_MasterData_Purchase.tariff_date_id_1199,,0.0,Jinasena_MasterData_Common.res_company_jinasena_agricultural_machinery_pvt_ltd
tariff_rates_id_26245,10,1,0.0,EIC,Duty,0.0,Jinasena_MasterData_Purchase.tariff_date_id_1199,,0.0,Jinasena_MasterData_Common.res_company_jinasena_agricultural_machinery_pvt_ltd
tariff_rates_id_26246,10,1,0.0,ESC,Duty,0.0,Jinasena_MasterData_Purchase.tariff_date_id_1199,,0.0,Jinasena_MasterData_Common.res_company_jinasena_agricultural_machinery_pvt_ltd
tariff_rates_id_26247,10,1,0.0,Excise,Duty,0.0,Jinasena_MasterData_Purchase.tariff_date_id_1199,,0.0,Jinasena_MasterData_Common.res_company_jinasena_agricultural_machinery_pvt_ltd
tariff_rates_id_26248,10,1,10.0,PAL,Duty,0.0,Jinasena_MasterData_Purchase.tariff_date_id_1199,,0.0,Jinasena_MasterData_Common.res_company_jinasena_agricultural_machinery_pvt_ltd
tariff_rates_id_26249,10,1,0.0,RIDL,Duty,0.0,Jinasena_MasterData_Purchase.tariff_date_id_1199,,0.0,Jinasena_MasterData_Common.res_company_jinasena_agricultural_machinery_pvt_ltd
tariff_rates_id_26250,10,1,0.0,SRL,Duty,0.0,Jinasena_MasterData_Purchase.tariff_date_id_1199,,0.0,Jinasena_MasterData_Common.res_company_jinasena_agricultural_machinery_pvt_ltd
tariff_rates_id_26251,10,1,0.0,Surcharge,Duty,0.0,Jinasena_MasterData_Purchase.tariff_date_id_1199,,0.0,Jinasena_MasterData_Common.res_company_jinasena_agricultural_machinery_pvt_ltd
tariff_rates_id_26252,10,1,0.0,NBT,Taxes,0.0,Jinasena_MasterData_Purchase.tariff_date_id_1199,,0.0,Jinasena_MasterData_Common.res_company_jinasena_agricultural_machinery_pvt_ltd
tariff_rates_id_26253,10,1,0.0,NBT-N,Taxes,0.0,Jinasena_MasterData_Purchase.tariff_date_id_1199,,0.0,Jinasena_MasterData_Common.res_company_jinasena_agricultural_machinery_pvt_ltd
tariff_rates_id_26254,10,1,2.5,SSCL,Taxes,0.0,Jinasena_MasterData_Purchase.tariff_date_id_1199,,0.0,Jinasena_MasterData_Common.res_company_jinasena_agricultural_machinery_pvt_ltd
tariff_rates_id_26255,10,1,18.0,VAT-on-Item,Taxes,0.0,Jinasena_MasterData_Purchase.tariff_date_id_1199,,0.0,Jinasena_MasterData_Common.res_company_jinasena_agricultural_machinery_pvt_ltd
tariff_rates_id_26256,10,1,18.0,VAT-on-GL,Taxes,0.0,Jinasena_MasterData_Purchase.tariff_date_id_1199,,0.0,Jinasena_MasterData_Common.res_company_jinasena_agricultural_machinery_pvt_ltd
tariff_rates_id_26257,10,1,15.0,CID,Duty,0.0,Jinasena_MasterData_Purchase.tariff_date_id_1200,,0.0,Jinasena_MasterData_Common.res_company_jinasena_agricultural_machinery_pvt_ltd
tariff_rates_id_26258,10,1,0.0,EIC,Duty,0.0,Jinasena_MasterData_Purchase.tariff_date_id_1200,,0.0,Jinasena_MasterData_Common.res_company_jinasena_agricultural_machinery_pvt_ltd
tariff_rates_id_26259,10,1,0.0,ESC,Duty,0.0,Jinasena_MasterData_Purchase.tariff_date_id_1200,,0.0,Jinasena_MasterData_Common.res_company_jinasena_agricultural_machinery_pvt_ltd
tariff_rates_id_26260,10,1,0.0,Excise,Duty,0.0,Jinasena_MasterData_Purchase.tariff_date_id_1200,,0.0,Jinasena_MasterData_Common.res_company_jinasena_agricultural_machinery_pvt_ltd
tariff_rates_id_26261,10,1,10.0,PAL,Duty,0.0,Jinasena_MasterData_Purchase.tariff_date_id_1200,,0.0,Jinasena_MasterData_Common.res_company_jinasena_agricultural_machinery_pvt_ltd
tariff_rates_id_26262,10,1,0.0,RIDL,Duty,0.0,Jinasena_MasterData_Purchase.tariff_date_id_1200,,0.0,Jinasena_MasterData_Common.res_company_jinasena_agricultural_machinery_pvt_ltd
tariff_rates_id_26263,10,1,0.0,SRL,Duty,0.0,Jinasena_MasterData_Purchase.tariff_date_id_1200,,0.0,Jinasena_MasterData_Common.res_company_jinasena_agricultural_machinery_pvt_ltd
tariff_rates_id_26264,10,1,0.0,Surcharge,Duty,0.0,Jinasena_MasterData_Purchase.tariff_date_id_1200,,0.0,Jinasena_MasterData_Common.res_company_jinasena_agricultural_machinery_pvt_ltd
tariff_rates_id_26265,10,1,0.0,NBT,Taxes,0.0,Jinasena_MasterData_Purchase.tariff_date_id_1200,,0.0,Jinasena_MasterData_Common.res_company_jinasena_agricultural_machinery_pvt_ltd
tariff_rates_id_26266,10,1,0.0,NBT-N,Taxes,0.0,Jinasena_MasterData_Purchase.tariff_date_id_1200,,0.0,Jinasena_MasterData_Common.res_company_jinasena_agricultural_machinery_pvt_ltd
tariff_rates_id_26267,10,1,2.5,SSCL,Taxes,0.0,Jinasena_MasterData_Purchase.tariff_date_id_1200,,0.0,Jinasena_MasterData_Common.res_company_jinasena_agricultural_machinery_pvt_ltd
tariff_rates_id_26268,10,1,18.0,VAT-on-Item,Taxes,0.0,Jinasena_MasterData_Purchase.tariff_date_id_1200,,0.0,Jinasena_MasterData_Common.res_company_jinasena_agricultural_machinery_pvt_ltd
tariff_rates_id_26269,10,1,18.0,VAT-on-GL,Taxes,0.0,Jinasena_MasterData_Purchase.tariff_date_id_1200,,0.0,Jinasena_MasterData_Common.res_company_jinasena_agricultural_machinery_pvt_ltd
tariff_rates_id_26270,10,1,15.0,CID,Duty,0.0,Jinasena_MasterData_Purchase.tariff_date_id_1201,,0.0,Jinasena_MasterData_Common.res_company_jinasena_agricultural_machinery_pvt_ltd
tariff_rates_id_26271,10,1,0.0,EIC,Duty,0.0,Jinasena_MasterData_Purchase.tariff_date_id_1201,,0.0,Jinasena_MasterData_Common.res_company_jinasena_agricultural_machinery_pvt_ltd
tariff_rates_id_26272,10,1,0.0,ESC,Duty,0.0,Jinasena_MasterData_Purchase.tariff_date_id_1201,,0.0,Jinasena_MasterData_Common.res_company_jinasena_agricultural_machinery_pvt_ltd
tariff_rates_id_26273,10,1,0.0,Excise,Duty,0.0,Jinasena_MasterData_Purchase.tariff_date_id_1201,,0.0,Jinasena_MasterData_Common.res_company_jinasena_agricultural_machinery_pvt_ltd
tariff_rates_id_26274,10,1,10.0,PAL,Duty,0.0,Jinasena_MasterData_Purchase.tariff_date_id_1201,,0.0,Jinasena_MasterData_Common.res_company_jinasena_agricultural_machinery_pvt_ltd
tariff_rates_id_26275,10,1,0.0,RIDL,Duty,0.0,Jinasena_MasterData_Purchase.tariff_date_id_1201,,0.0,Jinasena_MasterData_Common.res_company_jinasena_agricultural_machinery_pvt_ltd
tariff_rates_id_26276,10,1,0.0,SRL,Duty,0.0,Jinasena_MasterData_Purchase.tariff_date_id_1201,,0.0,Jinasena_MasterData_Common.res_company_jinasena_agricultural_machinery_pvt_ltd
tariff_rates_id_26277,10,1,0.0,Surcharge,Duty,0.0,Jinasena_MasterData_Purchase.tariff_date_id_1201,,0.0,Jinasena_MasterData_Common.res_company_jinasena_agricultural_machinery_pvt_ltd
tariff_rates_id_26278,10,1,0.0,NBT,Taxes,0.0,Jinasena_MasterData_Purchase.tariff_date_id_1201,,0.0,Jinasena_MasterData_Common.res_company_jinasena_agricultural_machinery_pvt_ltd
tariff_rates_id_26279,10,1,0.0,NBT-N,Taxes,0.0,Jinasena_MasterData_Purchase.tariff_date_id_1201,,0.0,Jinasena_MasterData_Common.res_company_jinasena_agricultural_machinery_pvt_ltd
tariff_rates_id_26280,10,1,2.5,SSCL,Taxes,0.0,Jinasena_MasterData_Purchase.tariff_date_id_1201,,0.0,Jinasena_MasterData_Common.res_company_jinasena_agricultural_machinery_pvt_ltd
tariff_rates_id_26281,10,1,18.0,VAT-on-Item,Taxes,0.0,Jinasena_MasterData_Purchase.tariff_date_id_1201,,0.0,Jinasena_MasterData_Common.res_company_jinasena_agricultural_machinery_pvt_ltd
tariff_rates_id_26282,10,1,18.0,VAT-on-GL,Taxes,0.0,Jinasena_MasterData_Purchase.tariff_date_id_1201,,0.0,Jinasena_MasterData_Common.res_company_jinasena_agricultural_machinery_pvt_ltd
tariff_rates_id_26283,10,1,20.0,CID,Duty,0.0,Jinasena_MasterData_Purchase.tariff_date_id_1202,,0.0,Jinasena_MasterData_Common.res_company_jinasena_agricultural_machinery_pvt_ltd
tariff_rates_id_26284,10,1,0.0,EIC,Duty,0.0,Jinasena_MasterData_Purchase.tariff_date_id_1202,,0.0,Jinasena_MasterData_Common.res_company_jinasena_agricultural_machinery_pvt_ltd
tariff_rates_id_26285,10,1,0.0,ESC,Duty,0.0,Jinasena_MasterData_Purchase.tariff_date_id_1202,,0.0,Jinasena_MasterData_Common.res_company_jinasena_agricultural_machinery_pvt_ltd
tariff_rates_id_26286,10,1,0.0,Excise,Duty,0.0,Jinasena_MasterData_Purchase.tariff_date_id_1202,,0.0,Jinasena_MasterData_Common.res_company_jinasena_agricultural_machinery_pvt_ltd
tariff_rates_id_26287,10,1,10.0,PAL,Duty,0.0,Jinasena_MasterData_Purchase.tariff_date_id_1202,,0.0,Jinasena_MasterData_Common.res_company_jinasena_agricultural_machinery_pvt_ltd
tariff_rates_id_26288,10,1,0.0,RIDL,Duty,0.0,Jinasena_MasterData_Purchase.tariff_date_id_1202,,0.0,Jinasena_MasterData_Common.res_company_jinasena_agricultural_machinery_pvt_ltd
tariff_rates_id_26289,10,1,0.0,SRL,Duty,0.0,Jinasena_MasterData_Purchase.tariff_date_id_1202,,0.0,Jinasena_MasterData_Common.res_company_jinasena_agricultural_machinery_pvt_ltd
tariff_rates_id_26290,10,1,0.0,Surcharge,Duty,0.0,Jinasena_MasterData_Purchase.tariff_date_id_1202,,0.0,Jinasena_MasterData_Common.res_company_jinasena_agricultural_machinery_pvt_ltd
tariff_rates_id_26291,10,1,0.0,NBT,Taxes,0.0,Jinasena_MasterData_Purchase.tariff_date_id_1202,,0.0,Jinasena_MasterData_Common.res_company_jinasena_agricultural_machinery_pvt_ltd
tariff_rates_id_26292,10,1,0.0,NBT-N,Taxes,0.0,Jinasena_MasterData_Purchase.tariff_date_id_1202,,0.0,Jinasena_MasterData_Common.res_company_jinasena_agricultural_machinery_pvt_ltd
tariff_rates_id_26293,10,1,2.5,SSCL,Taxes,0.0,Jinasena_MasterData_Purchase.tariff_date_id_1202,,0.0,Jinasena_MasterData_Common.res_company_jinasena_agricultural_machinery_pvt_ltd
tariff_rates_id_26294,10,1,18.0,VAT-on-Item,Taxes,0.0,Jinasena_MasterData_Purchase.tariff_date_id_1202,,0.0,Jinasena_MasterData_Common.res_company_jinasena_agricultural_machinery_pvt_ltd
tariff_rates_id_26295,10,1,18.0,VAT-on-GL,Taxes,0.0,Jinasena_MasterData_Purchase.tariff_date_id_1202,,0.0,Jinasena_MasterData_Common.res_company_jinasena_agricultural_machinery_pvt_ltd
tariff_rates_id_26296,10,1,20.0,CID,Duty,0.0,Jinasena_MasterData_Purchase.tariff_date_id_1203,,0.0,Jinasena_MasterData_Common.res_company_jinasena_agricultural_machinery_pvt_ltd
tariff_rates_id_26297,10,1,0.0,EIC,Duty,0.0,Jinasena_MasterData_Purchase.tariff_date_id_1203,,0.0,Jinasena_MasterData_Common.res_company_jinasena_agricultural_machinery_pvt_ltd
tariff_rates_id_26298,10,1,0.0,ESC,Duty,0.0,Jinasena_MasterData_Purchase.tariff_date_id_1203,,0.0,Jinasena_MasterData_Common.res_company_jinasena_agricultural_machinery_pvt_ltd
tariff_rates_id_26299,10,1,0.0,Excise,Duty,0.0,Jinasena_MasterData_Purchase.tariff_date_id_1203,,0.0,Jinasena_MasterData_Common.res_company_jinasena_agricultural_machinery_pvt_ltd
tariff_rates_id_26300,10,1,10.0,PAL,Duty,0.0,Jinasena_MasterData_Purchase.tariff_date_id_1203,,0.0,Jinasena_MasterData_Common.res_company_jinasena_agricultural_machinery_pvt_ltd
tariff_rates_id_26301,10,1,0.0,RIDL,Duty,0.0,Jinasena_MasterData_Purchase.tariff_date_id_1203,,0.0,Jinasena_MasterData_Common.res_company_jinasena_agricultural_machinery_pvt_ltd
tariff_rates_id_26302,10,1,0.0,SRL,Duty,0.0,Jinasena_MasterData_Purchase.tariff_date_id_1203,,0.0,Jinasena_MasterData_Common.res_company_jinasena_agricultural_machinery_pvt_ltd
tariff_rates_id_26303,10,1,0.0,Surcharge,Duty,0.0,Jinasena_MasterData_Purchase.tariff_date_id_1203,,0.0,Jinasena_MasterData_Common.res_company_jinasena_agricultural_machinery_pvt_ltd
tariff_rates_id_26304,10,1,0.0,NBT,Taxes,0.0,Jinasena_MasterData_Purchase.tariff_date_id_1203,,0.0,Jinasena_MasterData_Common.res_company_jinasena_agricultural_machinery_pvt_ltd
tariff_rates_id_26305,10,1,0.0,NBT-N,Taxes,0.0,Jinasena_MasterData_Purchase.tariff_date_id_1203,,0.0,Jinasena_MasterData_Common.res_company_jinasena_agricultural_machinery_pvt_ltd
tariff_rates_id_26306,10,1,2.5,SSCL,Taxes,0.0,Jinasena_MasterData_Purchase.tariff_date_id_1203,,0.0,Jinasena_MasterData_Common.res_company_jinasena_agricultural_machinery_pvt_ltd
tariff_rates_id_26307,10,1,18.0,VAT-on-Item,Taxes,0.0,Jinasena_MasterData_Purchase.tariff_date_id_1203,,0.0,Jinasena_MasterData_Common.res_company_jinasena_agricultural_machinery_pvt_ltd
tariff_rates_id_26308,10,1,18.0,VAT-on-GL,Taxes,0.0,Jinasena_MasterData_Purchase.tariff_date_id_1203,,0.0,Jinasena_MasterData_Common.res_company_jinasena_agricultural_machinery_pvt_ltd
tariff_rates_id_26309,10,1,20.0,CID,Duty,0.0,Jinasena_MasterData_Purchase.tariff_date_id_1204,,0.0,Jinasena_MasterData_Common.res_company_jinasena_agricultural_machinery_pvt_ltd
tariff_rates_id_26310,10,1,0.0,EIC,Duty,0.0,Jinasena_MasterData_Purchase.tariff_date_id_1204,,0.0,Jinasena_MasterData_Common.res_company_jinasena_agricultural_machinery_pvt_ltd
tariff_rates_id_26311,10,1,0.0,ESC,Duty,0.0,Jinasena_MasterData_Purchase.tariff_date_id_1204,,0.0,Jinasena_MasterData_Common.res_company_jinasena_agricultural_machinery_pvt_ltd
tariff_rates_id_26312,10,1,0.0,Excise,Duty,0.0,Jinasena_MasterData_Purchase.tariff_date_id_1204,,0.0,Jinasena_MasterData_Common.res_company_jinasena_agricultural_machinery_pvt_ltd
tariff_rates_id_26313,10,1,10.0,PAL,Duty,0.0,Jinasena_MasterData_Purchase.tariff_date_id_1204,,0.0,Jinasena_MasterData_Common.res_company_jinasena_agricultural_machinery_pvt_ltd
tariff_rates_id_26314,10,1,0.0,RIDL,Duty,0.0,Jinasena_MasterData_Purchase.tariff_date_id_1204,,0.0,Jinasena_MasterData_Common.res_company_jinasena_agricultural_machinery_pvt_ltd
tariff_rates_id_26315,10,1,0.0,SRL,Duty,0.0,Jinasena_MasterData_Purchase.tariff_date_id_1204,,0.0,Jinasena_MasterData_Common.res_company_jinasena_agricultural_machinery_pvt_ltd
tariff_rates_id_26316,10,1,0.0,Surcharge,Duty,0.0,Jinasena_MasterData_Purchase.tariff_date_id_1204,,0.0,Jinasena_MasterData_Common.res_company_jinasena_agricultural_machinery_pvt_ltd
tariff_rates_id_26317,10,1,0.0,NBT,Taxes,0.0,Jinasena_MasterData_Purchase.tariff_date_id_1204,,0.0,Jinasena_MasterData_Common.res_company_jinasena_agricultural_machinery_pvt_ltd
tariff_rates_id_26318,10,1,0.0,NBT-N,Taxes,0.0,Jinasena_MasterData_Purchase.tariff_date_id_1204,,0.0,Jinasena_MasterData_Common.res_company_jinasena_agricultural_machinery_pvt_ltd
tariff_rates_id_26319,10,1,2.5,SSCL,Taxes,0.0,Jinasena_MasterData_Purchase.tariff_date_id_1204,,0.0,Jinasena_MasterData_Common.res_company_jinasena_agricultural_machinery_pvt_ltd
tariff_rates_id_26320,10,1,18.0,VAT-on-Item,Taxes,0.0,Jinasena_MasterData_Purchase.tariff_date_id_1204,,0.0,Jinasena_MasterData_Common.res_company_jinasena_agricultural_machinery_pvt_ltd
tariff_rates_id_26321,10,1,18.0,VAT-on-GL,Taxes,0.0,Jinasena_MasterData_Purchase.tariff_date_id_1204,,0.0,Jinasena_MasterData_Common.res_company_jinasena_agricultural_machinery_pvt_ltd
tariff_rates_id_26322,10,1,20.0,CID,Duty,0.0,Jinasena_MasterData_Purchase.tariff_date_id_1205,,0.0,Jinasena_MasterData_Common.res_company_jinasena_agricultural_machinery_pvt_ltd
tariff_rates_id_26323,10,1,0.0,EIC,Duty,0.0,Jinasena_MasterData_Purchase.tariff_date_id_1205,,0.0,Jinasena_MasterData_Common.res_company_jinasena_agricultural_machinery_pvt_ltd
tariff_rates_id_26324,10,1,0.0,ESC,Duty,0.0,Jinasena_MasterData_Purchase.tariff_date_id_1205,,0.0,Jinasena_MasterData_Common.res_company_jinasena_agricultural_machinery_pvt_ltd
tariff_rates_id_26325,10,1,0.0,Excise,Duty,0.0,Jinasena_MasterData_Purchase.tariff_date_id_1205,,0.0,Jinasena_MasterData_Common.res_company_jinasena_agricultural_machinery_pvt_ltd
tariff_rates_id_26326,10,1,10.0,PAL,Duty,0.0,Jinasena_MasterData_Purchase.tariff_date_id_1205,,0.0,Jinasena_MasterData_Common.res_company_jinasena_agricultural_machinery_pvt_ltd
tariff_rates_id_26327,10,1,0.0,RIDL,Duty,0.0,Jinasena_MasterData_Purchase.tariff_date_id_1205,,0.0,Jinasena_MasterData_Common.res_company_jinasena_agricultural_machinery_pvt_ltd
tariff_rates_id_26328,10,1,0.0,SRL,Duty,0.0,Jinasena_MasterData_Purchase.tariff_date_id_1205,,0.0,Jinasena_MasterData_Common.res_company_jinasena_agricultural_machinery_pvt_ltd
tariff_rates_id_26329,10,1,0.0,Surcharge,Duty,0.0,Jinasena_MasterData_Purchase.tariff_date_id_1205,,0.0,Jinasena_MasterData_Common.res_company_jinasena_agricultural_machinery_pvt_ltd
tariff_rates_id_26330,10,1,0.0,NBT,Taxes,0.0,Jinasena_MasterData_Purchase.tariff_date_id_1205,,0.0,Jinasena_MasterData_Common.res_company_jinasena_agricultural_machinery_pvt_ltd
tariff_rates_id_26331,10,1,0.0,NBT-N,Taxes,0.0,Jinasena_MasterData_Purchase.tariff_date_id_1205,,0.0,Jinasena_MasterData_Common.res_company_jinasena_agricultural_machinery_pvt_ltd
tariff_rates_id_26332,10,1,2.5,SSCL,Taxes,0.0,Jinasena_MasterData_Purchase.tariff_date_id_1205,,0.0,Jinasena_MasterData_Common.res_company_jinasena_agricultural_machinery_pvt_ltd
tariff_rates_id_26333,10,1,18.0,VAT-on-Item,Taxes,0.0,Jinasena_MasterData_Purchase.tariff_date_id_1205,,0.0,Jinasena_MasterData_Common.res_company_jinasena_agricultural_machinery_pvt_ltd
tariff_rates_id_26334,10,1,18.0,VAT-on-GL,Taxes,0.0,Jinasena_MasterData_Purchase.tariff_date_id_1205,,0.0,Jinasena_MasterData_Common.res_company_jinasena_agricultural_machinery_pvt_ltd
tariff_rates_id_26335,10,1,20.0,CID,Duty,0.0,Jinasena_MasterData_Purchase.tariff_date_id_1206,,0.0,Jinasena_MasterData_Common.res_company_jinasena_agricultural_machinery_pvt_ltd
tariff_rates_id_26336,10,1,0.0,EIC,Duty,0.0,Jinasena_MasterData_Purchase.tariff_date_id_1206,,0.0,Jinasena_MasterData_Common.res_company_jinasena_agricultural_machinery_pvt_ltd
tariff_rates_id_26337,10,1,0.0,ESC,Duty,0.0,Jinasena_MasterData_Purchase.tariff_date_id_1206,,0.0,Jinasena_MasterData_Common.res_company_jinasena_agricultural_machinery_pvt_ltd
tariff_rates_id_26338,10,1,0.0,Excise,Duty,0.0,Jinasena_MasterData_Purchase.tariff_date_id_1206,,0.0,Jinasena_MasterData_Common.res_company_jinasena_agricultural_machinery_pvt_ltd
tariff_rates_id_26339,10,1,10.0,PAL,Duty,0.0,Jinasena_MasterData_Purchase.tariff_date_id_1206,,0.0,Jinasena_MasterData_Common.res_company_jinasena_agricultural_machinery_pvt_ltd
tariff_rates_id_26340,10,1,0.0,RIDL,Duty,0.0,Jinasena_MasterData_Purchase.tariff_date_id_1206,,0.0,Jinasena_MasterData_Common.res_company_jinasena_agricultural_machinery_pvt_ltd
tariff_rates_id_26341,10,1,0.0,SRL,Duty,0.0,Jinasena_MasterData_Purchase.tariff_date_id_1206,,0.0,Jinasena_MasterData_Common.res_company_jinasena_agricultural_machinery_pvt_ltd
tariff_rates_id_26342,10,1,0.0,Surcharge,Duty,0.0,Jinasena_MasterData_Purchase.tariff_date_id_1206,,0.0,Jinasena_MasterData_Common.res_company_jinasena_agricultural_machinery_pvt_ltd
tariff_rates_id_26343,10,1,0.0,NBT,Taxes,0.0,Jinasena_MasterData_Purchase.tariff_date_id_1206,,0.0,Jinasena_MasterData_Common.res_company_jinasena_agricultural_machinery_pvt_ltd
tariff_rates_id_26344,10,1,0.0,NBT-N,Taxes,0.0,Jinasena_MasterData_Purchase.tariff_date_id_1206,,0.0,Jinasena_MasterData_Common.res_company_jinasena_agricultural_machinery_pvt_ltd
tariff_rates_id_26345,10,1,2.5,SSCL,Taxes,0.0,Jinasena_MasterData_Purchase.tariff_date_id_1206,,0.0,Jinasena_MasterData_Common.res_company_jinasena_agricultural_machinery_pvt_ltd
tariff_rates_id_26346,10,1,18.0,VAT-on-Item,Taxes,0.0,Jinasena_MasterData_Purchase.tariff_date_id_1206,,0.0,Jinasena_MasterData_Common.res_company_jinasena_agricultural_machinery_pvt_ltd
tariff_rates_id_26347,10,1,18.0,VAT-on-GL,Taxes,0.0,Jinasena_MasterData_Purchase.tariff_date_id_1206,,0.0,Jinasena_MasterData_Common.res_company_jinasena_agricultural_machinery_pvt_ltd
tariff_rates_id_26348,10,1,20.0,CID,Duty,0.0,Jinasena_MasterData_Purchase.tariff_date_id_1207,,0.0,Jinasena_MasterData_Common.res_company_jinasena_agricultural_machinery_pvt_ltd
tariff_rates_id_26349,10,1,0.0,EIC,Duty,0.0,Jinasena_MasterData_Purchase.tariff_date_id_1207,,0.0,Jinasena_MasterData_Common.res_company_jinasena_agricultural_machinery_pvt_ltd
tariff_rates_id_26350,10,1,0.0,ESC,Duty,0.0,Jinasena_MasterData_Purchase.tariff_date_id_1207,,0.0,Jinasena_MasterData_Common.res_company_jinasena_agricultural_machinery_pvt_ltd
tariff_rates_id_26351,10,1,0.0,Excise,Duty,0.0,Jinasena_MasterData_Purchase.tariff_date_id_1207,,0.0,Jinasena_MasterData_Common.res_company_jinasena_agricultural_machinery_pvt_ltd
tariff_rates_id_26352,10,1,10.0,PAL,Duty,0.0,Jinasena_MasterData_Purchase.tariff_date_id_1207,,0.0,Jinasena_MasterData_Common.res_company_jinasena_agricultural_machinery_pvt_ltd
tariff_rates_id_26353,10,1,0.0,RIDL,Duty,0.0,Jinasena_MasterData_Purchase.tariff_date_id_1207,,0.0,Jinasena_MasterData_Common.res_company_jinasena_agricultural_machinery_pvt_ltd
tariff_rates_id_26354,10,1,0.0,SRL,Duty,0.0,Jinasena_MasterData_Purchase.tariff_date_id_1207,,0.0,Jinasena_MasterData_Common.res_company_jinasena_agricultural_machinery_pvt_ltd
tariff_rates_id_26355,10,1,0.0,Surcharge,Duty,0.0,Jinasena_MasterData_Purchase.tariff_date_id_1207,,0.0,Jinasena_MasterData_Common.res_company_jinasena_agricultural_machinery_pvt_ltd
tariff_rates_id_26356,10,1,0.0,NBT,Taxes,0.0,Jinasena_MasterData_Purchase.tariff_date_id_1207,,0.0,Jinasena_MasterData_Common.res_company_jinasena_agricultural_machinery_pvt_ltd
tariff_rates_id_26357,10,1,0.0,NBT-N,Taxes,0.0,Jinasena_MasterData_Purchase.tariff_date_id_1207,,0.0,Jinasena_MasterData_Common.res_company_jinasena_agricultural_machinery_pvt_ltd
tariff_rates_id_26358,10,1,2.5,SSCL,Taxes,0.0,Jinasena_MasterData_Purchase.tariff_date_id_1207,,0.0,Jinasena_MasterData_Common.res_company_jinasena_agricultural_machinery_pvt_ltd
tariff_rates_id_26359,10,1,18.0,VAT-on-Item,Taxes,0.0,Jinasena_MasterData_Purchase.tariff_date_id_1207,,0.0,Jinasena_MasterData_Common.res_company_jinasena_agricultural_machinery_pvt_ltd
tariff_rates_id_26360,10,1,18.0,VAT-on-GL,Taxes,0.0,Jinasena_MasterData_Purchase.tariff_date_id_1207,,0.0,Jinasena_MasterData_Common.res_company_jinasena_agricultural_machinery_pvt_ltd
tariff_rates_id_26361,10,1,20.0,CID,Duty,0.0,Jinasena_MasterData_Purchase.tariff_date_id_1208,,0.0,Jinasena_MasterData_Common.res_company_jinasena_agricultural_machinery_pvt_ltd
tariff_rates_id_26362,10,1,10.0,EIC,Duty,0.0,Jinasena_MasterData_Purchase.tariff_date_id_1208,,0.0,Jinasena_MasterData_Common.res_company_jinasena_agricultural_machinery_pvt_ltd
tariff_rates_id_26363,10,1,0.0,ESC,Duty,0.0,Jinasena_MasterData_Purchase.tariff_date_id_1208,,0.0,Jinasena_MasterData_Common.res_company_jinasena_agricultural_machinery_pvt_ltd
tariff_rates_id_26364,10,1,0.0,Excise,Duty,0.0,Jinasena_MasterData_Purchase.tariff_date_id_1208,,0.0,Jinasena_MasterData_Common.res_company_jinasena_agricultural_machinery_pvt_ltd
tariff_rates_id_26365,10,1,10.0,PAL,Duty,0.0,Jinasena_MasterData_Purchase.tariff_date_id_1208,,0.0,Jinasena_MasterData_Common.res_company_jinasena_agricultural_machinery_pvt_ltd
tariff_rates_id_26366,10,1,0.0,RIDL,Duty,0.0,Jinasena_MasterData_Purchase.tariff_date_id_1208,,0.0,Jinasena_MasterData_Common.res_company_jinasena_agricultural_machinery_pvt_ltd
tariff_rates_id_26367,10,1,0.0,SRL,Duty,0.0,Jinasena_MasterData_Purchase.tariff_date_id_1208,,0.0,Jinasena_MasterData_Common.res_company_jinasena_agricultural_machinery_pvt_ltd
tariff_rates_id_26368,10,1,0.0,Surcharge,Duty,0.0,Jinasena_MasterData_Purchase.tariff_date_id_1208,,0.0,Jinasena_MasterData_Common.res_company_jinasena_agricultural_machinery_pvt_ltd
tariff_rates_id_26369,10,1,0.0,NBT,Taxes,0.0,Jinasena_MasterData_Purchase.tariff_date_id_1208,,0.0,Jinasena_MasterData_Common.res_company_jinasena_agricultural_machinery_pvt_ltd
tariff_rates_id_26370,10,1,0.0,NBT-N,Taxes,0.0,Jinasena_MasterData_Purchase.tariff_date_id_1208,,0.0,Jinasena_MasterData_Common.res_company_jinasena_agricultural_machinery_pvt_ltd
tariff_rates_id_26371,10,1,2.5,SSCL,Taxes,0.0,Jinasena_MasterData_Purchase.tariff_date_id_1208,,0.0,Jinasena_MasterData_Common.res_company_jinasena_agricultural_machinery_pvt_ltd
tariff_rates_id_26372,10,1,18.0,VAT-on-Item,Taxes,0.0,Jinasena_MasterData_Purchase.tariff_date_id_1208,,0.0,Jinasena_MasterData_Common.res_company_jinasena_agricultural_machinery_pvt_ltd
tariff_rates_id_26373,10,1,18.0,VAT-on-GL,Taxes,0.0,Jinasena_MasterData_Purchase.tariff_date_id_1208,,0.0,Jinasena_MasterData_Common.res_company_jinasena_agricultural_machinery_pvt_ltd
tariff_rates_id_26374,10,1,20.0,CID,Duty,0.0,Jinasena_MasterData_Purchase.tariff_date_id_1209,,0.0,Jinasena_MasterData_Common.res_company_jinasena_agricultural_machinery_pvt_ltd
tariff_rates_id_26375,10,1,0.0,EIC,Duty,0.0,Jinasena_MasterData_Purchase.tariff_date_id_1209,,0.0,Jinasena_MasterData_Common.res_company_jinasena_agricultural_machinery_pvt_ltd
tariff_rates_id_26376,10,1,0.0,ESC,Duty,0.0,Jinasena_MasterData_Purchase.tariff_date_id_1209,,0.0,Jinasena_MasterData_Common.res_company_jinasena_agricultural_machinery_pvt_ltd
tariff_rates_id_26377,10,1,0.0,Excise,Duty,0.0,Jinasena_MasterData_Purchase.tariff_date_id_1209,,0.0,Jinasena_MasterData_Common.res_company_jinasena_agricultural_machinery_pvt_ltd
tariff_rates_id_26378,10,1,10.0,PAL,Duty,0.0,Jinasena_MasterData_Purchase.tariff_date_id_1209,,0.0,Jinasena_MasterData_Common.res_company_jinasena_agricultural_machinery_pvt_ltd
tariff_rates_id_26379,10,1,0.0,RIDL,Duty,0.0,Jinasena_MasterData_Purchase.tariff_date_id_1209,,0.0,Jinasena_MasterData_Common.res_company_jinasena_agricultural_machinery_pvt_ltd
tariff_rates_id_26380,10,1,0.0,SRL,Duty,0.0,Jinasena_MasterData_Purchase.tariff_date_id_1209,,0.0,Jinasena_MasterData_Common.res_company_jinasena_agricultural_machinery_pvt_ltd
tariff_rates_id_26381,10,1,0.0,Surcharge,Duty,0.0,Jinasena_MasterData_Purchase.tariff_date_id_1209,,0.0,Jinasena_MasterData_Common.res_company_jinasena_agricultural_machinery_pvt_ltd
tariff_rates_id_26382,10,1,0.0,NBT,Taxes,0.0,Jinasena_MasterData_Purchase.tariff_date_id_1209,,0.0,Jinasena_MasterData_Common.res_company_jinasena_agricultural_machinery_pvt_ltd
tariff_rates_id_26383,10,1,0.0,NBT-N,Taxes,0.0,Jinasena_MasterData_Purchase.tariff_date_id_1209,,0.0,Jinasena_MasterData_Common.res_company_jinasena_agricultural_machinery_pvt_ltd
tariff_rates_id_26384,10,1,2.5,SSCL,Taxes,0.0,Jinasena_MasterData_Purchase.tariff_date_id_1209,,0.0,Jinasena_MasterData_Common.res_company_jinasena_agricultural_machinery_pvt_ltd
tariff_rates_id_26385,10,1,18.0,VAT-on-Item,Taxes,0.0,Jinasena_MasterData_Purchase.tariff_date_id_1209,,0.0,Jinasena_MasterData_Common.res_company_jinasena_agricultural_machinery_pvt_ltd
tariff_rates_id_26386,10,1,18.0,VAT-on-GL,Taxes,0.0,Jinasena_MasterData_Purchase.tariff_date_id_1209,,0.0,Jinasena_MasterData_Common.res_company_jinasena_agricultural_machinery_pvt_ltd
tariff_rates_id_26387,10,1,20.0,CID,Duty,0.0,Jinasena_MasterData_Purchase.tariff_date_id_1210,,0.0,Jinasena_MasterData_Common.res_company_jinasena_agricultural_machinery_pvt_ltd
tariff_rates_id_26388,10,1,0.0,EIC,Duty,0.0,Jinasena_MasterData_Purchase.tariff_date_id_1210,,0.0,Jinasena_MasterData_Common.res_company_jinasena_agricultural_machinery_pvt_ltd
tariff_rates_id_26389,10,1,0.0,ESC,Duty,0.0,Jinasena_MasterData_Purchase.tariff_date_id_1210,,0.0,Jinasena_MasterData_Common.res_company_jinasena_agricultural_machinery_pvt_ltd
tariff_rates_id_26390,10,1,0.0,Excise,Duty,0.0,Jinasena_MasterData_Purchase.tariff_date_id_1210,,0.0,Jinasena_MasterData_Common.res_company_jinasena_agricultural_machinery_pvt_ltd
tariff_rates_id_26391,10,1,10.0,PAL,Duty,0.0,Jinasena_MasterData_Purchase.tariff_date_id_1210,,0.0,Jinasena_MasterData_Common.res_company_jinasena_agricultural_machinery_pvt_ltd
tariff_rates_id_26392,10,1,0.0,RIDL,Duty,0.0,Jinasena_MasterData_Purchase.tariff_date_id_1210,,0.0,Jinasena_MasterData_Common.res_company_jinasena_agricultural_machinery_pvt_ltd
tariff_rates_id_26393,10,1,0.0,SRL,Duty,0.0,Jinasena_MasterData_Purchase.tariff_date_id_1210,,0.0,Jinasena_MasterData_Common.res_company_jinasena_agricultural_machinery_pvt_ltd
tariff_rates_id_26394,10,1,0.0,Surcharge,Duty,0.0,Jinasena_MasterData_Purchase.tariff_date_id_1210,,0.0,Jinasena_MasterData_Common.res_company_jinasena_agricultural_machinery_pvt_ltd
tariff_rates_id_26395,10,1,0.0,NBT,Taxes,0.0,Jinasena_MasterData_Purchase.tariff_date_id_1210,,0.0,Jinasena_MasterData_Common.res_company_jinasena_agricultural_machinery_pvt_ltd
tariff_rates_id_26396,10,1,0.0,NBT-N,Taxes,0.0,Jinasena_MasterData_Purchase.tariff_date_id_1210,,0.0,Jinasena_MasterData_Common.res_company_jinasena_agricultural_machinery_pvt_ltd
tariff_rates_id_26397,10,1,2.5,SSCL,Taxes,0.0,Jinasena_MasterData_Purchase.tariff_date_id_1210,,0.0,Jinasena_MasterData_Common.res_company_jinasena_agricultural_machinery_pvt_ltd
tariff_rates_id_26398,10,1,18.0,VAT-on-Item,Taxes,0.0,Jinasena_MasterData_Purchase.tariff_date_id_1210,,0.0,Jinasena_MasterData_Common.res_company_jinasena_agricultural_machinery_pvt_ltd
tariff_rates_id_26399,10,1,18.0,VAT-on-GL,Taxes,0.0,Jinasena_MasterData_Purchase.tariff_date_id_1210,,0.0,Jinasena_MasterData_Common.res_company_jinasena_agricultural_machinery_pvt_ltd
tariff_rates_id_26400,10,1,0.0,CID,Duty,0.0,Jinasena_MasterData_Purchase.tariff_date_id_1211,,0.0,Jinasena_MasterData_Common.res_company_jinasena_agricultural_machinery_pvt_ltd
tariff_rates_id_26401,10,1,0.0,EIC,Duty,0.0,Jinasena_MasterData_Purchase.tariff_date_id_1211,,0.0,Jinasena_MasterData_Common.res_company_jinasena_agricultural_machinery_pvt_ltd
tariff_rates_id_26402,10,1,0.0,ESC,Duty,0.0,Jinasena_MasterData_Purchase.tariff_date_id_1211,,0.0,Jinasena_MasterData_Common.res_company_jinasena_agricultural_machinery_pvt_ltd
tariff_rates_id_26403,10,1,0.0,Excise,Duty,0.0,Jinasena_MasterData_Purchase.tariff_date_id_1211,,0.0,Jinasena_MasterData_Common.res_company_jinasena_agricultural_machinery_pvt_ltd
tariff_rates_id_26404,10,1,10.0,PAL,Duty,0.0,Jinasena_MasterData_Purchase.tariff_date_id_1211,,0.0,Jinasena_MasterData_Common.res_company_jinasena_agricultural_machinery_pvt_ltd
tariff_rates_id_26405,10,1,0.0,RIDL,Duty,0.0,Jinasena_MasterData_Purchase.tariff_date_id_1211,,0.0,Jinasena_MasterData_Common.res_company_jinasena_agricultural_machinery_pvt_ltd
tariff_rates_id_26406,10,1,0.0,SRL,Duty,0.0,Jinasena_MasterData_Purchase.tariff_date_id_1211,,0.0,Jinasena_MasterData_Common.res_company_jinasena_agricultural_machinery_pvt_ltd
tariff_rates_id_26407,10,1,0.0,Surcharge,Duty,0.0,Jinasena_MasterData_Purchase.tariff_date_id_1211,,0.0,Jinasena_MasterData_Common.res_company_jinasena_agricultural_machinery_pvt_ltd
tariff_rates_id_26408,10,1,0.0,NBT,Taxes,0.0,Jinasena_MasterData_Purchase.tariff_date_id_1211,,0.0,Jinasena_MasterData_Common.res_company_jinasena_agricultural_machinery_pvt_ltd
tariff_rates_id_26409,10,1,0.0,NBT-N,Taxes,0.0,Jinasena_MasterData_Purchase.tariff_date_id_1211,,0.0,Jinasena_MasterData_Common.res_company_jinasena_agricultural_machinery_pvt_ltd
tariff_rates_id_26410,10,1,2.5,SSCL,Taxes,0.0,Jinasena_MasterData_Purchase.tariff_date_id_1211,,0.0,Jinasena_MasterData_Common.res_company_jinasena_agricultural_machinery_pvt_ltd
tariff_rates_id_26411,10,1,18.0,VAT-on-Item,Taxes,0.0,Jinasena_MasterData_Purchase.tariff_date_id_1211,,0.0,Jinasena_MasterData_Common.res_company_jinasena_agricultural_machinery_pvt_ltd
tariff_rates_id_26412,10,1,18.0,VAT-on-GL,Taxes,0.0,Jinasena_MasterData_Purchase.tariff_date_id_1211,,0.0,Jinasena_MasterData_Common.res_company_jinasena_agricultural_machinery_pvt_ltd
tariff_rates_id_26413,10,1,0.0,CID,Duty,0.0,Jinasena_MasterData_Purchase.tariff_date_id_1212,,0.0,Jinasena_MasterData_Common.res_company_jinasena_agricultural_machinery_pvt_ltd
tariff_rates_id_26414,10,1,0.0,EIC,Duty,0.0,Jinasena_MasterData_Purchase.tariff_date_id_1212,,0.0,Jinasena_MasterData_Common.res_company_jinasena_agricultural_machinery_pvt_ltd
tariff_rates_id_26415,10,1,0.0,ESC,Duty,0.0,Jinasena_MasterData_Purchase.tariff_date_id_1212,,0.0,Jinasena_MasterData_Common.res_company_jinasena_agricultural_machinery_pvt_ltd
tariff_rates_id_26416,10,1,0.0,Excise,Duty,0.0,Jinasena_MasterData_Purchase.tariff_date_id_1212,,0.0,Jinasena_MasterData_Common.res_company_jinasena_agricultural_machinery_pvt_ltd
tariff_rates_id_26417,10,1,10.0,PAL,Duty,0.0,Jinasena_MasterData_Purchase.tariff_date_id_1212,,0.0,Jinasena_MasterData_Common.res_company_jinasena_agricultural_machinery_pvt_ltd
tariff_rates_id_26418,10,1,0.0,RIDL,Duty,0.0,Jinasena_MasterData_Purchase.tariff_date_id_1212,,0.0,Jinasena_MasterData_Common.res_company_jinasena_agricultural_machinery_pvt_ltd
tariff_rates_id_26419,10,1,0.0,SRL,Duty,0.0,Jinasena_MasterData_Purchase.tariff_date_id_1212,,0.0,Jinasena_MasterData_Common.res_company_jinasena_agricultural_machinery_pvt_ltd
tariff_rates_id_26420,10,1,0.0,Surcharge,Duty,0.0,Jinasena_MasterData_Purchase.tariff_date_id_1212,,0.0,Jinasena_MasterData_Common.res_company_jinasena_agricultural_machinery_pvt_ltd
tariff_rates_id_26421,10,1,0.0,NBT,Taxes,0.0,Jinasena_MasterData_Purchase.tariff_date_id_1212,,0.0,Jinasena_MasterData_Common.res_company_jinasena_agricultural_machinery_pvt_ltd
tariff_rates_id_26422,10,1,0.0,NBT-N,Taxes,0.0,Jinasena_MasterData_Purchase.tariff_date_id_1212,,0.0,Jinasena_MasterData_Common.res_company_jinasena_agricultural_machinery_pvt_ltd
tariff_rates_id_26423,10,1,2.5,SSCL,Taxes,0.0,Jinasena_MasterData_Purchase.tariff_date_id_1212,,0.0,Jinasena_MasterData_Common.res_company_jinasena_agricultural_machinery_pvt_ltd
tariff_rates_id_26424,10,1,18.0,VAT-on-Item,Taxes,0.0,Jinasena_MasterData_Purchase.tariff_date_id_1212,,0.0,Jinasena_MasterData_Common.res_company_jinasena_agricultural_machinery_pvt_ltd
tariff_rates_id_26425,10,1,18.0,VAT-on-GL,Taxes,0.0,Jinasena_MasterData_Purchase.tariff_date_id_1212,,0.0,Jinasena_MasterData_Common.res_company_jinasena_agricultural_machinery_pvt_ltd
tariff_rates_id_26426,10,1,20.0,CID,Duty,0.0,Jinasena_MasterData_Purchase.tariff_date_id_1213,,0.0,Jinasena_MasterData_Common.res_company_jinasena_agricultural_machinery_pvt_ltd
tariff_rates_id_26427,10,1,0.0,EIC,Duty,0.0,Jinasena_MasterData_Purchase.tariff_date_id_1213,,0.0,Jinasena_MasterData_Common.res_company_jinasena_agricultural_machinery_pvt_ltd
tariff_rates_id_26428,10,1,0.0,ESC,Duty,0.0,Jinasena_MasterData_Purchase.tariff_date_id_1213,,0.0,Jinasena_MasterData_Common.res_company_jinasena_agricultural_machinery_pvt_ltd
tariff_rates_id_26429,10,1,0.0,Excise,Duty,0.0,Jinasena_MasterData_Purchase.tariff_date_id_1213,,0.0,Jinasena_MasterData_Common.res_company_jinasena_agricultural_machinery_pvt_ltd
tariff_rates_id_26430,10,1,10.0,PAL,Duty,0.0,Jinasena_MasterData_Purchase.tariff_date_id_1213,,0.0,Jinasena_MasterData_Common.res_company_jinasena_agricultural_machinery_pvt_ltd
tariff_rates_id_26431,10,1,0.0,RIDL,Duty,0.0,Jinasena_MasterData_Purchase.tariff_date_id_1213,,0.0,Jinasena_MasterData_Common.res_company_jinasena_agricultural_machinery_pvt_ltd
tariff_rates_id_26432,10,1,0.0,SRL,Duty,0.0,Jinasena_MasterData_Purchase.tariff_date_id_1213,,0.0,Jinasena_MasterData_Common.res_company_jinasena_agricultural_machinery_pvt_ltd
tariff_rates_id_26433,10,1,0.0,Surcharge,Duty,0.0,Jinasena_MasterData_Purchase.tariff_date_id_1213,,0.0,Jinasena_MasterData_Common.res_company_jinasena_agricultural_machinery_pvt_ltd
tariff_rates_id_26434,10,1,0.0,NBT,Taxes,0.0,Jinasena_MasterData_Purchase.tariff_date_id_1213,,0.0,Jinasena_MasterData_Common.res_company_jinasena_agricultural_machinery_pvt_ltd
tariff_rates_id_26435,10,1,0.0,NBT-N,Taxes,0.0,Jinasena_MasterData_Purchase.tariff_date_id_1213,,0.0,Jinasena_MasterData_Common.res_company_jinasena_agricultural_machinery_pvt_ltd
tariff_rates_id_26436,10,1,2.5,SSCL,Taxes,0.0,Jinasena_MasterData_Purchase.tariff_date_id_1213,,0.0,Jinasena_MasterData_Common.res_company_jinasena_agricultural_machinery_pvt_ltd
tariff_rates_id_26437,10,1,18.0,VAT-on-Item,Taxes,0.0,Jinasena_MasterData_Purchase.tariff_date_id_1213,,0.0,Jinasena_MasterData_Common.res_company_jinasena_agricultural_machinery_pvt_ltd
tariff_rates_id_26438,10,1,18.0,VAT-on-GL,Taxes,0.0,Jinasena_MasterData_Purchase.tariff_date_id_1213,,0.0,Jinasena_MasterData_Common.res_company_jinasena_agricultural_machinery_pvt_ltd
tariff_rates_id_26439,10,1,20.0,CID,Duty,0.0,Jinasena_MasterData_Purchase.tariff_date_id_1214,,0.0,Jinasena_MasterData_Common.res_company_jinasena_agricultural_machinery_pvt_ltd
tariff_rates_id_26440,10,1,0.0,EIC,Duty,0.0,Jinasena_MasterData_Purchase.tariff_date_id_1214,,0.0,Jinasena_MasterData_Common.res_company_jinasena_agricultural_machinery_pvt_ltd
tariff_rates_id_26441,10,1,0.0,ESC,Duty,0.0,Jinasena_MasterData_Purchase.tariff_date_id_1214,,0.0,Jinasena_MasterData_Common.res_company_jinasena_agricultural_machinery_pvt_ltd
tariff_rates_id_26442,10,1,0.0,Excise,Duty,0.0,Jinasena_MasterData_Purchase.tariff_date_id_1214,,0.0,Jinasena_MasterData_Common.res_company_jinasena_agricultural_machinery_pvt_ltd
tariff_rates_id_26443,10,1,10.0,PAL,Duty,0.0,Jinasena_MasterData_Purchase.tariff_date_id_1214,,0.0,Jinasena_MasterData_Common.res_company_jinasena_agricultural_machinery_pvt_ltd
tariff_rates_id_26444,10,1,0.0,RIDL,Duty,0.0,Jinasena_MasterData_Purchase.tariff_date_id_1214,,0.0,Jinasena_MasterData_Common.res_company_jinasena_agricultural_machinery_pvt_ltd
tariff_rates_id_26445,10,1,0.0,SRL,Duty,0.0,Jinasena_MasterData_Purchase.tariff_date_id_1214,,0.0,Jinasena_MasterData_Common.res_company_jinasena_agricultural_machinery_pvt_ltd
tariff_rates_id_26446,10,1,0.0,Surcharge,Duty,0.0,Jinasena_MasterData_Purchase.tariff_date_id_1214,,0.0,Jinasena_MasterData_Common.res_company_jinasena_agricultural_machinery_pvt_ltd
tariff_rates_id_26447,10,1,0.0,NBT,Taxes,0.0,Jinasena_MasterData_Purchase.tariff_date_id_1214,,0.0,Jinasena_MasterData_Common.res_company_jinasena_agricultural_machinery_pvt_ltd
tariff_rates_id_26448,10,1,0.0,NBT-N,Taxes,0.0,Jinasena_MasterData_Purchase.tariff_date_id_1214,,0.0,Jinasena_MasterData_Common.res_company_jinasena_agricultural_machinery_pvt_ltd
tariff_rates_id_26449,10,1,2.5,SSCL,Taxes,0.0,Jinasena_MasterData_Purchase.tariff_date_id_1214,,0.0,Jinasena_MasterData_Common.res_company_jinasena_agricultural_machinery_pvt_ltd
tariff_rates_id_26450,10,1,18.0,VAT-on-Item,Taxes,0.0,Jinasena_MasterData_Purchase.tariff_date_id_1214,,0.0,Jinasena_MasterData_Common.res_company_jinasena_agricultural_machinery_pvt_ltd
tariff_rates_id_26451,10,1,18.0,VAT-on-GL,Taxes,0.0,Jinasena_MasterData_Purchase.tariff_date_id_1214,,0.0,Jinasena_MasterData_Common.res_company_jinasena_agricultural_machinery_pvt_ltd
tariff_rates_id_26452,10,1,20.0,CID,Duty,0.0,Jinasena_MasterData_Purchase.tariff_date_id_1215,,0.0,Jinasena_MasterData_Common.res_company_jinasena_agricultural_machinery_pvt_ltd
tariff_rates_id_26453,10,1,0.0,EIC,Duty,0.0,Jinasena_MasterData_Purchase.tariff_date_id_1215,,0.0,Jinasena_MasterData_Common.res_company_jinasena_agricultural_machinery_pvt_ltd
tariff_rates_id_26454,10,1,0.0,ESC,Duty,0.0,Jinasena_MasterData_Purchase.tariff_date_id_1215,,0.0,Jinasena_MasterData_Common.res_company_jinasena_agricultural_machinery_pvt_ltd
tariff_rates_id_26455,10,1,0.0,Excise,Duty,0.0,Jinasena_MasterData_Purchase.tariff_date_id_1215,,0.0,Jinasena_MasterData_Common.res_company_jinasena_agricultural_machinery_pvt_ltd
tariff_rates_id_26456,10,1,10.0,PAL,Duty,0.0,Jinasena_MasterData_Purchase.tariff_date_id_1215,,0.0,Jinasena_MasterData_Common.res_company_jinasena_agricultural_machinery_pvt_ltd
tariff_rates_id_26457,10,1,0.0,RIDL,Duty,0.0,Jinasena_MasterData_Purchase.tariff_date_id_1215,,0.0,Jinasena_MasterData_Common.res_company_jinasena_agricultural_machinery_pvt_ltd
tariff_rates_id_26458,10,1,0.0,SRL,Duty,0.0,Jinasena_MasterData_Purchase.tariff_date_id_1215,,0.0,Jinasena_MasterData_Common.res_company_jinasena_agricultural_machinery_pvt_ltd
tariff_rates_id_26459,10,1,0.0,Surcharge,Duty,0.0,Jinasena_MasterData_Purchase.tariff_date_id_1215,,0.0,Jinasena_MasterData_Common.res_company_jinasena_agricultural_machinery_pvt_ltd
tariff_rates_id_26460,10,1,0.0,NBT,Taxes,0.0,Jinasena_MasterData_Purchase.tariff_date_id_1215,,0.0,Jinasena_MasterData_Common.res_company_jinasena_agricultural_machinery_pvt_ltd
tariff_rates_id_26461,10,1,0.0,NBT-N,Taxes,0.0,Jinasena_MasterData_Purchase.tariff_date_id_1215,,0.0,Jinasena_MasterData_Common.res_company_jinasena_agricultural_machinery_pvt_ltd
tariff_rates_id_26462,10,1,2.5,SSCL,Taxes,0.0,Jinasena_MasterData_Purchase.tariff_date_id_1215,,0.0,Jinasena_MasterData_Common.res_company_jinasena_agricultural_machinery_pvt_ltd
tariff_rates_id_26463,10,1,18.0,VAT-on-Item,Taxes,0.0,Jinasena_MasterData_Purchase.tariff_date_id_1215,,0.0,Jinasena_MasterData_Common.res_company_jinasena_agricultural_machinery_pvt_ltd
tariff_rates_id_26464,10,1,18.0,VAT-on-GL,Taxes,0.0,Jinasena_MasterData_Purchase.tariff_date_id_1215,,0.0,Jinasena_MasterData_Common.res_company_jinasena_agricultural_machinery_pvt_ltd
tariff_rates_id_26465,10,1,20.0,CID,Duty,0.0,Jinasena_MasterData_Purchase.tariff_date_id_1216,,0.0,Jinasena_MasterData_Common.res_company_jinasena_agricultural_machinery_pvt_ltd
tariff_rates_id_26466,10,1,10.0,EIC,Duty,0.0,Jinasena_MasterData_Purchase.tariff_date_id_1216,,0.0,Jinasena_MasterData_Common.res_company_jinasena_agricultural_machinery_pvt_ltd
tariff_rates_id_26467,10,1,0.0,ESC,Duty,0.0,Jinasena_MasterData_Purchase.tariff_date_id_1216,,0.0,Jinasena_MasterData_Common.res_company_jinasena_agricultural_machinery_pvt_ltd
tariff_rates_id_26468,10,1,0.0,Excise,Duty,0.0,Jinasena_MasterData_Purchase.tariff_date_id_1216,,0.0,Jinasena_MasterData_Common.res_company_jinasena_agricultural_machinery_pvt_ltd
tariff_rates_id_26469,10,1,10.0,PAL,Duty,0.0,Jinasena_MasterData_Purchase.tariff_date_id_1216,,0.0,Jinasena_MasterData_Common.res_company_jinasena_agricultural_machinery_pvt_ltd
tariff_rates_id_26470,10,1,0.0,RIDL,Duty,0.0,Jinasena_MasterData_Purchase.tariff_date_id_1216,,0.0,Jinasena_MasterData_Common.res_company_jinasena_agricultural_machinery_pvt_ltd
tariff_rates_id_26471,10,1,0.0,SRL,Duty,0.0,Jinasena_MasterData_Purchase.tariff_date_id_1216,,0.0,Jinasena_MasterData_Common.res_company_jinasena_agricultural_machinery_pvt_ltd
tariff_rates_id_26472,10,1,0.0,Surcharge,Duty,0.0,Jinasena_MasterData_Purchase.tariff_date_id_1216,,0.0,Jinasena_MasterData_Common.res_company_jinasena_agricultural_machinery_pvt_ltd
tariff_rates_id_26473,10,1,0.0,NBT,Taxes,0.0,Jinasena_MasterData_Purchase.tariff_date_id_1216,,0.0,Jinasena_MasterData_Common.res_company_jinasena_agricultural_machinery_pvt_ltd
tariff_rates_id_26474,10,1,0.0,NBT-N,Taxes,0.0,Jinasena_MasterData_Purchase.tariff_date_id_1216,,0.0,Jinasena_MasterData_Common.res_company_jinasena_agricultural_machinery_pvt_ltd
tariff_rates_id_26475,10,1,2.5,SSCL,Taxes,0.0,Jinasena_MasterData_Purchase.tariff_date_id_1216,,0.0,Jinasena_MasterData_Common.res_company_jinasena_agricultural_machinery_pvt_ltd
tariff_rates_id_26476,10,1,18.0,VAT-on-Item,Taxes,0.0,Jinasena_MasterData_Purchase.tariff_date_id_1216,,0.0,Jinasena_MasterData_Common.res_company_jinasena_agricultural_machinery_pvt_ltd
tariff_rates_id_26477,10,1,18.0,VAT-on-GL,Taxes,0.0,Jinasena_MasterData_Purchase.tariff_date_id_1216,,0.0,Jinasena_MasterData_Common.res_company_jinasena_agricultural_machinery_pvt_ltd
tariff_rates_id_26478,10,1,0.0,CID,Duty,0.0,Jinasena_MasterData_Purchase.tariff_date_id_1217,,0.0,Jinasena_MasterData_Common.res_company_jinasena_agricultural_machinery_pvt_ltd
tariff_rates_id_26479,10,1,0.0,EIC,Duty,0.0,Jinasena_MasterData_Purchase.tariff_date_id_1217,,0.0,Jinasena_MasterData_Common.res_company_jinasena_agricultural_machinery_pvt_ltd
tariff_rates_id_26480,10,1,0.0,ESC,Duty,0.0,Jinasena_MasterData_Purchase.tariff_date_id_1217,,0.0,Jinasena_MasterData_Common.res_company_jinasena_agricultural_machinery_pvt_ltd
tariff_rates_id_26481,10,1,0.0,Excise,Duty,0.0,Jinasena_MasterData_Purchase.tariff_date_id_1217,,0.0,Jinasena_MasterData_Common.res_company_jinasena_agricultural_machinery_pvt_ltd
tariff_rates_id_26482,10,1,10.0,PAL,Duty,0.0,Jinasena_MasterData_Purchase.tariff_date_id_1217,,0.0,Jinasena_MasterData_Common.res_company_jinasena_agricultural_machinery_pvt_ltd
tariff_rates_id_26483,10,1,0.0,RIDL,Duty,0.0,Jinasena_MasterData_Purchase.tariff_date_id_1217,,0.0,Jinasena_MasterData_Common.res_company_jinasena_agricultural_machinery_pvt_ltd
tariff_rates_id_26484,10,1,0.0,SRL,Duty,0.0,Jinasena_MasterData_Purchase.tariff_date_id_1217,,0.0,Jinasena_MasterData_Common.res_company_jinasena_agricultural_machinery_pvt_ltd
tariff_rates_id_26485,10,1,0.0,Surcharge,Duty,0.0,Jinasena_MasterData_Purchase.tariff_date_id_1217,,0.0,Jinasena_MasterData_Common.res_company_jinasena_agricultural_machinery_pvt_ltd
tariff_rates_id_26486,10,1,0.0,NBT,Taxes,0.0,Jinasena_MasterData_Purchase.tariff_date_id_1217,,0.0,Jinasena_MasterData_Common.res_company_jinasena_agricultural_machinery_pvt_ltd
tariff_rates_id_26487,10,1,0.0,NBT-N,Taxes,0.0,Jinasena_MasterData_Purchase.tariff_date_id_1217,,0.0,Jinasena_MasterData_Common.res_company_jinasena_agricultural_machinery_pvt_ltd
tariff_rates_id_26488,10,1,2.5,SSCL,Taxes,0.0,Jinasena_MasterData_Purchase.tariff_date_id_1217,,0.0,Jinasena_MasterData_Common.res_company_jinasena_agricultural_machinery_pvt_ltd
tariff_rates_id_26489,10,1,15.0,VAT-on-Item,Taxes,0.0,Jinasena_MasterData_Purchase.tariff_date_id_1217,,0.0,Jinasena_MasterData_Common.res_company_jinasena_agricultural_machinery_pvt_ltd
tariff_rates_id_26490,10,1,15.0,VAT-on-GL,Taxes,0.0,Jinasena_MasterData_Purchase.tariff_date_id_1217,,0.0,Jinasena_MasterData_Common.res_company_jinasena_agricultural_machinery_pvt_ltd
tariff_rates_id_26491,10,1,0.0,CID,Duty,0.0,Jinasena_MasterData_Purchase.tariff_date_id_1218,,0.0,Jinasena_MasterData_Common.res_company_jinasena_agricultural_machinery_pvt_ltd
tariff_rates_id_26492,10,1,0.0,EIC,Duty,0.0,Jinasena_MasterData_Purchase.tariff_date_id_1218,,0.0,Jinasena_MasterData_Common.res_company_jinasena_agricultural_machinery_pvt_ltd
tariff_rates_id_26493,10,1,0.0,ESC,Duty,0.0,Jinasena_MasterData_Purchase.tariff_date_id_1218,,0.0,Jinasena_MasterData_Common.res_company_jinasena_agricultural_machinery_pvt_ltd
tariff_rates_id_26494,10,1,0.0,Excise,Duty,0.0,Jinasena_MasterData_Purchase.tariff_date_id_1218,,0.0,Jinasena_MasterData_Common.res_company_jinasena_agricultural_machinery_pvt_ltd
tariff_rates_id_26495,10,1,10.0,PAL,Duty,0.0,Jinasena_MasterData_Purchase.tariff_date_id_1218,,0.0,Jinasena_MasterData_Common.res_company_jinasena_agricultural_machinery_pvt_ltd
tariff_rates_id_26496,10,1,0.0,RIDL,Duty,0.0,Jinasena_MasterData_Purchase.tariff_date_id_1218,,0.0,Jinasena_MasterData_Common.res_company_jinasena_agricultural_machinery_pvt_ltd
tariff_rates_id_26497,10,1,0.0,SRL,Duty,0.0,Jinasena_MasterData_Purchase.tariff_date_id_1218,,0.0,Jinasena_MasterData_Common.res_company_jinasena_agricultural_machinery_pvt_ltd
tariff_rates_id_26498,10,1,0.0,Surcharge,Duty,0.0,Jinasena_MasterData_Purchase.tariff_date_id_1218,,0.0,Jinasena_MasterData_Common.res_company_jinasena_agricultural_machinery_pvt_ltd
tariff_rates_id_26499,10,1,0.0,NBT,Taxes,0.0,Jinasena_MasterData_Purchase.tariff_date_id_1218,,0.0,Jinasena_MasterData_Common.res_company_jinasena_agricultural_machinery_pvt_ltd
tariff_rates_id_26500,10,1,0.0,NBT-N,Taxes,0.0,Jinasena_MasterData_Purchase.tariff_date_id_1218,,0.0,Jinasena_MasterData_Common.res_company_jinasena_agricultural_machinery_pvt_ltd
tariff_rates_id_26501,10,1,0.0,SSCL,Taxes,0.0,Jinasena_MasterData_Purchase.tariff_date_id_1218,,0.0,Jinasena_MasterData_Common.res_company_jinasena_agricultural_machinery_pvt_ltd
tariff_rates_id_26502,10,1,12.0,VAT-on-Item,Taxes,0.0,Jinasena_MasterData_Purchase.tariff_date_id_1218,,0.0,Jinasena_MasterData_Common.res_company_jinasena_agricultural_machinery_pvt_ltd
tariff_rates_id_26503,10,1,12.0,VAT-on-GL,Taxes,0.0,Jinasena_MasterData_Purchase.tariff_date_id_1218,,0.0,Jinasena_MasterData_Common.res_company_jinasena_agricultural_machinery_pvt_ltd
tariff_rates_id_26504,10,1,0.0,CID,Duty,0.0,Jinasena_MasterData_Purchase.tariff_date_id_1219,,0.0,Jinasena_MasterData_Common.res_company_jinasena_agricultural_machinery_pvt_ltd
tariff_rates_id_26505,10,1,0.0,EIC,Duty,0.0,Jinasena_MasterData_Purchase.tariff_date_id_1219,,0.0,Jinasena_MasterData_Common.res_company_jinasena_agricultural_machinery_pvt_ltd
tariff_rates_id_26506,10,1,0.0,ESC,Duty,0.0,Jinasena_MasterData_Purchase.tariff_date_id_1219,,0.0,Jinasena_MasterData_Common.res_company_jinasena_agricultural_machinery_pvt_ltd
tariff_rates_id_26507,10,1,0.0,Excise,Duty,0.0,Jinasena_MasterData_Purchase.tariff_date_id_1219,,0.0,Jinasena_MasterData_Common.res_company_jinasena_agricultural_machinery_pvt_ltd
tariff_rates_id_26508,10,1,10.0,PAL,Duty,0.0,Jinasena_MasterData_Purchase.tariff_date_id_1219,,0.0,Jinasena_MasterData_Common.res_company_jinasena_agricultural_machinery_pvt_ltd
tariff_rates_id_26509,10,1,0.0,RIDL,Duty,0.0,Jinasena_MasterData_Purchase.tariff_date_id_1219,,0.0,Jinasena_MasterData_Common.res_company_jinasena_agricultural_machinery_pvt_ltd
tariff_rates_id_26510,10,1,0.0,SRL,Duty,0.0,Jinasena_MasterData_Purchase.tariff_date_id_1219,,0.0,Jinasena_MasterData_Common.res_company_jinasena_agricultural_machinery_pvt_ltd
tariff_rates_id_26511,10,1,0.0,Surcharge,Duty,0.0,Jinasena_MasterData_Purchase.tariff_date_id_1219,,0.0,Jinasena_MasterData_Common.res_company_jinasena_agricultural_machinery_pvt_ltd
tariff_rates_id_26512,10,1,0.0,NBT,Taxes,0.0,Jinasena_MasterData_Purchase.tariff_date_id_1219,,0.0,Jinasena_MasterData_Common.res_company_jinasena_agricultural_machinery_pvt_ltd
tariff_rates_id_26513,10,1,0.0,NBT-N,Taxes,0.0,Jinasena_MasterData_Purchase.tariff_date_id_1219,,0.0,Jinasena_MasterData_Common.res_company_jinasena_agricultural_machinery_pvt_ltd
tariff_rates_id_26514,10,1,2.5,SSCL,Taxes,0.0,Jinasena_MasterData_Purchase.tariff_date_id_1219,,0.0,Jinasena_MasterData_Common.res_company_jinasena_agricultural_machinery_pvt_ltd
tariff_rates_id_26515,10,1,15.0,VAT-on-Item,Taxes,0.0,Jinasena_MasterData_Purchase.tariff_date_id_1219,,0.0,Jinasena_MasterData_Common.res_company_jinasena_agricultural_machinery_pvt_ltd
tariff_rates_id_26516,10,1,15.0,VAT-on-GL,Taxes,0.0,Jinasena_MasterData_Purchase.tariff_date_id_1219,,0.0,Jinasena_MasterData_Common.res_company_jinasena_agricultural_machinery_pvt_ltd
tariff_rates_id_26517,10,1,15.0,CID,Duty,0.0,Jinasena_MasterData_Purchase.tariff_date_id_1220,,0.0,Jinasena_MasterData_Common.res_company_jinasena_agricultural_machinery_pvt_ltd
tariff_rates_id_26518,10,1,0.691,EIC,Duty,0.0,Jinasena_MasterData_Purchase.tariff_date_id_1220,,0.0,Jinasena_MasterData_Common.res_company_jinasena_agricultural_machinery_pvt_ltd
tariff_rates_id_26519,10,1,0.0,ESC,Duty,0.0,Jinasena_MasterData_Purchase.tariff_date_id_1220,,0.0,Jinasena_MasterData_Common.res_company_jinasena_agricultural_machinery_pvt_ltd
tariff_rates_id_26520,10,1,0.0,Excise,Duty,0.0,Jinasena_MasterData_Purchase.tariff_date_id_1220,,0.0,Jinasena_MasterData_Common.res_company_jinasena_agricultural_machinery_pvt_ltd
tariff_rates_id_26521,10,1,10.0,PAL,Duty,0.0,Jinasena_MasterData_Purchase.tariff_date_id_1220,,0.0,Jinasena_MasterData_Common.res_company_jinasena_agricultural_machinery_pvt_ltd
tariff_rates_id_26522,10,1,0.0,RIDL,Duty,0.0,Jinasena_MasterData_Purchase.tariff_date_id_1220,,0.0,Jinasena_MasterData_Common.res_company_jinasena_agricultural_machinery_pvt_ltd
tariff_rates_id_26523,10,1,0.0,SRL,Duty,0.0,Jinasena_MasterData_Purchase.tariff_date_id_1220,,0.0,Jinasena_MasterData_Common.res_company_jinasena_agricultural_machinery_pvt_ltd
tariff_rates_id_26524,10,1,0.0,Surcharge,Duty,0.0,Jinasena_MasterData_Purchase.tariff_date_id_1220,,0.0,Jinasena_MasterData_Common.res_company_jinasena_agricultural_machinery_pvt_ltd
tariff_rates_id_26525,10,1,0.0,NBT,Taxes,0.0,Jinasena_MasterData_Purchase.tariff_date_id_1220,,0.0,Jinasena_MasterData_Common.res_company_jinasena_agricultural_machinery_pvt_ltd
tariff_rates_id_26526,10,1,0.0,NBT-N,Taxes,0.0,Jinasena_MasterData_Purchase.tariff_date_id_1220,,0.0,Jinasena_MasterData_Common.res_company_jinasena_agricultural_machinery_pvt_ltd
tariff_rates_id_26527,10,1,0.0,SSCL,Taxes,0.0,Jinasena_MasterData_Purchase.tariff_date_id_1220,,0.0,Jinasena_MasterData_Common.res_company_jinasena_agricultural_machinery_pvt_ltd
tariff_rates_id_26528,10,1,12.0,VAT-on-Item,Taxes,0.0,Jinasena_MasterData_Purchase.tariff_date_id_1220,,0.0,Jinasena_MasterData_Common.res_company_jinasena_agricultural_machinery_pvt_ltd
tariff_rates_id_26529,10,1,12.0,VAT-on-GL,Taxes,0.0,Jinasena_MasterData_Purchase.tariff_date_id_1220,,0.0,Jinasena_MasterData_Common.res_company_jinasena_agricultural_machinery_pvt_ltd
tariff_rates_id_26530,10,1,20.0,CID,Duty,0.0,Jinasena_MasterData_Purchase.tariff_date_id_1221,,0.0,Jinasena_MasterData_Common.res_company_jinasena_agricultural_machinery_pvt_ltd
tariff_rates_id_26531,10,1,0.0,EIC,Duty,0.0,Jinasena_MasterData_Purchase.tariff_date_id_1221,,0.0,Jinasena_MasterData_Common.res_company_jinasena_agricultural_machinery_pvt_ltd
tariff_rates_id_26532,10,1,0.0,ESC,Duty,0.0,Jinasena_MasterData_Purchase.tariff_date_id_1221,,0.0,Jinasena_MasterData_Common.res_company_jinasena_agricultural_machinery_pvt_ltd
tariff_rates_id_26533,10,1,0.0,Excise,Duty,0.0,Jinasena_MasterData_Purchase.tariff_date_id_1221,,0.0,Jinasena_MasterData_Common.res_company_jinasena_agricultural_machinery_pvt_ltd
tariff_rates_id_26534,10,1,5.0,PAL,Duty,0.0,Jinasena_MasterData_Purchase.tariff_date_id_1221,,0.0,Jinasena_MasterData_Common.res_company_jinasena_agricultural_machinery_pvt_ltd
tariff_rates_id_26535,10,1,0.0,RIDL,Duty,0.0,Jinasena_MasterData_Purchase.tariff_date_id_1221,,0.0,Jinasena_MasterData_Common.res_company_jinasena_agricultural_machinery_pvt_ltd
tariff_rates_id_26536,10,1,0.0,SRL,Duty,0.0,Jinasena_MasterData_Purchase.tariff_date_id_1221,,0.0,Jinasena_MasterData_Common.res_company_jinasena_agricultural_machinery_pvt_ltd
tariff_rates_id_26537,10,1,0.0,Surcharge,Duty,0.0,Jinasena_MasterData_Purchase.tariff_date_id_1221,,0.0,Jinasena_MasterData_Common.res_company_jinasena_agricultural_machinery_pvt_ltd
tariff_rates_id_26538,10,1,0.0,NBT,Taxes,0.0,Jinasena_MasterData_Purchase.tariff_date_id_1221,,0.0,Jinasena_MasterData_Common.res_company_jinasena_agricultural_machinery_pvt_ltd
tariff_rates_id_26539,10,1,0.0,NBT-N,Taxes,0.0,Jinasena_MasterData_Purchase.tariff_date_id_1221,,0.0,Jinasena_MasterData_Common.res_company_jinasena_agricultural_machinery_pvt_ltd
tariff_rates_id_26540,10,1,2.5,SSCL,Taxes,0.0,Jinasena_MasterData_Purchase.tariff_date_id_1221,,0.0,Jinasena_MasterData_Common.res_company_jinasena_agricultural_machinery_pvt_ltd
tariff_rates_id_26541,10,1,18.0,VAT-on-Item,Taxes,0.0,Jinasena_MasterData_Purchase.tariff_date_id_1221,,0.0,Jinasena_MasterData_Common.res_company_jinasena_agricultural_machinery_pvt_ltd
tariff_rates_id_26542,10,1,18.0,VAT-on-GL,Taxes,0.0,Jinasena_MasterData_Purchase.tariff_date_id_1221,,0.0,Jinasena_MasterData_Common.res_company_jinasena_agricultural_machinery_pvt_ltd
tariff_rates_id_26543,10,1,20.0,CID,Duty,0.0,Jinasena_MasterData_Purchase.tariff_date_id_1222,,0.0,Jinasena_MasterData_Common.res_company_jinasena_agricultural_machinery_pvt_ltd
tariff_rates_id_26544,10,1,0.0,EIC,Duty,0.0,Jinasena_MasterData_Purchase.tariff_date_id_1222,,0.0,Jinasena_MasterData_Common.res_company_jinasena_agricultural_machinery_pvt_ltd
tariff_rates_id_26545,10,1,0.0,ESC,Duty,0.0,Jinasena_MasterData_Purchase.tariff_date_id_1222,,0.0,Jinasena_MasterData_Common.res_company_jinasena_agricultural_machinery_pvt_ltd
tariff_rates_id_26546,10,1,0.0,Excise,Duty,0.0,Jinasena_MasterData_Purchase.tariff_date_id_1222,,0.0,Jinasena_MasterData_Common.res_company_jinasena_agricultural_machinery_pvt_ltd
tariff_rates_id_26547,10,1,5.0,PAL,Duty,0.0,Jinasena_MasterData_Purchase.tariff_date_id_1222,,0.0,Jinasena_MasterData_Common.res_company_jinasena_agricultural_machinery_pvt_ltd
tariff_rates_id_26548,10,1,0.0,RIDL,Duty,0.0,Jinasena_MasterData_Purchase.tariff_date_id_1222,,0.0,Jinasena_MasterData_Common.res_company_jinasena_agricultural_machinery_pvt_ltd
tariff_rates_id_26549,10,1,0.0,SRL,Duty,0.0,Jinasena_MasterData_Purchase.tariff_date_id_1222,,0.0,Jinasena_MasterData_Common.res_company_jinasena_agricultural_machinery_pvt_ltd
tariff_rates_id_26550,10,1,0.0,Surcharge,Duty,0.0,Jinasena_MasterData_Purchase.tariff_date_id_1222,,0.0,Jinasena_MasterData_Common.res_company_jinasena_agricultural_machinery_pvt_ltd
tariff_rates_id_26551,10,1,0.0,NBT,Taxes,0.0,Jinasena_MasterData_Purchase.tariff_date_id_1222,,0.0,Jinasena_MasterData_Common.res_company_jinasena_agricultural_machinery_pvt_ltd
tariff_rates_id_26552,10,1,0.0,NBT-N,Taxes,0.0,Jinasena_MasterData_Purchase.tariff_date_id_1222,,0.0,Jinasena_MasterData_Common.res_company_jinasena_agricultural_machinery_pvt_ltd
tariff_rates_id_26553,10,1,2.5,SSCL,Taxes,0.0,Jinasena_MasterData_Purchase.tariff_date_id_1222,,0.0,Jinasena_MasterData_Common.res_company_jinasena_agricultural_machinery_pvt_ltd
tariff_rates_id_26554,10,1,18.0,VAT-on-Item,Taxes,0.0,Jinasena_MasterData_Purchase.tariff_date_id_1222,,0.0,Jinasena_MasterData_Common.res_company_jinasena_agricultural_machinery_pvt_ltd
tariff_rates_id_26555,10,1,18.0,VAT-on-GL,Taxes,0.0,Jinasena_MasterData_Purchase.tariff_date_id_1222,,0.0,Jinasena_MasterData_Common.res_company_jinasena_agricultural_machinery_pvt_ltd
tariff_rates_id_26556,10,1,0.0,CID,Duty,0.0,Jinasena_MasterData_Purchase.tariff_date_id_1223,,0.0,Jinasena_MasterData_Common.res_company_jinasena_agricultural_machinery_pvt_ltd
tariff_rates_id_26557,10,1,0.0,EIC,Duty,0.0,Jinasena_MasterData_Purchase.tariff_date_id_1223,,0.0,Jinasena_MasterData_Common.res_company_jinasena_agricultural_machinery_pvt_ltd
tariff_rates_id_26558,10,1,0.0,ESC,Duty,0.0,Jinasena_MasterData_Purchase.tariff_date_id_1223,,0.0,Jinasena_MasterData_Common.res_company_jinasena_agricultural_machinery_pvt_ltd
tariff_rates_id_26559,10,1,0.0,Excise,Duty,0.0,Jinasena_MasterData_Purchase.tariff_date_id_1223,,0.0,Jinasena_MasterData_Common.res_company_jinasena_agricultural_machinery_pvt_ltd
tariff_rates_id_26560,10,1,5.0,PAL,Duty,0.0,Jinasena_MasterData_Purchase.tariff_date_id_1223,,0.0,Jinasena_MasterData_Common.res_company_jinasena_agricultural_machinery_pvt_ltd
tariff_rates_id_26561,10,1,0.0,RIDL,Duty,0.0,Jinasena_MasterData_Purchase.tariff_date_id_1223,,0.0,Jinasena_MasterData_Common.res_company_jinasena_agricultural_machinery_pvt_ltd
tariff_rates_id_26562,10,1,0.0,SRL,Duty,0.0,Jinasena_MasterData_Purchase.tariff_date_id_1223,,0.0,Jinasena_MasterData_Common.res_company_jinasena_agricultural_machinery_pvt_ltd
tariff_rates_id_26563,10,1,0.0,Surcharge,Duty,0.0,Jinasena_MasterData_Purchase.tariff_date_id_1223,,0.0,Jinasena_MasterData_Common.res_company_jinasena_agricultural_machinery_pvt_ltd
tariff_rates_id_26564,10,1,0.0,NBT,Taxes,0.0,Jinasena_MasterData_Purchase.tariff_date_id_1223,,0.0,Jinasena_MasterData_Common.res_company_jinasena_agricultural_machinery_pvt_ltd
tariff_rates_id_26565,10,1,0.0,NBT-N,Taxes,0.0,Jinasena_MasterData_Purchase.tariff_date_id_1223,,0.0,Jinasena_MasterData_Common.res_company_jinasena_agricultural_machinery_pvt_ltd
tariff_rates_id_26566,10,1,0.0,SSCL,Taxes,0.0,Jinasena_MasterData_Purchase.tariff_date_id_1223,,0.0,Jinasena_MasterData_Common.res_company_jinasena_agricultural_machinery_pvt_ltd
tariff_rates_id_26567,10,1,12.0,VAT-on-Item,Taxes,0.0,Jinasena_MasterData_Purchase.tariff_date_id_1223,,0.0,Jinasena_MasterData_Common.res_company_jinasena_agricultural_machinery_pvt_ltd
tariff_rates_id_26568,10,1,12.0,VAT-on-GL,Taxes,0.0,Jinasena_MasterData_Purchase.tariff_date_id_1223,,0.0,Jinasena_MasterData_Common.res_company_jinasena_agricultural_machinery_pvt_ltd
tariff_rates_id_26569,10,1,0.0,CID,Duty,0.0,Jinasena_MasterData_Purchase.tariff_date_id_1224,,0.0,Jinasena_MasterData_Common.res_company_jinasena_agricultural_machinery_pvt_ltd
tariff_rates_id_26570,10,1,0.0,EIC,Duty,0.0,Jinasena_MasterData_Purchase.tariff_date_id_1224,,0.0,Jinasena_MasterData_Common.res_company_jinasena_agricultural_machinery_pvt_ltd
tariff_rates_id_26571,10,1,0.0,ESC,Duty,0.0,Jinasena_MasterData_Purchase.tariff_date_id_1224,,0.0,Jinasena_MasterData_Common.res_company_jinasena_agricultural_machinery_pvt_ltd
tariff_rates_id_26572,10,1,0.0,Excise,Duty,0.0,Jinasena_MasterData_Purchase.tariff_date_id_1224,,0.0,Jinasena_MasterData_Common.res_company_jinasena_agricultural_machinery_pvt_ltd
tariff_rates_id_26573,10,1,7.5,PAL,Duty,0.0,Jinasena_MasterData_Purchase.tariff_date_id_1224,,0.0,Jinasena_MasterData_Common.res_company_jinasena_agricultural_machinery_pvt_ltd
tariff_rates_id_26574,10,1,0.0,RIDL,Duty,0.0,Jinasena_MasterData_Purchase.tariff_date_id_1224,,0.0,Jinasena_MasterData_Common.res_company_jinasena_agricultural_machinery_pvt_ltd
tariff_rates_id_26575,10,1,0.0,SRL,Duty,0.0,Jinasena_MasterData_Purchase.tariff_date_id_1224,,0.0,Jinasena_MasterData_Common.res_company_jinasena_agricultural_machinery_pvt_ltd
tariff_rates_id_26576,10,1,0.0,Surcharge,Duty,0.0,Jinasena_MasterData_Purchase.tariff_date_id_1224,,0.0,Jinasena_MasterData_Common.res_company_jinasena_agricultural_machinery_pvt_ltd
tariff_rates_id_26577,10,1,0.0,NBT,Taxes,0.0,Jinasena_MasterData_Purchase.tariff_date_id_1224,,0.0,Jinasena_MasterData_Common.res_company_jinasena_agricultural_machinery_pvt_ltd
tariff_rates_id_26578,10,1,0.0,NBT-N,Taxes,0.0,Jinasena_MasterData_Purchase.tariff_date_id_1224,,0.0,Jinasena_MasterData_Common.res_company_jinasena_agricultural_machinery_pvt_ltd
tariff_rates_id_26579,10,1,2.5,SSCL,Taxes,0.0,Jinasena_MasterData_Purchase.tariff_date_id_1224,,0.0,Jinasena_MasterData_Common.res_company_jinasena_agricultural_machinery_pvt_ltd
tariff_rates_id_26580,10,1,18.0,VAT-on-Item,Taxes,0.0,Jinasena_MasterData_Purchase.tariff_date_id_1224,,0.0,Jinasena_MasterData_Common.res_company_jinasena_agricultural_machinery_pvt_ltd
tariff_rates_id_26581,10,1,18.0,VAT-on-GL,Taxes,0.0,Jinasena_MasterData_Purchase.tariff_date_id_1224,,0.0,Jinasena_MasterData_Common.res_company_jinasena_agricultural_machinery_pvt_ltd
tariff_rates_id_26582,10,1,0.0,CID,Duty,0.0,Jinasena_MasterData_Purchase.tariff_date_id_1225,,0.0,Jinasena_MasterData_Common.res_company_jinasena_agricultural_machinery_pvt_ltd
tariff_rates_id_26583,10,1,0.0,EIC,Duty,0.0,Jinasena_MasterData_Purchase.tariff_date_id_1225,,0.0,Jinasena_MasterData_Common.res_company_jinasena_agricultural_machinery_pvt_ltd
tariff_rates_id_26584,10,1,0.0,ESC,Duty,0.0,Jinasena_MasterData_Purchase.tariff_date_id_1225,,0.0,Jinasena_MasterData_Common.res_company_jinasena_agricultural_machinery_pvt_ltd
tariff_rates_id_26585,10,1,0.0,Excise,Duty,0.0,Jinasena_MasterData_Purchase.tariff_date_id_1225,,0.0,Jinasena_MasterData_Common.res_company_jinasena_agricultural_machinery_pvt_ltd
tariff_rates_id_26586,10,1,7.5,PAL,Duty,0.0,Jinasena_MasterData_Purchase.tariff_date_id_1225,,0.0,Jinasena_MasterData_Common.res_company_jinasena_agricultural_machinery_pvt_ltd
tariff_rates_id_26587,10,1,0.0,RIDL,Duty,0.0,Jinasena_MasterData_Purchase.tariff_date_id_1225,,0.0,Jinasena_MasterData_Common.res_company_jinasena_agricultural_machinery_pvt_ltd
tariff_rates_id_26588,10,1,0.0,SRL,Duty,0.0,Jinasena_MasterData_Purchase.tariff_date_id_1225,,0.0,Jinasena_MasterData_Common.res_company_jinasena_agricultural_machinery_pvt_ltd
tariff_rates_id_26589,10,1,0.0,Surcharge,Duty,0.0,Jinasena_MasterData_Purchase.tariff_date_id_1225,,0.0,Jinasena_MasterData_Common.res_company_jinasena_agricultural_machinery_pvt_ltd
tariff_rates_id_26590,10,1,2.0,NBT,Taxes,0.0,Jinasena_MasterData_Purchase.tariff_date_id_1225,,0.0,Jinasena_MasterData_Common.res_company_jinasena_agricultural_machinery_pvt_ltd
tariff_rates_id_26591,10,1,2.0,NBT-N,Taxes,0.0,Jinasena_MasterData_Purchase.tariff_date_id_1225,,0.0,Jinasena_MasterData_Common.res_company_jinasena_agricultural_machinery_pvt_ltd
tariff_rates_id_26592,10,1,2.5,SSCL,Taxes,0.0,Jinasena_MasterData_Purchase.tariff_date_id_1225,,0.0,Jinasena_MasterData_Common.res_company_jinasena_agricultural_machinery_pvt_ltd
tariff_rates_id_26593,10,1,15.0,VAT-on-Item,Taxes,0.0,Jinasena_MasterData_Purchase.tariff_date_id_1225,,0.0,Jinasena_MasterData_Common.res_company_jinasena_agricultural_machinery_pvt_ltd
tariff_rates_id_26594,10,1,15.0,VAT-on-GL,Taxes,0.0,Jinasena_MasterData_Purchase.tariff_date_id_1225,,0.0,Jinasena_MasterData_Common.res_company_jinasena_agricultural_machinery_pvt_ltd
tariff_rates_id_26595,10,1,0.0,CID,Duty,0.0,Jinasena_MasterData_Purchase.tariff_date_id_1226,,0.0,Jinasena_MasterData_Common.res_company_jinasena_agricultural_machinery_pvt_ltd
tariff_rates_id_26596,10,1,0.0,EIC,Duty,0.0,Jinasena_MasterData_Purchase.tariff_date_id_1226,,0.0,Jinasena_MasterData_Common.res_company_jinasena_agricultural_machinery_pvt_ltd
tariff_rates_id_26597,10,1,0.0,ESC,Duty,0.0,Jinasena_MasterData_Purchase.tariff_date_id_1226,,0.0,Jinasena_MasterData_Common.res_company_jinasena_agricultural_machinery_pvt_ltd
tariff_rates_id_26598,10,1,0.0,Excise,Duty,0.0,Jinasena_MasterData_Purchase.tariff_date_id_1226,,0.0,Jinasena_MasterData_Common.res_company_jinasena_agricultural_machinery_pvt_ltd
tariff_rates_id_26599,10,1,7.5,PAL,Duty,0.0,Jinasena_MasterData_Purchase.tariff_date_id_1226,,0.0,Jinasena_MasterData_Common.res_company_jinasena_agricultural_machinery_pvt_ltd
tariff_rates_id_26600,10,1,0.0,RIDL,Duty,0.0,Jinasena_MasterData_Purchase.tariff_date_id_1226,,0.0,Jinasena_MasterData_Common.res_company_jinasena_agricultural_machinery_pvt_ltd
tariff_rates_id_26601,10,1,0.0,SRL,Duty,0.0,Jinasena_MasterData_Purchase.tariff_date_id_1226,,0.0,Jinasena_MasterData_Common.res_company_jinasena_agricultural_machinery_pvt_ltd
tariff_rates_id_26602,10,1,0.0,Surcharge,Duty,0.0,Jinasena_MasterData_Purchase.tariff_date_id_1226,,0.0,Jinasena_MasterData_Common.res_company_jinasena_agricultural_machinery_pvt_ltd
tariff_rates_id_26603,10,1,0.0,NBT,Taxes,0.0,Jinasena_MasterData_Purchase.tariff_date_id_1226,,0.0,Jinasena_MasterData_Common.res_company_jinasena_agricultural_machinery_pvt_ltd
tariff_rates_id_26604,10,1,0.0,NBT-N,Taxes,0.0,Jinasena_MasterData_Purchase.tariff_date_id_1226,,0.0,Jinasena_MasterData_Common.res_company_jinasena_agricultural_machinery_pvt_ltd
tariff_rates_id_26605,10,1,0.0,SSCL,Taxes,0.0,Jinasena_MasterData_Purchase.tariff_date_id_1226,,0.0,Jinasena_MasterData_Common.res_company_jinasena_agricultural_machinery_pvt_ltd
tariff_rates_id_26606,10,1,12.0,VAT-on-Item,Taxes,0.0,Jinasena_MasterData_Purchase.tariff_date_id_1226,,0.0,Jinasena_MasterData_Common.res_company_jinasena_agricultural_machinery_pvt_ltd
tariff_rates_id_26607,10,1,12.0,VAT-on-GL,Taxes,0.0,Jinasena_MasterData_Purchase.tariff_date_id_1226,,0.0,Jinasena_MasterData_Common.res_company_jinasena_agricultural_machinery_pvt_ltd
tariff_rates_id_26608,10,1,20.0,CID,Duty,0.0,Jinasena_MasterData_Purchase.tariff_date_id_1227,,0.0,Jinasena_MasterData_Common.res_company_jinasena_agricultural_machinery_pvt_ltd
tariff_rates_id_26609,10,1,10.0,EIC,Duty,0.0,Jinasena_MasterData_Purchase.tariff_date_id_1227,,0.0,Jinasena_MasterData_Common.res_company_jinasena_agricultural_machinery_pvt_ltd
tariff_rates_id_26610,10,1,0.0,ESC,Duty,0.0,Jinasena_MasterData_Purchase.tariff_date_id_1227,,0.0,Jinasena_MasterData_Common.res_company_jinasena_agricultural_machinery_pvt_ltd
tariff_rates_id_26611,10,1,0.0,Excise,Duty,0.0,Jinasena_MasterData_Purchase.tariff_date_id_1227,,0.0,Jinasena_MasterData_Common.res_company_jinasena_agricultural_machinery_pvt_ltd
tariff_rates_id_26612,10,1,7.5,PAL,Duty,0.0,Jinasena_MasterData_Purchase.tariff_date_id_1227,,0.0,Jinasena_MasterData_Common.res_company_jinasena_agricultural_machinery_pvt_ltd
tariff_rates_id_26613,10,1,0.0,RIDL,Duty,0.0,Jinasena_MasterData_Purchase.tariff_date_id_1227,,0.0,Jinasena_MasterData_Common.res_company_jinasena_agricultural_machinery_pvt_ltd
tariff_rates_id_26614,10,1,0.0,SRL,Duty,0.0,Jinasena_MasterData_Purchase.tariff_date_id_1227,,0.0,Jinasena_MasterData_Common.res_company_jinasena_agricultural_machinery_pvt_ltd
tariff_rates_id_26615,10,1,0.0,Surcharge,Duty,0.0,Jinasena_MasterData_Purchase.tariff_date_id_1227,,0.0,Jinasena_MasterData_Common.res_company_jinasena_agricultural_machinery_pvt_ltd
tariff_rates_id_26616,10,1,0.0,NBT,Taxes,0.0,Jinasena_MasterData_Purchase.tariff_date_id_1227,,0.0,Jinasena_MasterData_Common.res_company_jinasena_agricultural_machinery_pvt_ltd
tariff_rates_id_26617,10,1,0.0,NBT-N,Taxes,0.0,Jinasena_MasterData_Purchase.tariff_date_id_1227,,0.0,Jinasena_MasterData_Common.res_company_jinasena_agricultural_machinery_pvt_ltd
tariff_rates_id_26618,10,1,2.5,SSCL,Taxes,0.0,Jinasena_MasterData_Purchase.tariff_date_id_1227,,0.0,Jinasena_MasterData_Common.res_company_jinasena_agricultural_machinery_pvt_ltd
tariff_rates_id_26619,10,1,18.0,VAT-on-Item,Taxes,0.0,Jinasena_MasterData_Purchase.tariff_date_id_1227,,0.0,Jinasena_MasterData_Common.res_company_jinasena_agricultural_machinery_pvt_ltd
tariff_rates_id_26620,10,1,18.0,VAT-on-GL,Taxes,0.0,Jinasena_MasterData_Purchase.tariff_date_id_1227,,0.0,Jinasena_MasterData_Common.res_company_jinasena_agricultural_machinery_pvt_ltd
tariff_rates_id_26621,10,1,0.0,CID,Duty,0.0,Jinasena_MasterData_Purchase.tariff_date_id_1228,,0.0,Jinasena_MasterData_Common.res_company_jinasena_agricultural_machinery_pvt_ltd
tariff_rates_id_26622,10,1,0.0,EIC,Duty,0.0,Jinasena_MasterData_Purchase.tariff_date_id_1228,,0.0,Jinasena_MasterData_Common.res_company_jinasena_agricultural_machinery_pvt_ltd
tariff_rates_id_26623,10,1,0.0,ESC,Duty,0.0,Jinasena_MasterData_Purchase.tariff_date_id_1228,,0.0,Jinasena_MasterData_Common.res_company_jinasena_agricultural_machinery_pvt_ltd
tariff_rates_id_26624,10,1,0.0,Excise,Duty,0.0,Jinasena_MasterData_Purchase.tariff_date_id_1228,,0.0,Jinasena_MasterData_Common.res_company_jinasena_agricultural_machinery_pvt_ltd
tariff_rates_id_26625,10,1,7.5,PAL,Duty,0.0,Jinasena_MasterData_Purchase.tariff_date_id_1228,,0.0,Jinasena_MasterData_Common.res_company_jinasena_agricultural_machinery_pvt_ltd
tariff_rates_id_26626,10,1,0.0,RIDL,Duty,0.0,Jinasena_MasterData_Purchase.tariff_date_id_1228,,0.0,Jinasena_MasterData_Common.res_company_jinasena_agricultural_machinery_pvt_ltd
tariff_rates_id_26627,10,1,0.0,SRL,Duty,0.0,Jinasena_MasterData_Purchase.tariff_date_id_1228,,0.0,Jinasena_MasterData_Common.res_company_jinasena_agricultural_machinery_pvt_ltd
tariff_rates_id_26628,10,1,0.0,Surcharge,Duty,0.0,Jinasena_MasterData_Purchase.tariff_date_id_1228,,0.0,Jinasena_MasterData_Common.res_company_jinasena_agricultural_machinery_pvt_ltd
tariff_rates_id_26629,10,1,0.0,NBT,Taxes,0.0,Jinasena_MasterData_Purchase.tariff_date_id_1228,,0.0,Jinasena_MasterData_Common.res_company_jinasena_agricultural_machinery_pvt_ltd
tariff_rates_id_26630,10,1,0.0,NBT-N,Taxes,0.0,Jinasena_MasterData_Purchase.tariff_date_id_1228,,0.0,Jinasena_MasterData_Common.res_company_jinasena_agricultural_machinery_pvt_ltd
tariff_rates_id_26631,10,1,2.5,SSCL,Taxes,0.0,Jinasena_MasterData_Purchase.tariff_date_id_1228,,0.0,Jinasena_MasterData_Common.res_company_jinasena_agricultural_machinery_pvt_ltd
tariff_rates_id_26632,10,1,18.0,VAT-on-Item,Taxes,0.0,Jinasena_MasterData_Purchase.tariff_date_id_1228,,0.0,Jinasena_MasterData_Common.res_company_jinasena_agricultural_machinery_pvt_ltd
tariff_rates_id_26633,10,1,18.0,VAT-on-GL,Taxes,0.0,Jinasena_MasterData_Purchase.tariff_date_id_1228,,0.0,Jinasena_MasterData_Common.res_company_jinasena_agricultural_machinery_pvt_ltd
tariff_rates_id_26634,10,1,20.0,CID,Duty,0.0,Jinasena_MasterData_Purchase.tariff_date_id_1229,,0.0,Jinasena_MasterData_Common.res_company_jinasena_agricultural_machinery_pvt_ltd
tariff_rates_id_26635,10,1,0.0,EIC,Duty,0.0,Jinasena_MasterData_Purchase.tariff_date_id_1229,,0.0,Jinasena_MasterData_Common.res_company_jinasena_agricultural_machinery_pvt_ltd
tariff_rates_id_26636,10,1,0.0,ESC,Duty,0.0,Jinasena_MasterData_Purchase.tariff_date_id_1229,,0.0,Jinasena_MasterData_Common.res_company_jinasena_agricultural_machinery_pvt_ltd
tariff_rates_id_26637,10,1,0.0,Excise,Duty,0.0,Jinasena_MasterData_Purchase.tariff_date_id_1229,,0.0,Jinasena_MasterData_Common.res_company_jinasena_agricultural_machinery_pvt_ltd
tariff_rates_id_26638,10,1,7.5,PAL,Duty,0.0,Jinasena_MasterData_Purchase.tariff_date_id_1229,,0.0,Jinasena_MasterData_Common.res_company_jinasena_agricultural_machinery_pvt_ltd
tariff_rates_id_26639,10,1,0.0,RIDL,Duty,0.0,Jinasena_MasterData_Purchase.tariff_date_id_1229,,0.0,Jinasena_MasterData_Common.res_company_jinasena_agricultural_machinery_pvt_ltd
tariff_rates_id_26640,10,1,0.0,SRL,Duty,0.0,Jinasena_MasterData_Purchase.tariff_date_id_1229,,0.0,Jinasena_MasterData_Common.res_company_jinasena_agricultural_machinery_pvt_ltd
tariff_rates_id_26641,10,1,0.0,Surcharge,Duty,0.0,Jinasena_MasterData_Purchase.tariff_date_id_1229,,0.0,Jinasena_MasterData_Common.res_company_jinasena_agricultural_machinery_pvt_ltd
tariff_rates_id_26642,10,1,0.0,NBT,Taxes,0.0,Jinasena_MasterData_Purchase.tariff_date_id_1229,,0.0,Jinasena_MasterData_Common.res_company_jinasena_agricultural_machinery_pvt_ltd
tariff_rates_id_26643,10,1,0.0,NBT-N,Taxes,0.0,Jinasena_MasterData_Purchase.tariff_date_id_1229,,0.0,Jinasena_MasterData_Common.res_company_jinasena_agricultural_machinery_pvt_ltd
tariff_rates_id_26644,10,1,2.5,SSCL,Taxes,0.0,Jinasena_MasterData_Purchase.tariff_date_id_1229,,0.0,Jinasena_MasterData_Common.res_company_jinasena_agricultural_machinery_pvt_ltd
tariff_rates_id_26645,10,1,15.0,VAT-on-Item,Taxes,0.0,Jinasena_MasterData_Purchase.tariff_date_id_1229,,0.0,Jinasena_MasterData_Common.res_company_jinasena_agricultural_machinery_pvt_ltd
tariff_rates_id_26646,10,1,15.0,VAT-on-GL,Taxes,0.0,Jinasena_MasterData_Purchase.tariff_date_id_1229,,0.0,Jinasena_MasterData_Common.res_company_jinasena_agricultural_machinery_pvt_ltd
tariff_rates_id_26647,10,1,20.0,CID,Duty,0.0,Jinasena_MasterData_Purchase.tariff_date_id_1230,,0.0,Jinasena_MasterData_Common.res_company_jinasena_agricultural_machinery_pvt_ltd
tariff_rates_id_26648,10,1,0.0,EIC,Duty,0.0,Jinasena_MasterData_Purchase.tariff_date_id_1230,,0.0,Jinasena_MasterData_Common.res_company_jinasena_agricultural_machinery_pvt_ltd
tariff_rates_id_26649,10,1,0.0,ESC,Duty,0.0,Jinasena_MasterData_Purchase.tariff_date_id_1230,,0.0,Jinasena_MasterData_Common.res_company_jinasena_agricultural_machinery_pvt_ltd
tariff_rates_id_26650,10,1,0.0,Excise,Duty,0.0,Jinasena_MasterData_Purchase.tariff_date_id_1230,,0.0,Jinasena_MasterData_Common.res_company_jinasena_agricultural_machinery_pvt_ltd
tariff_rates_id_26651,10,1,7.5,PAL,Duty,0.0,Jinasena_MasterData_Purchase.tariff_date_id_1230,,0.0,Jinasena_MasterData_Common.res_company_jinasena_agricultural_machinery_pvt_ltd
tariff_rates_id_26652,10,1,0.0,RIDL,Duty,0.0,Jinasena_MasterData_Purchase.tariff_date_id_1230,,0.0,Jinasena_MasterData_Common.res_company_jinasena_agricultural_machinery_pvt_ltd
tariff_rates_id_26653,10,1,0.0,SRL,Duty,0.0,Jinasena_MasterData_Purchase.tariff_date_id_1230,,0.0,Jinasena_MasterData_Common.res_company_jinasena_agricultural_machinery_pvt_ltd
tariff_rates_id_26654,10,1,0.0,Surcharge,Duty,0.0,Jinasena_MasterData_Purchase.tariff_date_id_1230,,0.0,Jinasena_MasterData_Common.res_company_jinasena_agricultural_machinery_pvt_ltd
tariff_rates_id_26655,10,1,0.0,NBT,Taxes,0.0,Jinasena_MasterData_Purchase.tariff_date_id_1230,,0.0,Jinasena_MasterData_Common.res_company_jinasena_agricultural_machinery_pvt_ltd
tariff_rates_id_26656,10,1,0.0,NBT-N,Taxes,0.0,Jinasena_MasterData_Purchase.tariff_date_id_1230,,0.0,Jinasena_MasterData_Common.res_company_jinasena_agricultural_machinery_pvt_ltd
tariff_rates_id_26657,10,1,2.5,SSCL,Taxes,0.0,Jinasena_MasterData_Purchase.tariff_date_id_1230,,0.0,Jinasena_MasterData_Common.res_company_jinasena_agricultural_machinery_pvt_ltd
tariff_rates_id_26658,10,1,18.0,VAT-on-Item,Taxes,0.0,Jinasena_MasterData_Purchase.tariff_date_id_1230,,0.0,Jinasena_MasterData_Common.res_company_jinasena_agricultural_machinery_pvt_ltd
tariff_rates_id_26659,10,1,18.0,VAT-on-GL,Taxes,0.0,Jinasena_MasterData_Purchase.tariff_date_id_1230,,0.0,Jinasena_MasterData_Common.res_company_jinasena_agricultural_machinery_pvt_ltd
tariff_rates_id_26660,10,1,20.0,CID,Duty,0.0,Jinasena_MasterData_Purchase.tariff_date_id_1231,,0.0,Jinasena_MasterData_Common.res_company_jinasena_agricultural_machinery_pvt_ltd
tariff_rates_id_26661,10,1,0.0,EIC,Duty,0.0,Jinasena_MasterData_Purchase.tariff_date_id_1231,,0.0,Jinasena_MasterData_Common.res_company_jinasena_agricultural_machinery_pvt_ltd
tariff_rates_id_26662,10,1,0.0,ESC,Duty,0.0,Jinasena_MasterData_Purchase.tariff_date_id_1231,,0.0,Jinasena_MasterData_Common.res_company_jinasena_agricultural_machinery_pvt_ltd
tariff_rates_id_26663,10,1,0.0,Excise,Duty,0.0,Jinasena_MasterData_Purchase.tariff_date_id_1231,,0.0,Jinasena_MasterData_Common.res_company_jinasena_agricultural_machinery_pvt_ltd
tariff_rates_id_26664,10,1,5.0,PAL,Duty,0.0,Jinasena_MasterData_Purchase.tariff_date_id_1231,,0.0,Jinasena_MasterData_Common.res_company_jinasena_agricultural_machinery_pvt_ltd
tariff_rates_id_26665,10,1,0.0,RIDL,Duty,0.0,Jinasena_MasterData_Purchase.tariff_date_id_1231,,0.0,Jinasena_MasterData_Common.res_company_jinasena_agricultural_machinery_pvt_ltd
tariff_rates_id_26666,10,1,0.0,SRL,Duty,0.0,Jinasena_MasterData_Purchase.tariff_date_id_1231,,0.0,Jinasena_MasterData_Common.res_company_jinasena_agricultural_machinery_pvt_ltd
tariff_rates_id_26667,10,1,0.0,Surcharge,Duty,0.0,Jinasena_MasterData_Purchase.tariff_date_id_1231,,0.0,Jinasena_MasterData_Common.res_company_jinasena_agricultural_machinery_pvt_ltd
tariff_rates_id_26668,10,1,0.0,NBT,Taxes,0.0,Jinasena_MasterData_Purchase.tariff_date_id_1231,,0.0,Jinasena_MasterData_Common.res_company_jinasena_agricultural_machinery_pvt_ltd
tariff_rates_id_26669,10,1,0.0,NBT-N,Taxes,0.0,Jinasena_MasterData_Purchase.tariff_date_id_1231,,0.0,Jinasena_MasterData_Common.res_company_jinasena_agricultural_machinery_pvt_ltd
tariff_rates_id_26670,10,1,2.5,SSCL,Taxes,0.0,Jinasena_MasterData_Purchase.tariff_date_id_1231,,0.0,Jinasena_MasterData_Common.res_company_jinasena_agricultural_machinery_pvt_ltd
tariff_rates_id_26671,10,1,18.0,VAT-on-Item,Taxes,0.0,Jinasena_MasterData_Purchase.tariff_date_id_1231,,0.0,Jinasena_MasterData_Common.res_company_jinasena_agricultural_machinery_pvt_ltd
tariff_rates_id_26672,10,1,18.0,VAT-on-GL,Taxes,0.0,Jinasena_MasterData_Purchase.tariff_date_id_1231,,0.0,Jinasena_MasterData_Common.res_company_jinasena_agricultural_machinery_pvt_ltd
tariff_rates_id_26673,10,1,15.0,CID,Duty,0.0,Jinasena_MasterData_Purchase.tariff_date_id_1232,,0.0,Jinasena_MasterData_Common.res_company_jinasena_agricultural_machinery_pvt_ltd
tariff_rates_id_26674,10,1,0.0,EIC,Duty,0.0,Jinasena_MasterData_Purchase.tariff_date_id_1232,,0.0,Jinasena_MasterData_Common.res_company_jinasena_agricultural_machinery_pvt_ltd
tariff_rates_id_26675,10,1,0.0,ESC,Duty,0.0,Jinasena_MasterData_Purchase.tariff_date_id_1232,,0.0,Jinasena_MasterData_Common.res_company_jinasena_agricultural_machinery_pvt_ltd
tariff_rates_id_26676,10,1,0.0,Excise,Duty,0.0,Jinasena_MasterData_Purchase.tariff_date_id_1232,,0.0,Jinasena_MasterData_Common.res_company_jinasena_agricultural_machinery_pvt_ltd
tariff_rates_id_26677,10,1,5.0,PAL,Duty,0.0,Jinasena_MasterData_Purchase.tariff_date_id_1232,,0.0,Jinasena_MasterData_Common.res_company_jinasena_agricultural_machinery_pvt_ltd
tariff_rates_id_26678,10,1,0.0,RIDL,Duty,0.0,Jinasena_MasterData_Purchase.tariff_date_id_1232,,0.0,Jinasena_MasterData_Common.res_company_jinasena_agricultural_machinery_pvt_ltd
tariff_rates_id_26679,10,1,0.0,SRL,Duty,0.0,Jinasena_MasterData_Purchase.tariff_date_id_1232,,0.0,Jinasena_MasterData_Common.res_company_jinasena_agricultural_machinery_pvt_ltd
tariff_rates_id_26680,10,1,0.0,Surcharge,Duty,0.0,Jinasena_MasterData_Purchase.tariff_date_id_1232,,0.0,Jinasena_MasterData_Common.res_company_jinasena_agricultural_machinery_pvt_ltd
tariff_rates_id_26681,10,1,0.0,NBT,Taxes,0.0,Jinasena_MasterData_Purchase.tariff_date_id_1232,,0.0,Jinasena_MasterData_Common.res_company_jinasena_agricultural_machinery_pvt_ltd
tariff_rates_id_26682,10,1,0.0,NBT-N,Taxes,0.0,Jinasena_MasterData_Purchase.tariff_date_id_1232,,0.0,Jinasena_MasterData_Common.res_company_jinasena_agricultural_machinery_pvt_ltd
tariff_rates_id_26683,10,1,2.5,SSCL,Taxes,0.0,Jinasena_MasterData_Purchase.tariff_date_id_1232,,0.0,Jinasena_MasterData_Common.res_company_jinasena_agricultural_machinery_pvt_ltd
tariff_rates_id_26684,10,1,18.0,VAT-on-Item,Taxes,0.0,Jinasena_MasterData_Purchase.tariff_date_id_1232,,0.0,Jinasena_MasterData_Common.res_company_jinasena_agricultural_machinery_pvt_ltd
tariff_rates_id_26685,10,1,18.0,VAT-on-GL,Taxes,0.0,Jinasena_MasterData_Purchase.tariff_date_id_1232,,0.0,Jinasena_MasterData_Common.res_company_jinasena_agricultural_machinery_pvt_ltd
tariff_rates_id_26686,10,1,20.0,CID,Duty,0.0,Jinasena_MasterData_Purchase.tariff_date_id_1233,,0.0,Jinasena_MasterData_Common.res_company_jinasena_agricultural_machinery_pvt_ltd
tariff_rates_id_26687,10,1,0.0,EIC,Duty,0.0,Jinasena_MasterData_Purchase.tariff_date_id_1233,,0.0,Jinasena_MasterData_Common.res_company_jinasena_agricultural_machinery_pvt_ltd
tariff_rates_id_26688,10,1,0.0,ESC,Duty,0.0,Jinasena_MasterData_Purchase.tariff_date_id_1233,,0.0,Jinasena_MasterData_Common.res_company_jinasena_agricultural_machinery_pvt_ltd
tariff_rates_id_26689,10,1,0.0,Excise,Duty,0.0,Jinasena_MasterData_Purchase.tariff_date_id_1233,,0.0,Jinasena_MasterData_Common.res_company_jinasena_agricultural_machinery_pvt_ltd
tariff_rates_id_26690,10,1,5.0,PAL,Duty,0.0,Jinasena_MasterData_Purchase.tariff_date_id_1233,,0.0,Jinasena_MasterData_Common.res_company_jinasena_agricultural_machinery_pvt_ltd
tariff_rates_id_26691,10,1,0.0,RIDL,Duty,0.0,Jinasena_MasterData_Purchase.tariff_date_id_1233,,0.0,Jinasena_MasterData_Common.res_company_jinasena_agricultural_machinery_pvt_ltd
tariff_rates_id_26692,10,1,0.0,SRL,Duty,0.0,Jinasena_MasterData_Purchase.tariff_date_id_1233,,0.0,Jinasena_MasterData_Common.res_company_jinasena_agricultural_machinery_pvt_ltd
tariff_rates_id_26693,10,1,0.0,Surcharge,Duty,0.0,Jinasena_MasterData_Purchase.tariff_date_id_1233,,0.0,Jinasena_MasterData_Common.res_company_jinasena_agricultural_machinery_pvt_ltd
tariff_rates_id_26694,10,1,0.0,NBT,Taxes,0.0,Jinasena_MasterData_Purchase.tariff_date_id_1233,,0.0,Jinasena_MasterData_Common.res_company_jinasena_agricultural_machinery_pvt_ltd
tariff_rates_id_26695,10,1,0.0,NBT-N,Taxes,0.0,Jinasena_MasterData_Purchase.tariff_date_id_1233,,0.0,Jinasena_MasterData_Common.res_company_jinasena_agricultural_machinery_pvt_ltd
tariff_rates_id_26696,10,1,2.5,SSCL,Taxes,0.0,Jinasena_MasterData_Purchase.tariff_date_id_1233,,0.0,Jinasena_MasterData_Common.res_company_jinasena_agricultural_machinery_pvt_ltd
tariff_rates_id_26697,10,1,18.0,VAT-on-Item,Taxes,0.0,Jinasena_MasterData_Purchase.tariff_date_id_1233,,0.0,Jinasena_MasterData_Common.res_company_jinasena_agricultural_machinery_pvt_ltd
tariff_rates_id_26698,10,1,18.0,VAT-on-GL,Taxes,0.0,Jinasena_MasterData_Purchase.tariff_date_id_1233,,0.0,Jinasena_MasterData_Common.res_company_jinasena_agricultural_machinery_pvt_ltd
tariff_rates_id_26699,10,1,0.0,CID,Duty,0.0,Jinasena_MasterData_Purchase.tariff_date_id_1234,,0.0,Jinasena_MasterData_Common.res_company_jinasena_agricultural_machinery_pvt_ltd
tariff_rates_id_26700,10,1,0.0,EIC,Duty,0.0,Jinasena_MasterData_Purchase.tariff_date_id_1234,,0.0,Jinasena_MasterData_Common.res_company_jinasena_agricultural_machinery_pvt_ltd
tariff_rates_id_26701,10,1,0.0,ESC,Duty,0.0,Jinasena_MasterData_Purchase.tariff_date_id_1234,,0.0,Jinasena_MasterData_Common.res_company_jinasena_agricultural_machinery_pvt_ltd
tariff_rates_id_26702,10,1,0.0,Excise,Duty,0.0,Jinasena_MasterData_Purchase.tariff_date_id_1234,,0.0,Jinasena_MasterData_Common.res_company_jinasena_agricultural_machinery_pvt_ltd
tariff_rates_id_26703,10,1,7.5,PAL,Duty,0.0,Jinasena_MasterData_Purchase.tariff_date_id_1234,,0.0,Jinasena_MasterData_Common.res_company_jinasena_agricultural_machinery_pvt_ltd
tariff_rates_id_26704,10,1,0.0,RIDL,Duty,0.0,Jinasena_MasterData_Purchase.tariff_date_id_1234,,0.0,Jinasena_MasterData_Common.res_company_jinasena_agricultural_machinery_pvt_ltd
tariff_rates_id_26705,10,1,0.0,SRL,Duty,0.0,Jinasena_MasterData_Purchase.tariff_date_id_1234,,0.0,Jinasena_MasterData_Common.res_company_jinasena_agricultural_machinery_pvt_ltd
tariff_rates_id_26706,10,1,0.0,Surcharge,Duty,0.0,Jinasena_MasterData_Purchase.tariff_date_id_1234,,0.0,Jinasena_MasterData_Common.res_company_jinasena_agricultural_machinery_pvt_ltd
tariff_rates_id_26707,10,1,0.0,NBT,Taxes,0.0,Jinasena_MasterData_Purchase.tariff_date_id_1234,,0.0,Jinasena_MasterData_Common.res_company_jinasena_agricultural_machinery_pvt_ltd
tariff_rates_id_26708,10,1,0.0,NBT-N,Taxes,0.0,Jinasena_MasterData_Purchase.tariff_date_id_1234,,0.0,Jinasena_MasterData_Common.res_company_jinasena_agricultural_machinery_pvt_ltd
tariff_rates_id_26709,10,1,2.5,SSCL,Taxes,0.0,Jinasena_MasterData_Purchase.tariff_date_id_1234,,0.0,Jinasena_MasterData_Common.res_company_jinasena_agricultural_machinery_pvt_ltd
tariff_rates_id_26710,10,1,18.0,VAT-on-Item,Taxes,0.0,Jinasena_MasterData_Purchase.tariff_date_id_1234,,0.0,Jinasena_MasterData_Common.res_company_jinasena_agricultural_machinery_pvt_ltd
tariff_rates_id_26711,10,1,18.0,VAT-on-GL,Taxes,0.0,Jinasena_MasterData_Purchase.tariff_date_id_1234,,0.0,Jinasena_MasterData_Common.res_company_jinasena_agricultural_machinery_pvt_ltd
tariff_rates_id_26712,10,1,0.0,CID,Duty,0.0,Jinasena_MasterData_Purchase.tariff_date_id_1235,,0.0,Jinasena_MasterData_Common.res_company_jinasena_agricultural_machinery_pvt_ltd
tariff_rates_id_26713,10,1,0.0,EIC,Duty,0.0,Jinasena_MasterData_Purchase.tariff_date_id_1235,,0.0,Jinasena_MasterData_Common.res_company_jinasena_agricultural_machinery_pvt_ltd
tariff_rates_id_26714,10,1,0.0,ESC,Duty,0.0,Jinasena_MasterData_Purchase.tariff_date_id_1235,,0.0,Jinasena_MasterData_Common.res_company_jinasena_agricultural_machinery_pvt_ltd
tariff_rates_id_26715,10,1,0.0,Excise,Duty,0.0,Jinasena_MasterData_Purchase.tariff_date_id_1235,,0.0,Jinasena_MasterData_Common.res_company_jinasena_agricultural_machinery_pvt_ltd
tariff_rates_id_26716,10,1,0.0,PAL,Duty,0.0,Jinasena_MasterData_Purchase.tariff_date_id_1235,,0.0,Jinasena_MasterData_Common.res_company_jinasena_agricultural_machinery_pvt_ltd
tariff_rates_id_26717,10,1,0.0,RIDL,Duty,0.0,Jinasena_MasterData_Purchase.tariff_date_id_1235,,0.0,Jinasena_MasterData_Common.res_company_jinasena_agricultural_machinery_pvt_ltd
tariff_rates_id_26718,10,1,0.0,SRL,Duty,0.0,Jinasena_MasterData_Purchase.tariff_date_id_1235,,0.0,Jinasena_MasterData_Common.res_company_jinasena_agricultural_machinery_pvt_ltd
tariff_rates_id_26719,10,1,0.0,Surcharge,Duty,0.0,Jinasena_MasterData_Purchase.tariff_date_id_1235,,0.0,Jinasena_MasterData_Common.res_company_jinasena_agricultural_machinery_pvt_ltd
tariff_rates_id_26720,10,1,0.0,NBT,Taxes,0.0,Jinasena_MasterData_Purchase.tariff_date_id_1235,,0.0,Jinasena_MasterData_Common.res_company_jinasena_agricultural_machinery_pvt_ltd
tariff_rates_id_26721,10,1,0.0,NBT-N,Taxes,0.0,Jinasena_MasterData_Purchase.tariff_date_id_1235,,0.0,Jinasena_MasterData_Common.res_company_jinasena_agricultural_machinery_pvt_ltd
tariff_rates_id_26722,10,1,0.0,SSCL,Taxes,0.0,Jinasena_MasterData_Purchase.tariff_date_id_1235,,0.0,Jinasena_MasterData_Common.res_company_jinasena_agricultural_machinery_pvt_ltd
tariff_rates_id_26723,10,1,12.0,VAT-on-Item,Taxes,0.0,Jinasena_MasterData_Purchase.tariff_date_id_1235,,0.0,Jinasena_MasterData_Common.res_company_jinasena_agricultural_machinery_pvt_ltd
tariff_rates_id_26724,10,1,12.0,VAT-on-GL,Taxes,0.0,Jinasena_MasterData_Purchase.tariff_date_id_1235,,0.0,Jinasena_MasterData_Common.res_company_jinasena_agricultural_machinery_pvt_ltd
tariff_rates_id_26725,10,1,20.0,CID,Duty,0.0,Jinasena_MasterData_Purchase.tariff_date_id_1236,,0.0,Jinasena_MasterData_Common.res_company_jinasena_agricultural_machinery_pvt_ltd
tariff_rates_id_26726,10,1,10.0,EIC,Duty,0.0,Jinasena_MasterData_Purchase.tariff_date_id_1236,,0.0,Jinasena_MasterData_Common.res_company_jinasena_agricultural_machinery_pvt_ltd
tariff_rates_id_26727,10,1,0.0,ESC,Duty,0.0,Jinasena_MasterData_Purchase.tariff_date_id_1236,,0.0,Jinasena_MasterData_Common.res_company_jinasena_agricultural_machinery_pvt_ltd
tariff_rates_id_26728,10,1,0.0,Excise,Duty,0.0,Jinasena_MasterData_Purchase.tariff_date_id_1236,,0.0,Jinasena_MasterData_Common.res_company_jinasena_agricultural_machinery_pvt_ltd
tariff_rates_id_26729,10,1,5.0,PAL,Duty,0.0,Jinasena_MasterData_Purchase.tariff_date_id_1236,,0.0,Jinasena_MasterData_Common.res_company_jinasena_agricultural_machinery_pvt_ltd
tariff_rates_id_26730,10,1,0.0,RIDL,Duty,0.0,Jinasena_MasterData_Purchase.tariff_date_id_1236,,0.0,Jinasena_MasterData_Common.res_company_jinasena_agricultural_machinery_pvt_ltd
tariff_rates_id_26731,10,1,0.0,SRL,Duty,0.0,Jinasena_MasterData_Purchase.tariff_date_id_1236,,0.0,Jinasena_MasterData_Common.res_company_jinasena_agricultural_machinery_pvt_ltd
tariff_rates_id_26732,10,1,0.0,Surcharge,Duty,0.0,Jinasena_MasterData_Purchase.tariff_date_id_1236,,0.0,Jinasena_MasterData_Common.res_company_jinasena_agricultural_machinery_pvt_ltd
tariff_rates_id_26733,10,1,0.0,NBT,Taxes,0.0,Jinasena_MasterData_Purchase.tariff_date_id_1236,,0.0,Jinasena_MasterData_Common.res_company_jinasena_agricultural_machinery_pvt_ltd
tariff_rates_id_26734,10,1,0.0,NBT-N,Taxes,0.0,Jinasena_MasterData_Purchase.tariff_date_id_1236,,0.0,Jinasena_MasterData_Common.res_company_jinasena_agricultural_machinery_pvt_ltd
tariff_rates_id_26735,10,1,2.5,SSCL,Taxes,0.0,Jinasena_MasterData_Purchase.tariff_date_id_1236,,0.0,Jinasena_MasterData_Common.res_company_jinasena_agricultural_machinery_pvt_ltd
tariff_rates_id_26736,10,1,18.0,VAT-on-Item,Taxes,0.0,Jinasena_MasterData_Purchase.tariff_date_id_1236,,0.0,Jinasena_MasterData_Common.res_company_jinasena_agricultural_machinery_pvt_ltd
tariff_rates_id_26737,10,1,18.0,VAT-on-GL,Taxes,0.0,Jinasena_MasterData_Purchase.tariff_date_id_1236,,0.0,Jinasena_MasterData_Common.res_company_jinasena_agricultural_machinery_pvt_ltd
tariff_rates_id_26738,10,1,20.0,CID,Duty,0.0,Jinasena_MasterData_Purchase.tariff_date_id_1237,,0.0,Jinasena_MasterData_Common.res_company_jinasena_agricultural_machinery_pvt_ltd
tariff_rates_id_26739,10,1,0.0,EIC,Duty,0.0,Jinasena_MasterData_Purchase.tariff_date_id_1237,,0.0,Jinasena_MasterData_Common.res_company_jinasena_agricultural_machinery_pvt_ltd
tariff_rates_id_26740,10,1,0.0,ESC,Duty,0.0,Jinasena_MasterData_Purchase.tariff_date_id_1237,,0.0,Jinasena_MasterData_Common.res_company_jinasena_agricultural_machinery_pvt_ltd
tariff_rates_id_26741,10,1,0.0,Excise,Duty,0.0,Jinasena_MasterData_Purchase.tariff_date_id_1237,,0.0,Jinasena_MasterData_Common.res_company_jinasena_agricultural_machinery_pvt_ltd
tariff_rates_id_26742,10,1,5.0,PAL,Duty,0.0,Jinasena_MasterData_Purchase.tariff_date_id_1237,,0.0,Jinasena_MasterData_Common.res_company_jinasena_agricultural_machinery_pvt_ltd
tariff_rates_id_26743,10,1,0.0,RIDL,Duty,0.0,Jinasena_MasterData_Purchase.tariff_date_id_1237,,0.0,Jinasena_MasterData_Common.res_company_jinasena_agricultural_machinery_pvt_ltd
tariff_rates_id_26744,10,1,0.0,SRL,Duty,0.0,Jinasena_MasterData_Purchase.tariff_date_id_1237,,0.0,Jinasena_MasterData_Common.res_company_jinasena_agricultural_machinery_pvt_ltd
tariff_rates_id_26745,10,1,0.0,Surcharge,Duty,0.0,Jinasena_MasterData_Purchase.tariff_date_id_1237,,0.0,Jinasena_MasterData_Common.res_company_jinasena_agricultural_machinery_pvt_ltd
tariff_rates_id_26746,10,1,0.0,NBT,Taxes,0.0,Jinasena_MasterData_Purchase.tariff_date_id_1237,,0.0,Jinasena_MasterData_Common.res_company_jinasena_agricultural_machinery_pvt_ltd
tariff_rates_id_26747,10,1,0.0,NBT-N,Taxes,0.0,Jinasena_MasterData_Purchase.tariff_date_id_1237,,0.0,Jinasena_MasterData_Common.res_company_jinasena_agricultural_machinery_pvt_ltd
tariff_rates_id_26748,10,1,2.5,SSCL,Taxes,0.0,Jinasena_MasterData_Purchase.tariff_date_id_1237,,0.0,Jinasena_MasterData_Common.res_company_jinasena_agricultural_machinery_pvt_ltd
tariff_rates_id_26749,10,1,18.0,VAT-on-Item,Taxes,0.0,Jinasena_MasterData_Purchase.tariff_date_id_1237,,0.0,Jinasena_MasterData_Common.res_company_jinasena_agricultural_machinery_pvt_ltd
tariff_rates_id_26750,10,1,18.0,VAT-on-GL,Taxes,0.0,Jinasena_MasterData_Purchase.tariff_date_id_1237,,0.0,Jinasena_MasterData_Common.res_company_jinasena_agricultural_machinery_pvt_ltd
tariff_rates_id_26751,10,1,0.0,CID,Duty,0.0,Jinasena_MasterData_Purchase.tariff_date_id_1238,,0.0,Jinasena_MasterData_Common.res_company_jinasena_agricultural_machinery_pvt_ltd
tariff_rates_id_26752,10,1,0.0,EIC,Duty,0.0,Jinasena_MasterData_Purchase.tariff_date_id_1238,,0.0,Jinasena_MasterData_Common.res_company_jinasena_agricultural_machinery_pvt_ltd
tariff_rates_id_26753,10,1,0.0,ESC,Duty,0.0,Jinasena_MasterData_Purchase.tariff_date_id_1238,,0.0,Jinasena_MasterData_Common.res_company_jinasena_agricultural_machinery_pvt_ltd
tariff_rates_id_26754,10,1,0.0,Excise,Duty,0.0,Jinasena_MasterData_Purchase.tariff_date_id_1238,,0.0,Jinasena_MasterData_Common.res_company_jinasena_agricultural_machinery_pvt_ltd
tariff_rates_id_26755,10,1,5.0,PAL,Duty,0.0,Jinasena_MasterData_Purchase.tariff_date_id_1238,,0.0,Jinasena_MasterData_Common.res_company_jinasena_agricultural_machinery_pvt_ltd
tariff_rates_id_26756,10,1,0.0,RIDL,Duty,0.0,Jinasena_MasterData_Purchase.tariff_date_id_1238,,0.0,Jinasena_MasterData_Common.res_company_jinasena_agricultural_machinery_pvt_ltd
tariff_rates_id_26757,10,1,0.0,SRL,Duty,0.0,Jinasena_MasterData_Purchase.tariff_date_id_1238,,0.0,Jinasena_MasterData_Common.res_company_jinasena_agricultural_machinery_pvt_ltd
tariff_rates_id_26758,10,1,0.0,Surcharge,Duty,0.0,Jinasena_MasterData_Purchase.tariff_date_id_1238,,0.0,Jinasena_MasterData_Common.res_company_jinasena_agricultural_machinery_pvt_ltd
tariff_rates_id_26759,10,1,0.0,NBT,Taxes,0.0,Jinasena_MasterData_Purchase.tariff_date_id_1238,,0.0,Jinasena_MasterData_Common.res_company_jinasena_agricultural_machinery_pvt_ltd
tariff_rates_id_26760,10,1,0.0,NBT-N,Taxes,0.0,Jinasena_MasterData_Purchase.tariff_date_id_1238,,0.0,Jinasena_MasterData_Common.res_company_jinasena_agricultural_machinery_pvt_ltd
tariff_rates_id_26761,10,1,2.5,SSCL,Taxes,0.0,Jinasena_MasterData_Purchase.tariff_date_id_1238,,0.0,Jinasena_MasterData_Common.res_company_jinasena_agricultural_machinery_pvt_ltd
tariff_rates_id_26762,10,1,18.0,VAT-on-Item,Taxes,0.0,Jinasena_MasterData_Purchase.tariff_date_id_1238,,0.0,Jinasena_MasterData_Common.res_company_jinasena_agricultural_machinery_pvt_ltd
tariff_rates_id_26763,10,1,18.0,VAT-on-GL,Taxes,0.0,Jinasena_MasterData_Purchase.tariff_date_id_1238,,0.0,Jinasena_MasterData_Common.res_company_jinasena_agricultural_machinery_pvt_ltd
tariff_rates_id_26764,10,1,0.0,CID,Duty,0.0,Jinasena_MasterData_Purchase.tariff_date_id_1239,,0.0,Jinasena_MasterData_Common.res_company_jinasena_agricultural_machinery_pvt_ltd
tariff_rates_id_26765,10,1,0.0,EIC,Duty,0.0,Jinasena_MasterData_Purchase.tariff_date_id_1239,,0.0,Jinasena_MasterData_Common.res_company_jinasena_agricultural_machinery_pvt_ltd
tariff_rates_id_26766,10,1,0.0,ESC,Duty,0.0,Jinasena_MasterData_Purchase.tariff_date_id_1239,,0.0,Jinasena_MasterData_Common.res_company_jinasena_agricultural_machinery_pvt_ltd
tariff_rates_id_26767,10,1,0.0,Excise,Duty,0.0,Jinasena_MasterData_Purchase.tariff_date_id_1239,,0.0,Jinasena_MasterData_Common.res_company_jinasena_agricultural_machinery_pvt_ltd
tariff_rates_id_26768,10,1,5.0,PAL,Duty,0.0,Jinasena_MasterData_Purchase.tariff_date_id_1239,,0.0,Jinasena_MasterData_Common.res_company_jinasena_agricultural_machinery_pvt_ltd
tariff_rates_id_26769,10,1,0.0,RIDL,Duty,0.0,Jinasena_MasterData_Purchase.tariff_date_id_1239,,0.0,Jinasena_MasterData_Common.res_company_jinasena_agricultural_machinery_pvt_ltd
tariff_rates_id_26770,10,1,0.0,SRL,Duty,0.0,Jinasena_MasterData_Purchase.tariff_date_id_1239,,0.0,Jinasena_MasterData_Common.res_company_jinasena_agricultural_machinery_pvt_ltd
tariff_rates_id_26771,10,1,0.0,Surcharge,Duty,0.0,Jinasena_MasterData_Purchase.tariff_date_id_1239,,0.0,Jinasena_MasterData_Common.res_company_jinasena_agricultural_machinery_pvt_ltd
tariff_rates_id_26772,10,1,0.0,NBT,Taxes,0.0,Jinasena_MasterData_Purchase.tariff_date_id_1239,,0.0,Jinasena_MasterData_Common.res_company_jinasena_agricultural_machinery_pvt_ltd
tariff_rates_id_26773,10,1,0.0,NBT-N,Taxes,0.0,Jinasena_MasterData_Purchase.tariff_date_id_1239,,0.0,Jinasena_MasterData_Common.res_company_jinasena_agricultural_machinery_pvt_ltd
tariff_rates_id_26774,10,1,2.5,SSCL,Taxes,0.0,Jinasena_MasterData_Purchase.tariff_date_id_1239,,0.0,Jinasena_MasterData_Common.res_company_jinasena_agricultural_machinery_pvt_ltd
tariff_rates_id_26775,10,1,15.0,VAT-on-Item,Taxes,0.0,Jinasena_MasterData_Purchase.tariff_date_id_1239,,0.0,Jinasena_MasterData_Common.res_company_jinasena_agricultural_machinery_pvt_ltd
tariff_rates_id_26776,10,1,15.0,VAT-on-GL,Taxes,0.0,Jinasena_MasterData_Purchase.tariff_date_id_1239,,0.0,Jinasena_MasterData_Common.res_company_jinasena_agricultural_machinery_pvt_ltd
tariff_rates_id_26777,10,1,0.0,CID,Duty,0.0,Jinasena_MasterData_Purchase.tariff_date_id_1240,,0.0,Jinasena_MasterData_Common.res_company_jinasena_agricultural_machinery_pvt_ltd
tariff_rates_id_26778,10,1,0.0,EIC,Duty,0.0,Jinasena_MasterData_Purchase.tariff_date_id_1240,,0.0,Jinasena_MasterData_Common.res_company_jinasena_agricultural_machinery_pvt_ltd
tariff_rates_id_26779,10,1,0.0,ESC,Duty,0.0,Jinasena_MasterData_Purchase.tariff_date_id_1240,,0.0,Jinasena_MasterData_Common.res_company_jinasena_agricultural_machinery_pvt_ltd
tariff_rates_id_26780,10,1,0.0,Excise,Duty,0.0,Jinasena_MasterData_Purchase.tariff_date_id_1240,,0.0,Jinasena_MasterData_Common.res_company_jinasena_agricultural_machinery_pvt_ltd
tariff_rates_id_26781,10,1,5.0,PAL,Duty,0.0,Jinasena_MasterData_Purchase.tariff_date_id_1240,,0.0,Jinasena_MasterData_Common.res_company_jinasena_agricultural_machinery_pvt_ltd
tariff_rates_id_26782,10,1,0.0,RIDL,Duty,0.0,Jinasena_MasterData_Purchase.tariff_date_id_1240,,0.0,Jinasena_MasterData_Common.res_company_jinasena_agricultural_machinery_pvt_ltd
tariff_rates_id_26783,10,1,0.0,SRL,Duty,0.0,Jinasena_MasterData_Purchase.tariff_date_id_1240,,0.0,Jinasena_MasterData_Common.res_company_jinasena_agricultural_machinery_pvt_ltd
tariff_rates_id_26784,10,1,0.0,Surcharge,Duty,0.0,Jinasena_MasterData_Purchase.tariff_date_id_1240,,0.0,Jinasena_MasterData_Common.res_company_jinasena_agricultural_machinery_pvt_ltd
tariff_rates_id_26785,10,1,0.0,NBT,Taxes,0.0,Jinasena_MasterData_Purchase.tariff_date_id_1240,,0.0,Jinasena_MasterData_Common.res_company_jinasena_agricultural_machinery_pvt_ltd
tariff_rates_id_26786,10,1,0.0,NBT-N,Taxes,0.0,Jinasena_MasterData_Purchase.tariff_date_id_1240,,0.0,Jinasena_MasterData_Common.res_company_jinasena_agricultural_machinery_pvt_ltd
tariff_rates_id_26787,10,1,2.5,SSCL,Taxes,0.0,Jinasena_MasterData_Purchase.tariff_date_id_1240,,0.0,Jinasena_MasterData_Common.res_company_jinasena_agricultural_machinery_pvt_ltd
tariff_rates_id_26788,10,1,18.0,VAT-on-Item,Taxes,0.0,Jinasena_MasterData_Purchase.tariff_date_id_1240,,0.0,Jinasena_MasterData_Common.res_company_jinasena_agricultural_machinery_pvt_ltd
tariff_rates_id_26789,10,1,18.0,VAT-on-GL,Taxes,0.0,Jinasena_MasterData_Purchase.tariff_date_id_1240,,0.0,Jinasena_MasterData_Common.res_company_jinasena_agricultural_machinery_pvt_ltd
tariff_rates_id_26790,10,1,0.0,CID,Duty,0.0,Jinasena_MasterData_Purchase.tariff_date_id_1241,,0.0,Jinasena_MasterData_Common.res_company_jinasena_agricultural_machinery_pvt_ltd
tariff_rates_id_26791,10,1,0.0,EIC,Duty,0.0,Jinasena_MasterData_Purchase.tariff_date_id_1241,,0.0,Jinasena_MasterData_Common.res_company_jinasena_agricultural_machinery_pvt_ltd
tariff_rates_id_26792,10,1,0.0,ESC,Duty,0.0,Jinasena_MasterData_Purchase.tariff_date_id_1241,,0.0,Jinasena_MasterData_Common.res_company_jinasena_agricultural_machinery_pvt_ltd
tariff_rates_id_26793,10,1,0.0,Excise,Duty,0.0,Jinasena_MasterData_Purchase.tariff_date_id_1241,,0.0,Jinasena_MasterData_Common.res_company_jinasena_agricultural_machinery_pvt_ltd
tariff_rates_id_26794,10,1,0.0,PAL,Duty,0.0,Jinasena_MasterData_Purchase.tariff_date_id_1241,,0.0,Jinasena_MasterData_Common.res_company_jinasena_agricultural_machinery_pvt_ltd
tariff_rates_id_26795,10,1,0.0,RIDL,Duty,0.0,Jinasena_MasterData_Purchase.tariff_date_id_1241,,0.0,Jinasena_MasterData_Common.res_company_jinasena_agricultural_machinery_pvt_ltd
tariff_rates_id_26796,10,1,0.0,SRL,Duty,0.0,Jinasena_MasterData_Purchase.tariff_date_id_1241,,0.0,Jinasena_MasterData_Common.res_company_jinasena_agricultural_machinery_pvt_ltd
tariff_rates_id_26797,10,1,0.0,Surcharge,Duty,0.0,Jinasena_MasterData_Purchase.tariff_date_id_1241,,0.0,Jinasena_MasterData_Common.res_company_jinasena_agricultural_machinery_pvt_ltd
tariff_rates_id_26798,10,1,0.0,NBT,Taxes,0.0,Jinasena_MasterData_Purchase.tariff_date_id_1241,,0.0,Jinasena_MasterData_Common.res_company_jinasena_agricultural_machinery_pvt_ltd
tariff_rates_id_26799,10,1,0.0,NBT-N,Taxes,0.0,Jinasena_MasterData_Purchase.tariff_date_id_1241,,0.0,Jinasena_MasterData_Common.res_company_jinasena_agricultural_machinery_pvt_ltd
tariff_rates_id_26800,10,1,2.5,SSCL,Taxes,0.0,Jinasena_MasterData_Purchase.tariff_date_id_1241,,0.0,Jinasena_MasterData_Common.res_company_jinasena_agricultural_machinery_pvt_ltd
tariff_rates_id_26801,10,1,18.0,VAT-on-Item,Taxes,0.0,Jinasena_MasterData_Purchase.tariff_date_id_1241,,0.0,Jinasena_MasterData_Common.res_company_jinasena_agricultural_machinery_pvt_ltd
tariff_rates_id_26802,10,1,18.0,VAT-on-GL,Taxes,0.0,Jinasena_MasterData_Purchase.tariff_date_id_1241,,0.0,Jinasena_MasterData_Common.res_company_jinasena_agricultural_machinery_pvt_ltd
tariff_rates_id_26803,10,1,0.0,CID,Duty,0.0,Jinasena_MasterData_Purchase.tariff_date_id_1242,,0.0,Jinasena_MasterData_Common.res_company_jinasena_agricultural_machinery_pvt_ltd
tariff_rates_id_26804,10,1,0.0,EIC,Duty,0.0,Jinasena_MasterData_Purchase.tariff_date_id_1242,,0.0,Jinasena_MasterData_Common.res_company_jinasena_agricultural_machinery_pvt_ltd
tariff_rates_id_26805,10,1,0.0,ESC,Duty,0.0,Jinasena_MasterData_Purchase.tariff_date_id_1242,,0.0,Jinasena_MasterData_Common.res_company_jinasena_agricultural_machinery_pvt_ltd
tariff_rates_id_26806,10,1,0.0,Excise,Duty,0.0,Jinasena_MasterData_Purchase.tariff_date_id_1242,,0.0,Jinasena_MasterData_Common.res_company_jinasena_agricultural_machinery_pvt_ltd
tariff_rates_id_26807,10,1,7.5,PAL,Duty,0.0,Jinasena_MasterData_Purchase.tariff_date_id_1242,,0.0,Jinasena_MasterData_Common.res_company_jinasena_agricultural_machinery_pvt_ltd
tariff_rates_id_26808,10,1,0.0,RIDL,Duty,0.0,Jinasena_MasterData_Purchase.tariff_date_id_1242,,0.0,Jinasena_MasterData_Common.res_company_jinasena_agricultural_machinery_pvt_ltd
tariff_rates_id_26809,10,1,0.0,SRL,Duty,0.0,Jinasena_MasterData_Purchase.tariff_date_id_1242,,0.0,Jinasena_MasterData_Common.res_company_jinasena_agricultural_machinery_pvt_ltd
tariff_rates_id_26810,10,1,0.0,Surcharge,Duty,0.0,Jinasena_MasterData_Purchase.tariff_date_id_1242,,0.0,Jinasena_MasterData_Common.res_company_jinasena_agricultural_machinery_pvt_ltd
tariff_rates_id_26811,10,1,2.0,NBT,Taxes,0.0,Jinasena_MasterData_Purchase.tariff_date_id_1242,,0.0,Jinasena_MasterData_Common.res_company_jinasena_agricultural_machinery_pvt_ltd
tariff_rates_id_26812,10,1,2.0,NBT-N,Taxes,0.0,Jinasena_MasterData_Purchase.tariff_date_id_1242,,0.0,Jinasena_MasterData_Common.res_company_jinasena_agricultural_machinery_pvt_ltd
tariff_rates_id_26813,10,1,0.0,SSCL,Taxes,0.0,Jinasena_MasterData_Purchase.tariff_date_id_1242,,0.0,Jinasena_MasterData_Common.res_company_jinasena_agricultural_machinery_pvt_ltd
tariff_rates_id_26814,10,1,0.0,VAT-on-Item,Taxes,0.0,Jinasena_MasterData_Purchase.tariff_date_id_1242,,0.0,Jinasena_MasterData_Common.res_company_jinasena_agricultural_machinery_pvt_ltd
tariff_rates_id_26815,10,1,0.0,VAT-on-GL,Taxes,0.0,Jinasena_MasterData_Purchase.tariff_date_id_1242,,0.0,Jinasena_MasterData_Common.res_company_jinasena_agricultural_machinery_pvt_ltd
tariff_rates_id_26816,10,1,0.0,CID,Duty,0.0,Jinasena_MasterData_Purchase.tariff_date_id_1243,,0.0,Jinasena_MasterData_Common.res_company_jinasena_agricultural_machinery_pvt_ltd
tariff_rates_id_26817,10,1,0.0,EIC,Duty,0.0,Jinasena_MasterData_Purchase.tariff_date_id_1243,,0.0,Jinasena_MasterData_Common.res_company_jinasena_agricultural_machinery_pvt_ltd
tariff_rates_id_26818,10,1,0.0,ESC,Duty,0.0,Jinasena_MasterData_Purchase.tariff_date_id_1243,,0.0,Jinasena_MasterData_Common.res_company_jinasena_agricultural_machinery_pvt_ltd
tariff_rates_id_26819,10,1,0.0,Excise,Duty,0.0,Jinasena_MasterData_Purchase.tariff_date_id_1243,,0.0,Jinasena_MasterData_Common.res_company_jinasena_agricultural_machinery_pvt_ltd
tariff_rates_id_26820,10,1,0.0,PAL,Duty,0.0,Jinasena_MasterData_Purchase.tariff_date_id_1243,,0.0,Jinasena_MasterData_Common.res_company_jinasena_agricultural_machinery_pvt_ltd
tariff_rates_id_26821,10,1,0.0,RIDL,Duty,0.0,Jinasena_MasterData_Purchase.tariff_date_id_1243,,0.0,Jinasena_MasterData_Common.res_company_jinasena_agricultural_machinery_pvt_ltd
tariff_rates_id_26822,10,1,0.0,SRL,Duty,0.0,Jinasena_MasterData_Purchase.tariff_date_id_1243,,0.0,Jinasena_MasterData_Common.res_company_jinasena_agricultural_machinery_pvt_ltd
tariff_rates_id_26823,10,1,0.0,Surcharge,Duty,0.0,Jinasena_MasterData_Purchase.tariff_date_id_1243,,0.0,Jinasena_MasterData_Common.res_company_jinasena_agricultural_machinery_pvt_ltd
tariff_rates_id_26824,10,1,0.0,NBT,Taxes,0.0,Jinasena_MasterData_Purchase.tariff_date_id_1243,,0.0,Jinasena_MasterData_Common.res_company_jinasena_agricultural_machinery_pvt_ltd
tariff_rates_id_26825,10,1,0.0,NBT-N,Taxes,0.0,Jinasena_MasterData_Purchase.tariff_date_id_1243,,0.0,Jinasena_MasterData_Common.res_company_jinasena_agricultural_machinery_pvt_ltd
tariff_rates_id_26826,10,1,2.5,SSCL,Taxes,0.0,Jinasena_MasterData_Purchase.tariff_date_id_1243,,0.0,Jinasena_MasterData_Common.res_company_jinasena_agricultural_machinery_pvt_ltd
tariff_rates_id_26827,10,1,18.0,VAT-on-Item,Taxes,0.0,Jinasena_MasterData_Purchase.tariff_date_id_1243,,0.0,Jinasena_MasterData_Common.res_company_jinasena_agricultural_machinery_pvt_ltd
tariff_rates_id_26828,10,1,18.0,VAT-on-GL,Taxes,0.0,Jinasena_MasterData_Purchase.tariff_date_id_1243,,0.0,Jinasena_MasterData_Common.res_company_jinasena_agricultural_machinery_pvt_ltd
tariff_rates_id_26829,10,1,0.0,CID,Duty,0.0,Jinasena_MasterData_Purchase.tariff_date_id_1244,,0.0,Jinasena_MasterData_Common.res_company_jinasena_agricultural_machinery_pvt_ltd
tariff_rates_id_26830,10,1,0.0,EIC,Duty,0.0,Jinasena_MasterData_Purchase.tariff_date_id_1244,,0.0,Jinasena_MasterData_Common.res_company_jinasena_agricultural_machinery_pvt_ltd
tariff_rates_id_26831,10,1,0.0,ESC,Duty,0.0,Jinasena_MasterData_Purchase.tariff_date_id_1244,,0.0,Jinasena_MasterData_Common.res_company_jinasena_agricultural_machinery_pvt_ltd
tariff_rates_id_26832,10,1,0.0,Excise,Duty,0.0,Jinasena_MasterData_Purchase.tariff_date_id_1244,,0.0,Jinasena_MasterData_Common.res_company_jinasena_agricultural_machinery_pvt_ltd
tariff_rates_id_26833,10,1,0.0,PAL,Duty,0.0,Jinasena_MasterData_Purchase.tariff_date_id_1244,,0.0,Jinasena_MasterData_Common.res_company_jinasena_agricultural_machinery_pvt_ltd
tariff_rates_id_26834,10,1,0.0,RIDL,Duty,0.0,Jinasena_MasterData_Purchase.tariff_date_id_1244,,0.0,Jinasena_MasterData_Common.res_company_jinasena_agricultural_machinery_pvt_ltd
tariff_rates_id_26835,10,1,0.0,SRL,Duty,0.0,Jinasena_MasterData_Purchase.tariff_date_id_1244,,0.0,Jinasena_MasterData_Common.res_company_jinasena_agricultural_machinery_pvt_ltd
tariff_rates_id_26836,10,1,0.0,Surcharge,Duty,0.0,Jinasena_MasterData_Purchase.tariff_date_id_1244,,0.0,Jinasena_MasterData_Common.res_company_jinasena_agricultural_machinery_pvt_ltd
tariff_rates_id_26837,10,1,0.0,NBT,Taxes,0.0,Jinasena_MasterData_Purchase.tariff_date_id_1244,,0.0,Jinasena_MasterData_Common.res_company_jinasena_agricultural_machinery_pvt_ltd
tariff_rates_id_26838,10,1,0.0,NBT-N,Taxes,0.0,Jinasena_MasterData_Purchase.tariff_date_id_1244,,0.0,Jinasena_MasterData_Common.res_company_jinasena_agricultural_machinery_pvt_ltd
tariff_rates_id_26839,10,1,2.5,SSCL,Taxes,0.0,Jinasena_MasterData_Purchase.tariff_date_id_1244,,0.0,Jinasena_MasterData_Common.res_company_jinasena_agricultural_machinery_pvt_ltd
tariff_rates_id_26840,10,1,18.0,VAT-on-Item,Taxes,0.0,Jinasena_MasterData_Purchase.tariff_date_id_1244,,0.0,Jinasena_MasterData_Common.res_company_jinasena_agricultural_machinery_pvt_ltd
tariff_rates_id_26841,10,1,18.0,VAT-on-GL,Taxes,0.0,Jinasena_MasterData_Purchase.tariff_date_id_1244,,0.0,Jinasena_MasterData_Common.res_company_jinasena_agricultural_machinery_pvt_ltd
tariff_rates_id_26842,10,1,0.0,CID,Duty,0.0,Jinasena_MasterData_Purchase.tariff_date_id_1245,,0.0,Jinasena_MasterData_Common.res_company_jinasena_agricultural_machinery_pvt_ltd
tariff_rates_id_26843,10,1,0.0,EIC,Duty,0.0,Jinasena_MasterData_Purchase.tariff_date_id_1245,,0.0,Jinasena_MasterData_Common.res_company_jinasena_agricultural_machinery_pvt_ltd
tariff_rates_id_26844,10,1,0.0,ESC,Duty,0.0,Jinasena_MasterData_Purchase.tariff_date_id_1245,,0.0,Jinasena_MasterData_Common.res_company_jinasena_agricultural_machinery_pvt_ltd
tariff_rates_id_26845,10,1,0.0,Excise,Duty,0.0,Jinasena_MasterData_Purchase.tariff_date_id_1245,,0.0,Jinasena_MasterData_Common.res_company_jinasena_agricultural_machinery_pvt_ltd
tariff_rates_id_26846,10,1,5.0,PAL,Duty,0.0,Jinasena_MasterData_Purchase.tariff_date_id_1245,,0.0,Jinasena_MasterData_Common.res_company_jinasena_agricultural_machinery_pvt_ltd
tariff_rates_id_26847,10,1,0.0,RIDL,Duty,0.0,Jinasena_MasterData_Purchase.tariff_date_id_1245,,0.0,Jinasena_MasterData_Common.res_company_jinasena_agricultural_machinery_pvt_ltd
tariff_rates_id_26848,10,1,0.0,SRL,Duty,0.0,Jinasena_MasterData_Purchase.tariff_date_id_1245,,0.0,Jinasena_MasterData_Common.res_company_jinasena_agricultural_machinery_pvt_ltd
tariff_rates_id_26849,10,1,0.0,Surcharge,Duty,0.0,Jinasena_MasterData_Purchase.tariff_date_id_1245,,0.0,Jinasena_MasterData_Common.res_company_jinasena_agricultural_machinery_pvt_ltd
tariff_rates_id_26850,10,1,0.0,NBT,Taxes,0.0,Jinasena_MasterData_Purchase.tariff_date_id_1245,,0.0,Jinasena_MasterData_Common.res_company_jinasena_agricultural_machinery_pvt_ltd
tariff_rates_id_26851,10,1,0.0,NBT-N,Taxes,0.0,Jinasena_MasterData_Purchase.tariff_date_id_1245,,0.0,Jinasena_MasterData_Common.res_company_jinasena_agricultural_machinery_pvt_ltd
tariff_rates_id_26852,10,1,2.5,SSCL,Taxes,0.0,Jinasena_MasterData_Purchase.tariff_date_id_1245,,0.0,Jinasena_MasterData_Common.res_company_jinasena_agricultural_machinery_pvt_ltd
tariff_rates_id_26853,10,1,0.0,VAT-on-Item,Taxes,0.0,Jinasena_MasterData_Purchase.tariff_date_id_1245,,0.0,Jinasena_MasterData_Common.res_company_jinasena_agricultural_machinery_pvt_ltd
tariff_rates_id_26854,10,1,0.0,VAT-on-GL,Taxes,0.0,Jinasena_MasterData_Purchase.tariff_date_id_1245,,0.0,Jinasena_MasterData_Common.res_company_jinasena_agricultural_machinery_pvt_ltd
tariff_rates_id_26855,10,1,0.0,CID,Duty,0.0,Jinasena_MasterData_Purchase.tariff_date_id_1246,,0.0,Jinasena_MasterData_Common.res_company_jinasena_agricultural_machinery_pvt_ltd
tariff_rates_id_26856,10,1,0.0,EIC,Duty,0.0,Jinasena_MasterData_Purchase.tariff_date_id_1246,,0.0,Jinasena_MasterData_Common.res_company_jinasena_agricultural_machinery_pvt_ltd
tariff_rates_id_26857,10,1,0.0,ESC,Duty,0.0,Jinasena_MasterData_Purchase.tariff_date_id_1246,,0.0,Jinasena_MasterData_Common.res_company_jinasena_agricultural_machinery_pvt_ltd
tariff_rates_id_26858,10,1,0.0,Excise,Duty,0.0,Jinasena_MasterData_Purchase.tariff_date_id_1246,,0.0,Jinasena_MasterData_Common.res_company_jinasena_agricultural_machinery_pvt_ltd
tariff_rates_id_26859,10,1,5.0,PAL,Duty,0.0,Jinasena_MasterData_Purchase.tariff_date_id_1246,,0.0,Jinasena_MasterData_Common.res_company_jinasena_agricultural_machinery_pvt_ltd
tariff_rates_id_26860,10,1,0.0,RIDL,Duty,0.0,Jinasena_MasterData_Purchase.tariff_date_id_1246,,0.0,Jinasena_MasterData_Common.res_company_jinasena_agricultural_machinery_pvt_ltd
tariff_rates_id_26861,10,1,0.0,SRL,Duty,0.0,Jinasena_MasterData_Purchase.tariff_date_id_1246,,0.0,Jinasena_MasterData_Common.res_company_jinasena_agricultural_machinery_pvt_ltd
tariff_rates_id_26862,10,1,0.0,Surcharge,Duty,0.0,Jinasena_MasterData_Purchase.tariff_date_id_1246,,0.0,Jinasena_MasterData_Common.res_company_jinasena_agricultural_machinery_pvt_ltd
tariff_rates_id_26863,10,1,0.0,NBT,Taxes,0.0,Jinasena_MasterData_Purchase.tariff_date_id_1246,,0.0,Jinasena_MasterData_Common.res_company_jinasena_agricultural_machinery_pvt_ltd
tariff_rates_id_26864,10,1,0.0,NBT-N,Taxes,0.0,Jinasena_MasterData_Purchase.tariff_date_id_1246,,0.0,Jinasena_MasterData_Common.res_company_jinasena_agricultural_machinery_pvt_ltd
tariff_rates_id_26865,10,1,2.5,SSCL,Taxes,0.0,Jinasena_MasterData_Purchase.tariff_date_id_1246,,0.0,Jinasena_MasterData_Common.res_company_jinasena_agricultural_machinery_pvt_ltd
tariff_rates_id_26866,10,1,15.0,VAT-on-Item,Taxes,0.0,Jinasena_MasterData_Purchase.tariff_date_id_1246,,0.0,Jinasena_MasterData_Common.res_company_jinasena_agricultural_machinery_pvt_ltd
tariff_rates_id_26867,10,1,15.0,VAT-on-GL,Taxes,0.0,Jinasena_MasterData_Purchase.tariff_date_id_1246,,0.0,Jinasena_MasterData_Common.res_company_jinasena_agricultural_machinery_pvt_ltd
tariff_rates_id_26868,10,1,0.0,CID,Duty,0.0,Jinasena_MasterData_Purchase.tariff_date_id_1247,,0.0,Jinasena_MasterData_Common.res_company_jinasena_agricultural_machinery_pvt_ltd
tariff_rates_id_26869,10,1,0.0,EIC,Duty,0.0,Jinasena_MasterData_Purchase.tariff_date_id_1247,,0.0,Jinasena_MasterData_Common.res_company_jinasena_agricultural_machinery_pvt_ltd
tariff_rates_id_26870,10,1,0.0,ESC,Duty,0.0,Jinasena_MasterData_Purchase.tariff_date_id_1247,,0.0,Jinasena_MasterData_Common.res_company_jinasena_agricultural_machinery_pvt_ltd
tariff_rates_id_26871,10,1,0.0,Excise,Duty,0.0,Jinasena_MasterData_Purchase.tariff_date_id_1247,,0.0,Jinasena_MasterData_Common.res_company_jinasena_agricultural_machinery_pvt_ltd
tariff_rates_id_26872,10,1,5.0,PAL,Duty,0.0,Jinasena_MasterData_Purchase.tariff_date_id_1247,,0.0,Jinasena_MasterData_Common.res_company_jinasena_agricultural_machinery_pvt_ltd
tariff_rates_id_26873,10,1,0.0,RIDL,Duty,0.0,Jinasena_MasterData_Purchase.tariff_date_id_1247,,0.0,Jinasena_MasterData_Common.res_company_jinasena_agricultural_machinery_pvt_ltd
tariff_rates_id_26874,10,1,0.0,SRL,Duty,0.0,Jinasena_MasterData_Purchase.tariff_date_id_1247,,0.0,Jinasena_MasterData_Common.res_company_jinasena_agricultural_machinery_pvt_ltd
tariff_rates_id_26875,10,1,0.0,Surcharge,Duty,0.0,Jinasena_MasterData_Purchase.tariff_date_id_1247,,0.0,Jinasena_MasterData_Common.res_company_jinasena_agricultural_machinery_pvt_ltd
tariff_rates_id_26876,10,1,0.0,NBT,Taxes,0.0,Jinasena_MasterData_Purchase.tariff_date_id_1247,,0.0,Jinasena_MasterData_Common.res_company_jinasena_agricultural_machinery_pvt_ltd
tariff_rates_id_26877,10,1,0.0,NBT-N,Taxes,0.0,Jinasena_MasterData_Purchase.tariff_date_id_1247,,0.0,Jinasena_MasterData_Common.res_company_jinasena_agricultural_machinery_pvt_ltd
tariff_rates_id_26878,10,1,0.0,SSCL,Taxes,0.0,Jinasena_MasterData_Purchase.tariff_date_id_1247,,0.0,Jinasena_MasterData_Common.res_company_jinasena_agricultural_machinery_pvt_ltd
tariff_rates_id_26879,10,1,12.0,VAT-on-Item,Taxes,0.0,Jinasena_MasterData_Purchase.tariff_date_id_1247,,0.0,Jinasena_MasterData_Common.res_company_jinasena_agricultural_machinery_pvt_ltd
tariff_rates_id_26880,10,1,12.0,VAT-on-GL,Taxes,0.0,Jinasena_MasterData_Purchase.tariff_date_id_1247,,0.0,Jinasena_MasterData_Common.res_company_jinasena_agricultural_machinery_pvt_ltd
tariff_rates_id_26881,10,1,0.0,CID,Duty,0.0,Jinasena_MasterData_Purchase.tariff_date_id_1248,,0.0,Jinasena_MasterData_Common.res_company_jinasena_agricultural_machinery_pvt_ltd
tariff_rates_id_26882,10,1,0.0,EIC,Duty,0.0,Jinasena_MasterData_Purchase.tariff_date_id_1248,,0.0,Jinasena_MasterData_Common.res_company_jinasena_agricultural_machinery_pvt_ltd
tariff_rates_id_26883,10,1,0.0,ESC,Duty,0.0,Jinasena_MasterData_Purchase.tariff_date_id_1248,,0.0,Jinasena_MasterData_Common.res_company_jinasena_agricultural_machinery_pvt_ltd
tariff_rates_id_26884,10,1,0.0,Excise,Duty,0.0,Jinasena_MasterData_Purchase.tariff_date_id_1248,,0.0,Jinasena_MasterData_Common.res_company_jinasena_agricultural_machinery_pvt_ltd
tariff_rates_id_26885,10,1,5.0,PAL,Duty,0.0,Jinasena_MasterData_Purchase.tariff_date_id_1248,,0.0,Jinasena_MasterData_Common.res_company_jinasena_agricultural_machinery_pvt_ltd
tariff_rates_id_26886,10,1,0.0,RIDL,Duty,0.0,Jinasena_MasterData_Purchase.tariff_date_id_1248,,0.0,Jinasena_MasterData_Common.res_company_jinasena_agricultural_machinery_pvt_ltd
tariff_rates_id_26887,10,1,0.0,SRL,Duty,0.0,Jinasena_MasterData_Purchase.tariff_date_id_1248,,0.0,Jinasena_MasterData_Common.res_company_jinasena_agricultural_machinery_pvt_ltd
tariff_rates_id_26888,10,1,0.0,Surcharge,Duty,0.0,Jinasena_MasterData_Purchase.tariff_date_id_1248,,0.0,Jinasena_MasterData_Common.res_company_jinasena_agricultural_machinery_pvt_ltd
tariff_rates_id_26889,10,1,0.0,NBT,Taxes,0.0,Jinasena_MasterData_Purchase.tariff_date_id_1248,,0.0,Jinasena_MasterData_Common.res_company_jinasena_agricultural_machinery_pvt_ltd
tariff_rates_id_26890,10,1,0.0,NBT-N,Taxes,0.0,Jinasena_MasterData_Purchase.tariff_date_id_1248,,0.0,Jinasena_MasterData_Common.res_company_jinasena_agricultural_machinery_pvt_ltd
tariff_rates_id_26891,10,1,2.5,SSCL,Taxes,0.0,Jinasena_MasterData_Purchase.tariff_date_id_1248,,0.0,Jinasena_MasterData_Common.res_company_jinasena_agricultural_machinery_pvt_ltd
tariff_rates_id_26892,10,1,18.0,VAT-on-Item,Taxes,0.0,Jinasena_MasterData_Purchase.tariff_date_id_1248,,0.0,Jinasena_MasterData_Common.res_company_jinasena_agricultural_machinery_pvt_ltd
tariff_rates_id_26893,10,1,18.0,VAT-on-GL,Taxes,0.0,Jinasena_MasterData_Purchase.tariff_date_id_1248,,0.0,Jinasena_MasterData_Common.res_company_jinasena_agricultural_machinery_pvt_ltd
tariff_rates_id_26894,10,1,0.0,CID,Duty,0.0,Jinasena_MasterData_Purchase.tariff_date_id_1249,,0.0,Jinasena_MasterData_Common.res_company_jinasena_agricultural_machinery_pvt_ltd
tariff_rates_id_26895,10,1,0.0,EIC,Duty,0.0,Jinasena_MasterData_Purchase.tariff_date_id_1249,,0.0,Jinasena_MasterData_Common.res_company_jinasena_agricultural_machinery_pvt_ltd
tariff_rates_id_26896,10,1,0.0,ESC,Duty,0.0,Jinasena_MasterData_Purchase.tariff_date_id_1249,,0.0,Jinasena_MasterData_Common.res_company_jinasena_agricultural_machinery_pvt_ltd
tariff_rates_id_26897,10,1,0.0,Excise,Duty,0.0,Jinasena_MasterData_Purchase.tariff_date_id_1249,,0.0,Jinasena_MasterData_Common.res_company_jinasena_agricultural_machinery_pvt_ltd
tariff_rates_id_26898,10,1,5.0,PAL,Duty,0.0,Jinasena_MasterData_Purchase.tariff_date_id_1249,,0.0,Jinasena_MasterData_Common.res_company_jinasena_agricultural_machinery_pvt_ltd
tariff_rates_id_26899,10,1,0.0,RIDL,Duty,0.0,Jinasena_MasterData_Purchase.tariff_date_id_1249,,0.0,Jinasena_MasterData_Common.res_company_jinasena_agricultural_machinery_pvt_ltd
tariff_rates_id_26900,10,1,0.0,SRL,Duty,0.0,Jinasena_MasterData_Purchase.tariff_date_id_1249,,0.0,Jinasena_MasterData_Common.res_company_jinasena_agricultural_machinery_pvt_ltd
tariff_rates_id_26901,10,1,0.0,Surcharge,Duty,0.0,Jinasena_MasterData_Purchase.tariff_date_id_1249,,0.0,Jinasena_MasterData_Common.res_company_jinasena_agricultural_machinery_pvt_ltd
tariff_rates_id_26902,10,1,0.0,NBT,Taxes,0.0,Jinasena_MasterData_Purchase.tariff_date_id_1249,,0.0,Jinasena_MasterData_Common.res_company_jinasena_agricultural_machinery_pvt_ltd
tariff_rates_id_26903,10,1,0.0,NBT-N,Taxes,0.0,Jinasena_MasterData_Purchase.tariff_date_id_1249,,0.0,Jinasena_MasterData_Common.res_company_jinasena_agricultural_machinery_pvt_ltd
tariff_rates_id_26904,10,1,0.0,SSCL,Taxes,0.0,Jinasena_MasterData_Purchase.tariff_date_id_1249,,0.0,Jinasena_MasterData_Common.res_company_jinasena_agricultural_machinery_pvt_ltd
tariff_rates_id_26905,10,1,12.0,VAT-on-Item,Taxes,0.0,Jinasena_MasterData_Purchase.tariff_date_id_1249,,0.0,Jinasena_MasterData_Common.res_company_jinasena_agricultural_machinery_pvt_ltd
tariff_rates_id_26906,10,1,12.0,VAT-on-GL,Taxes,0.0,Jinasena_MasterData_Purchase.tariff_date_id_1249,,0.0,Jinasena_MasterData_Common.res_company_jinasena_agricultural_machinery_pvt_ltd
tariff_rates_id_26907,10,1,0.0,CID,Duty,0.0,Jinasena_MasterData_Purchase.tariff_date_id_1250,,0.0,Jinasena_MasterData_Common.res_company_jinasena_agricultural_machinery_pvt_ltd
tariff_rates_id_26908,10,1,0.0,EIC,Duty,0.0,Jinasena_MasterData_Purchase.tariff_date_id_1250,,0.0,Jinasena_MasterData_Common.res_company_jinasena_agricultural_machinery_pvt_ltd
tariff_rates_id_26909,10,1,0.0,ESC,Duty,0.0,Jinasena_MasterData_Purchase.tariff_date_id_1250,,0.0,Jinasena_MasterData_Common.res_company_jinasena_agricultural_machinery_pvt_ltd
tariff_rates_id_26910,10,1,0.0,Excise,Duty,0.0,Jinasena_MasterData_Purchase.tariff_date_id_1250,,0.0,Jinasena_MasterData_Common.res_company_jinasena_agricultural_machinery_pvt_ltd
tariff_rates_id_26911,10,1,7.5,PAL,Duty,0.0,Jinasena_MasterData_Purchase.tariff_date_id_1250,,0.0,Jinasena_MasterData_Common.res_company_jinasena_agricultural_machinery_pvt_ltd
tariff_rates_id_26912,10,1,0.0,RIDL,Duty,0.0,Jinasena_MasterData_Purchase.tariff_date_id_1250,,0.0,Jinasena_MasterData_Common.res_company_jinasena_agricultural_machinery_pvt_ltd
tariff_rates_id_26913,10,1,0.0,SRL,Duty,0.0,Jinasena_MasterData_Purchase.tariff_date_id_1250,,0.0,Jinasena_MasterData_Common.res_company_jinasena_agricultural_machinery_pvt_ltd
tariff_rates_id_26914,10,1,0.0,Surcharge,Duty,0.0,Jinasena_MasterData_Purchase.tariff_date_id_1250,,0.0,Jinasena_MasterData_Common.res_company_jinasena_agricultural_machinery_pvt_ltd
tariff_rates_id_26915,10,1,0.0,NBT,Taxes,0.0,Jinasena_MasterData_Purchase.tariff_date_id_1250,,0.0,Jinasena_MasterData_Common.res_company_jinasena_agricultural_machinery_pvt_ltd
tariff_rates_id_26916,10,1,0.0,NBT-N,Taxes,0.0,Jinasena_MasterData_Purchase.tariff_date_id_1250,,0.0,Jinasena_MasterData_Common.res_company_jinasena_agricultural_machinery_pvt_ltd
tariff_rates_id_26917,10,1,2.5,SSCL,Taxes,0.0,Jinasena_MasterData_Purchase.tariff_date_id_1250,,0.0,Jinasena_MasterData_Common.res_company_jinasena_agricultural_machinery_pvt_ltd
tariff_rates_id_26918,10,1,18.0,VAT-on-Item,Taxes,0.0,Jinasena_MasterData_Purchase.tariff_date_id_1250,,0.0,Jinasena_MasterData_Common.res_company_jinasena_agricultural_machinery_pvt_ltd
tariff_rates_id_26919,10,1,18.0,VAT-on-GL,Taxes,0.0,Jinasena_MasterData_Purchase.tariff_date_id_1250,,0.0,Jinasena_MasterData_Common.res_company_jinasena_agricultural_machinery_pvt_ltd
tariff_rates_id_26920,10,1,0.0,CID,Duty,0.0,Jinasena_MasterData_Purchase.tariff_date_id_1251,,0.0,Jinasena_MasterData_Common.res_company_jinasena_agricultural_machinery_pvt_ltd
tariff_rates_id_26921,10,1,0.0,EIC,Duty,0.0,Jinasena_MasterData_Purchase.tariff_date_id_1251,,0.0,Jinasena_MasterData_Common.res_company_jinasena_agricultural_machinery_pvt_ltd
tariff_rates_id_26922,10,1,0.0,ESC,Duty,0.0,Jinasena_MasterData_Purchase.tariff_date_id_1251,,0.0,Jinasena_MasterData_Common.res_company_jinasena_agricultural_machinery_pvt_ltd
tariff_rates_id_26923,10,1,0.0,Excise,Duty,0.0,Jinasena_MasterData_Purchase.tariff_date_id_1251,,0.0,Jinasena_MasterData_Common.res_company_jinasena_agricultural_machinery_pvt_ltd
tariff_rates_id_26924,10,1,5.0,PAL,Duty,0.0,Jinasena_MasterData_Purchase.tariff_date_id_1251,,0.0,Jinasena_MasterData_Common.res_company_jinasena_agricultural_machinery_pvt_ltd
tariff_rates_id_26925,10,1,0.0,RIDL,Duty,0.0,Jinasena_MasterData_Purchase.tariff_date_id_1251,,0.0,Jinasena_MasterData_Common.res_company_jinasena_agricultural_machinery_pvt_ltd
tariff_rates_id_26926,10,1,0.0,SRL,Duty,0.0,Jinasena_MasterData_Purchase.tariff_date_id_1251,,0.0,Jinasena_MasterData_Common.res_company_jinasena_agricultural_machinery_pvt_ltd
tariff_rates_id_26927,10,1,0.0,Surcharge,Duty,0.0,Jinasena_MasterData_Purchase.tariff_date_id_1251,,0.0,Jinasena_MasterData_Common.res_company_jinasena_agricultural_machinery_pvt_ltd
tariff_rates_id_26928,10,1,0.0,NBT,Taxes,0.0,Jinasena_MasterData_Purchase.tariff_date_id_1251,,0.0,Jinasena_MasterData_Common.res_company_jinasena_agricultural_machinery_pvt_ltd
tariff_rates_id_26929,10,1,0.0,NBT-N,Taxes,0.0,Jinasena_MasterData_Purchase.tariff_date_id_1251,,0.0,Jinasena_MasterData_Common.res_company_jinasena_agricultural_machinery_pvt_ltd
tariff_rates_id_26930,10,1,0.0,SSCL,Taxes,0.0,Jinasena_MasterData_Purchase.tariff_date_id_1251,,0.0,Jinasena_MasterData_Common.res_company_jinasena_agricultural_machinery_pvt_ltd
tariff_rates_id_26931,10,1,12.0,VAT-on-Item,Taxes,0.0,Jinasena_MasterData_Purchase.tariff_date_id_1251,,0.0,Jinasena_MasterData_Common.res_company_jinasena_agricultural_machinery_pvt_ltd
tariff_rates_id_26932,10,1,12.0,VAT-on-GL,Taxes,0.0,Jinasena_MasterData_Purchase.tariff_date_id_1251,,0.0,Jinasena_MasterData_Common.res_company_jinasena_agricultural_machinery_pvt_ltd
tariff_rates_id_26933,10,1,0.0,CID,Duty,0.0,Jinasena_MasterData_Purchase.tariff_date_id_1252,,0.0,Jinasena_MasterData_Common.res_company_jinasena_agricultural_machinery_pvt_ltd
tariff_rates_id_26934,10,1,0.0,EIC,Duty,0.0,Jinasena_MasterData_Purchase.tariff_date_id_1252,,0.0,Jinasena_MasterData_Common.res_company_jinasena_agricultural_machinery_pvt_ltd
tariff_rates_id_26935,10,1,0.0,ESC,Duty,0.0,Jinasena_MasterData_Purchase.tariff_date_id_1252,,0.0,Jinasena_MasterData_Common.res_company_jinasena_agricultural_machinery_pvt_ltd
tariff_rates_id_26936,10,1,0.0,Excise,Duty,0.0,Jinasena_MasterData_Purchase.tariff_date_id_1252,,0.0,Jinasena_MasterData_Common.res_company_jinasena_agricultural_machinery_pvt_ltd
tariff_rates_id_26937,10,1,5.0,PAL,Duty,0.0,Jinasena_MasterData_Purchase.tariff_date_id_1252,,0.0,Jinasena_MasterData_Common.res_company_jinasena_agricultural_machinery_pvt_ltd
tariff_rates_id_26938,10,1,0.0,RIDL,Duty,0.0,Jinasena_MasterData_Purchase.tariff_date_id_1252,,0.0,Jinasena_MasterData_Common.res_company_jinasena_agricultural_machinery_pvt_ltd
tariff_rates_id_26939,10,1,0.0,SRL,Duty,0.0,Jinasena_MasterData_Purchase.tariff_date_id_1252,,0.0,Jinasena_MasterData_Common.res_company_jinasena_agricultural_machinery_pvt_ltd
tariff_rates_id_26940,10,1,0.0,Surcharge,Duty,0.0,Jinasena_MasterData_Purchase.tariff_date_id_1252,,0.0,Jinasena_MasterData_Common.res_company_jinasena_agricultural_machinery_pvt_ltd
tariff_rates_id_26941,10,1,0.0,NBT,Taxes,0.0,Jinasena_MasterData_Purchase.tariff_date_id_1252,,0.0,Jinasena_MasterData_Common.res_company_jinasena_agricultural_machinery_pvt_ltd
tariff_rates_id_26942,10,1,0.0,NBT-N,Taxes,0.0,Jinasena_MasterData_Purchase.tariff_date_id_1252,,0.0,Jinasena_MasterData_Common.res_company_jinasena_agricultural_machinery_pvt_ltd
tariff_rates_id_26943,10,1,2.5,SSCL,Taxes,0.0,Jinasena_MasterData_Purchase.tariff_date_id_1252,,0.0,Jinasena_MasterData_Common.res_company_jinasena_agricultural_machinery_pvt_ltd
tariff_rates_id_26944,10,1,18.0,VAT-on-Item,Taxes,0.0,Jinasena_MasterData_Purchase.tariff_date_id_1252,,0.0,Jinasena_MasterData_Common.res_company_jinasena_agricultural_machinery_pvt_ltd
tariff_rates_id_26945,10,1,18.0,VAT-on-GL,Taxes,0.0,Jinasena_MasterData_Purchase.tariff_date_id_1252,,0.0,Jinasena_MasterData_Common.res_company_jinasena_agricultural_machinery_pvt_ltd
tariff_rates_id_26946,10,1,0.0,CID,Duty,0.0,Jinasena_MasterData_Purchase.tariff_date_id_1253,,0.0,Jinasena_MasterData_Common.res_company_jinasena_agricultural_machinery_pvt_ltd
tariff_rates_id_26947,10,1,0.0,EIC,Duty,0.0,Jinasena_MasterData_Purchase.tariff_date_id_1253,,0.0,Jinasena_MasterData_Common.res_company_jinasena_agricultural_machinery_pvt_ltd
tariff_rates_id_26948,10,1,0.0,ESC,Duty,0.0,Jinasena_MasterData_Purchase.tariff_date_id_1253,,0.0,Jinasena_MasterData_Common.res_company_jinasena_agricultural_machinery_pvt_ltd
tariff_rates_id_26949,10,1,0.0,Excise,Duty,0.0,Jinasena_MasterData_Purchase.tariff_date_id_1253,,0.0,Jinasena_MasterData_Common.res_company_jinasena_agricultural_machinery_pvt_ltd
tariff_rates_id_26950,10,1,5.0,PAL,Duty,0.0,Jinasena_MasterData_Purchase.tariff_date_id_1253,,0.0,Jinasena_MasterData_Common.res_company_jinasena_agricultural_machinery_pvt_ltd
tariff_rates_id_26951,10,1,0.0,RIDL,Duty,0.0,Jinasena_MasterData_Purchase.tariff_date_id_1253,,0.0,Jinasena_MasterData_Common.res_company_jinasena_agricultural_machinery_pvt_ltd
tariff_rates_id_26952,10,1,0.0,SRL,Duty,0.0,Jinasena_MasterData_Purchase.tariff_date_id_1253,,0.0,Jinasena_MasterData_Common.res_company_jinasena_agricultural_machinery_pvt_ltd
tariff_rates_id_26953,10,1,0.0,Surcharge,Duty,0.0,Jinasena_MasterData_Purchase.tariff_date_id_1253,,0.0,Jinasena_MasterData_Common.res_company_jinasena_agricultural_machinery_pvt_ltd
tariff_rates_id_26954,10,1,0.0,NBT,Taxes,0.0,Jinasena_MasterData_Purchase.tariff_date_id_1253,,0.0,Jinasena_MasterData_Common.res_company_jinasena_agricultural_machinery_pvt_ltd
tariff_rates_id_26955,10,1,0.0,NBT-N,Taxes,0.0,Jinasena_MasterData_Purchase.tariff_date_id_1253,,0.0,Jinasena_MasterData_Common.res_company_jinasena_agricultural_machinery_pvt_ltd
tariff_rates_id_26956,10,1,2.5,SSCL,Taxes,0.0,Jinasena_MasterData_Purchase.tariff_date_id_1253,,0.0,Jinasena_MasterData_Common.res_company_jinasena_agricultural_machinery_pvt_ltd
tariff_rates_id_26957,10,1,18.0,VAT-on-Item,Taxes,0.0,Jinasena_MasterData_Purchase.tariff_date_id_1253,,0.0,Jinasena_MasterData_Common.res_company_jinasena_agricultural_machinery_pvt_ltd
tariff_rates_id_26958,10,1,18.0,VAT-on-GL,Taxes,0.0,Jinasena_MasterData_Purchase.tariff_date_id_1253,,0.0,Jinasena_MasterData_Common.res_company_jinasena_agricultural_machinery_pvt_ltd
tariff_rates_id_26959,10,1,0.0,CID,Duty,0.0,Jinasena_MasterData_Purchase.tariff_date_id_1254,,0.0,Jinasena_MasterData_Common.res_company_jinasena_agricultural_machinery_pvt_ltd
tariff_rates_id_26960,10,1,0.0,EIC,Duty,0.0,Jinasena_MasterData_Purchase.tariff_date_id_1254,,0.0,Jinasena_MasterData_Common.res_company_jinasena_agricultural_machinery_pvt_ltd
tariff_rates_id_26961,10,1,0.0,ESC,Duty,0.0,Jinasena_MasterData_Purchase.tariff_date_id_1254,,0.0,Jinasena_MasterData_Common.res_company_jinasena_agricultural_machinery_pvt_ltd
tariff_rates_id_26962,10,1,0.0,Excise,Duty,0.0,Jinasena_MasterData_Purchase.tariff_date_id_1254,,0.0,Jinasena_MasterData_Common.res_company_jinasena_agricultural_machinery_pvt_ltd
tariff_rates_id_26963,10,1,5.0,PAL,Duty,0.0,Jinasena_MasterData_Purchase.tariff_date_id_1254,,0.0,Jinasena_MasterData_Common.res_company_jinasena_agricultural_machinery_pvt_ltd
tariff_rates_id_26964,10,1,0.0,RIDL,Duty,0.0,Jinasena_MasterData_Purchase.tariff_date_id_1254,,0.0,Jinasena_MasterData_Common.res_company_jinasena_agricultural_machinery_pvt_ltd
tariff_rates_id_26965,10,1,0.0,SRL,Duty,0.0,Jinasena_MasterData_Purchase.tariff_date_id_1254,,0.0,Jinasena_MasterData_Common.res_company_jinasena_agricultural_machinery_pvt_ltd
tariff_rates_id_26966,10,1,0.0,Surcharge,Duty,0.0,Jinasena_MasterData_Purchase.tariff_date_id_1254,,0.0,Jinasena_MasterData_Common.res_company_jinasena_agricultural_machinery_pvt_ltd
tariff_rates_id_26967,10,1,0.0,NBT,Taxes,0.0,Jinasena_MasterData_Purchase.tariff_date_id_1254,,0.0,Jinasena_MasterData_Common.res_company_jinasena_agricultural_machinery_pvt_ltd
tariff_rates_id_26968,10,1,0.0,NBT-N,Taxes,0.0,Jinasena_MasterData_Purchase.tariff_date_id_1254,,0.0,Jinasena_MasterData_Common.res_company_jinasena_agricultural_machinery_pvt_ltd
tariff_rates_id_26969,10,1,2.5,SSCL,Taxes,0.0,Jinasena_MasterData_Purchase.tariff_date_id_1254,,0.0,Jinasena_MasterData_Common.res_company_jinasena_agricultural_machinery_pvt_ltd
tariff_rates_id_26970,10,1,15.0,VAT-on-Item,Taxes,0.0,Jinasena_MasterData_Purchase.tariff_date_id_1254,,0.0,Jinasena_MasterData_Common.res_company_jinasena_agricultural_machinery_pvt_ltd
tariff_rates_id_26971,10,1,15.0,VAT-on-GL,Taxes,0.0,Jinasena_MasterData_Purchase.tariff_date_id_1254,,0.0,Jinasena_MasterData_Common.res_company_jinasena_agricultural_machinery_pvt_ltd
tariff_rates_id_26972,10,1,0.0,CID,Duty,0.0,Jinasena_MasterData_Purchase.tariff_date_id_1255,,0.0,Jinasena_MasterData_Common.res_company_jinasena_agricultural_machinery_pvt_ltd
tariff_rates_id_26973,10,1,0.0,EIC,Duty,0.0,Jinasena_MasterData_Purchase.tariff_date_id_1255,,0.0,Jinasena_MasterData_Common.res_company_jinasena_agricultural_machinery_pvt_ltd
tariff_rates_id_26974,10,1,0.0,ESC,Duty,0.0,Jinasena_MasterData_Purchase.tariff_date_id_1255,,0.0,Jinasena_MasterData_Common.res_company_jinasena_agricultural_machinery_pvt_ltd
tariff_rates_id_26975,10,1,0.0,Excise,Duty,0.0,Jinasena_MasterData_Purchase.tariff_date_id_1255,,0.0,Jinasena_MasterData_Common.res_company_jinasena_agricultural_machinery_pvt_ltd
tariff_rates_id_26976,10,1,5.0,PAL,Duty,0.0,Jinasena_MasterData_Purchase.tariff_date_id_1255,,0.0,Jinasena_MasterData_Common.res_company_jinasena_agricultural_machinery_pvt_ltd
tariff_rates_id_26977,10,1,0.0,RIDL,Duty,0.0,Jinasena_MasterData_Purchase.tariff_date_id_1255,,0.0,Jinasena_MasterData_Common.res_company_jinasena_agricultural_machinery_pvt_ltd
tariff_rates_id_26978,10,1,0.0,SRL,Duty,0.0,Jinasena_MasterData_Purchase.tariff_date_id_1255,,0.0,Jinasena_MasterData_Common.res_company_jinasena_agricultural_machinery_pvt_ltd
tariff_rates_id_26979,10,1,0.0,Surcharge,Duty,0.0,Jinasena_MasterData_Purchase.tariff_date_id_1255,,0.0,Jinasena_MasterData_Common.res_company_jinasena_agricultural_machinery_pvt_ltd
tariff_rates_id_26980,10,1,2.0,NBT,Taxes,0.0,Jinasena_MasterData_Purchase.tariff_date_id_1255,,0.0,Jinasena_MasterData_Common.res_company_jinasena_agricultural_machinery_pvt_ltd
tariff_rates_id_26981,10,1,2.0,NBT-N,Taxes,0.0,Jinasena_MasterData_Purchase.tariff_date_id_1255,,0.0,Jinasena_MasterData_Common.res_company_jinasena_agricultural_machinery_pvt_ltd
tariff_rates_id_26982,10,1,2.5,SSCL,Taxes,0.0,Jinasena_MasterData_Purchase.tariff_date_id_1255,,0.0,Jinasena_MasterData_Common.res_company_jinasena_agricultural_machinery_pvt_ltd
tariff_rates_id_26983,10,1,12.0,VAT-on-Item,Taxes,0.0,Jinasena_MasterData_Purchase.tariff_date_id_1255,,0.0,Jinasena_MasterData_Common.res_company_jinasena_agricultural_machinery_pvt_ltd
tariff_rates_id_26984,10,1,12.0,VAT-on-GL,Taxes,0.0,Jinasena_MasterData_Purchase.tariff_date_id_1255,,0.0,Jinasena_MasterData_Common.res_company_jinasena_agricultural_machinery_pvt_ltd
tariff_rates_id_26985,10,1,0.0,CID,Duty,0.0,Jinasena_MasterData_Purchase.tariff_date_id_1256,,0.0,Jinasena_MasterData_Common.res_company_jinasena_agricultural_machinery_pvt_ltd
tariff_rates_id_26986,10,1,0.0,EIC,Duty,0.0,Jinasena_MasterData_Purchase.tariff_date_id_1256,,0.0,Jinasena_MasterData_Common.res_company_jinasena_agricultural_machinery_pvt_ltd
tariff_rates_id_26987,10,1,0.0,ESC,Duty,0.0,Jinasena_MasterData_Purchase.tariff_date_id_1256,,0.0,Jinasena_MasterData_Common.res_company_jinasena_agricultural_machinery_pvt_ltd
tariff_rates_id_26988,10,1,0.0,Excise,Duty,0.0,Jinasena_MasterData_Purchase.tariff_date_id_1256,,0.0,Jinasena_MasterData_Common.res_company_jinasena_agricultural_machinery_pvt_ltd
tariff_rates_id_26989,10,1,7.5,PAL,Duty,0.0,Jinasena_MasterData_Purchase.tariff_date_id_1256,,0.0,Jinasena_MasterData_Common.res_company_jinasena_agricultural_machinery_pvt_ltd
tariff_rates_id_26990,10,1,0.0,RIDL,Duty,0.0,Jinasena_MasterData_Purchase.tariff_date_id_1256,,0.0,Jinasena_MasterData_Common.res_company_jinasena_agricultural_machinery_pvt_ltd
tariff_rates_id_26991,10,1,0.0,SRL,Duty,0.0,Jinasena_MasterData_Purchase.tariff_date_id_1256,,0.0,Jinasena_MasterData_Common.res_company_jinasena_agricultural_machinery_pvt_ltd
tariff_rates_id_26992,10,1,0.0,Surcharge,Duty,0.0,Jinasena_MasterData_Purchase.tariff_date_id_1256,,0.0,Jinasena_MasterData_Common.res_company_jinasena_agricultural_machinery_pvt_ltd
tariff_rates_id_26993,10,1,0.0,NBT,Taxes,0.0,Jinasena_MasterData_Purchase.tariff_date_id_1256,,0.0,Jinasena_MasterData_Common.res_company_jinasena_agricultural_machinery_pvt_ltd
tariff_rates_id_26994,10,1,0.0,NBT-N,Taxes,0.0,Jinasena_MasterData_Purchase.tariff_date_id_1256,,0.0,Jinasena_MasterData_Common.res_company_jinasena_agricultural_machinery_pvt_ltd
tariff_rates_id_26995,10,1,2.5,SSCL,Taxes,0.0,Jinasena_MasterData_Purchase.tariff_date_id_1256,,0.0,Jinasena_MasterData_Common.res_company_jinasena_agricultural_machinery_pvt_ltd
tariff_rates_id_26996,10,1,12.0,VAT-on-Item,Taxes,0.0,Jinasena_MasterData_Purchase.tariff_date_id_1256,,0.0,Jinasena_MasterData_Common.res_company_jinasena_agricultural_machinery_pvt_ltd
tariff_rates_id_26997,10,1,12.0,VAT-on-GL,Taxes,0.0,Jinasena_MasterData_Purchase.tariff_date_id_1256,,0.0,Jinasena_MasterData_Common.res_company_jinasena_agricultural_machinery_pvt_ltd
tariff_rates_id_26998,10,1,0.0,CID,Duty,0.0,Jinasena_MasterData_Purchase.tariff_date_id_1257,,0.0,Jinasena_MasterData_Common.res_company_jinasena_agricultural_machinery_pvt_ltd
tariff_rates_id_26999,10,1,0.0,EIC,Duty,0.0,Jinasena_MasterData_Purchase.tariff_date_id_1257,,0.0,Jinasena_MasterData_Common.res_company_jinasena_agricultural_machinery_pvt_ltd
tariff_rates_id_27000,10,1,0.0,ESC,Duty,0.0,Jinasena_MasterData_Purchase.tariff_date_id_1257,,0.0,Jinasena_MasterData_Common.res_company_jinasena_agricultural_machinery_pvt_ltd
tariff_rates_id_27001,10,1,0.0,Excise,Duty,0.0,Jinasena_MasterData_Purchase.tariff_date_id_1257,,0.0,Jinasena_MasterData_Common.res_company_jinasena_agricultural_machinery_pvt_ltd
tariff_rates_id_27002,10,1,5.0,PAL,Duty,0.0,Jinasena_MasterData_Purchase.tariff_date_id_1257,,0.0,Jinasena_MasterData_Common.res_company_jinasena_agricultural_machinery_pvt_ltd
tariff_rates_id_27003,10,1,0.0,RIDL,Duty,0.0,Jinasena_MasterData_Purchase.tariff_date_id_1257,,0.0,Jinasena_MasterData_Common.res_company_jinasena_agricultural_machinery_pvt_ltd
tariff_rates_id_27004,10,1,0.0,SRL,Duty,0.0,Jinasena_MasterData_Purchase.tariff_date_id_1257,,0.0,Jinasena_MasterData_Common.res_company_jinasena_agricultural_machinery_pvt_ltd
tariff_rates_id_27005,10,1,0.0,Surcharge,Duty,0.0,Jinasena_MasterData_Purchase.tariff_date_id_1257,,0.0,Jinasena_MasterData_Common.res_company_jinasena_agricultural_machinery_pvt_ltd
tariff_rates_id_27006,10,1,2.0,NBT,Taxes,0.0,Jinasena_MasterData_Purchase.tariff_date_id_1257,,0.0,Jinasena_MasterData_Common.res_company_jinasena_agricultural_machinery_pvt_ltd
tariff_rates_id_27007,10,1,2.0,NBT-N,Taxes,0.0,Jinasena_MasterData_Purchase.tariff_date_id_1257,,0.0,Jinasena_MasterData_Common.res_company_jinasena_agricultural_machinery_pvt_ltd
tariff_rates_id_27008,10,1,2.5,SSCL,Taxes,0.0,Jinasena_MasterData_Purchase.tariff_date_id_1257,,0.0,Jinasena_MasterData_Common.res_company_jinasena_agricultural_machinery_pvt_ltd
tariff_rates_id_27009,10,1,12.0,VAT-on-Item,Taxes,0.0,Jinasena_MasterData_Purchase.tariff_date_id_1257,,0.0,Jinasena_MasterData_Common.res_company_jinasena_agricultural_machinery_pvt_ltd
tariff_rates_id_27010,10,1,12.0,VAT-on-GL,Taxes,0.0,Jinasena_MasterData_Purchase.tariff_date_id_1257,,0.0,Jinasena_MasterData_Common.res_company_jinasena_agricultural_machinery_pvt_ltd
tariff_rates_id_27011,10,1,0.0,CID,Duty,0.0,Jinasena_MasterData_Purchase.tariff_date_id_1258,,0.0,Jinasena_MasterData_Common.res_company_jinasena_agricultural_machinery_pvt_ltd
tariff_rates_id_27012,10,1,0.0,EIC,Duty,0.0,Jinasena_MasterData_Purchase.tariff_date_id_1258,,0.0,Jinasena_MasterData_Common.res_company_jinasena_agricultural_machinery_pvt_ltd
tariff_rates_id_27013,10,1,0.0,ESC,Duty,0.0,Jinasena_MasterData_Purchase.tariff_date_id_1258,,0.0,Jinasena_MasterData_Common.res_company_jinasena_agricultural_machinery_pvt_ltd
tariff_rates_id_27014,10,1,0.0,Excise,Duty,0.0,Jinasena_MasterData_Purchase.tariff_date_id_1258,,0.0,Jinasena_MasterData_Common.res_company_jinasena_agricultural_machinery_pvt_ltd
tariff_rates_id_27015,10,1,7.5,PAL,Duty,0.0,Jinasena_MasterData_Purchase.tariff_date_id_1258,,0.0,Jinasena_MasterData_Common.res_company_jinasena_agricultural_machinery_pvt_ltd
tariff_rates_id_27016,10,1,0.0,RIDL,Duty,0.0,Jinasena_MasterData_Purchase.tariff_date_id_1258,,0.0,Jinasena_MasterData_Common.res_company_jinasena_agricultural_machinery_pvt_ltd
tariff_rates_id_27017,10,1,0.0,SRL,Duty,0.0,Jinasena_MasterData_Purchase.tariff_date_id_1258,,0.0,Jinasena_MasterData_Common.res_company_jinasena_agricultural_machinery_pvt_ltd
tariff_rates_id_27018,10,1,0.0,Surcharge,Duty,0.0,Jinasena_MasterData_Purchase.tariff_date_id_1258,,0.0,Jinasena_MasterData_Common.res_company_jinasena_agricultural_machinery_pvt_ltd
tariff_rates_id_27019,10,1,0.0,NBT,Taxes,0.0,Jinasena_MasterData_Purchase.tariff_date_id_1258,,0.0,Jinasena_MasterData_Common.res_company_jinasena_agricultural_machinery_pvt_ltd
tariff_rates_id_27020,10,1,0.0,NBT-N,Taxes,0.0,Jinasena_MasterData_Purchase.tariff_date_id_1258,,0.0,Jinasena_MasterData_Common.res_company_jinasena_agricultural_machinery_pvt_ltd
tariff_rates_id_27021,10,1,2.5,SSCL,Taxes,0.0,Jinasena_MasterData_Purchase.tariff_date_id_1258,,0.0,Jinasena_MasterData_Common.res_company_jinasena_agricultural_machinery_pvt_ltd
tariff_rates_id_27022,10,1,18.0,VAT-on-Item,Taxes,0.0,Jinasena_MasterData_Purchase.tariff_date_id_1258,,0.0,Jinasena_MasterData_Common.res_company_jinasena_agricultural_machinery_pvt_ltd
tariff_rates_id_27023,10,1,18.0,VAT-on-GL,Taxes,0.0,Jinasena_MasterData_Purchase.tariff_date_id_1258,,0.0,Jinasena_MasterData_Common.res_company_jinasena_agricultural_machinery_pvt_ltd
tariff_rates_id_27024,10,1,0.0,CID,Duty,0.0,Jinasena_MasterData_Purchase.tariff_date_id_1259,,0.0,Jinasena_MasterData_Common.res_company_jinasena_agricultural_machinery_pvt_ltd
tariff_rates_id_27025,10,1,0.0,EIC,Duty,0.0,Jinasena_MasterData_Purchase.tariff_date_id_1259,,0.0,Jinasena_MasterData_Common.res_company_jinasena_agricultural_machinery_pvt_ltd
tariff_rates_id_27026,10,1,0.0,ESC,Duty,0.0,Jinasena_MasterData_Purchase.tariff_date_id_1259,,0.0,Jinasena_MasterData_Common.res_company_jinasena_agricultural_machinery_pvt_ltd
tariff_rates_id_27027,10,1,0.0,Excise,Duty,0.0,Jinasena_MasterData_Purchase.tariff_date_id_1259,,0.0,Jinasena_MasterData_Common.res_company_jinasena_agricultural_machinery_pvt_ltd
tariff_rates_id_27028,10,1,5.0,PAL,Duty,0.0,Jinasena_MasterData_Purchase.tariff_date_id_1259,,0.0,Jinasena_MasterData_Common.res_company_jinasena_agricultural_machinery_pvt_ltd
tariff_rates_id_27029,10,1,0.0,RIDL,Duty,0.0,Jinasena_MasterData_Purchase.tariff_date_id_1259,,0.0,Jinasena_MasterData_Common.res_company_jinasena_agricultural_machinery_pvt_ltd
tariff_rates_id_27030,10,1,0.0,SRL,Duty,0.0,Jinasena_MasterData_Purchase.tariff_date_id_1259,,0.0,Jinasena_MasterData_Common.res_company_jinasena_agricultural_machinery_pvt_ltd
tariff_rates_id_27031,10,1,0.0,Surcharge,Duty,0.0,Jinasena_MasterData_Purchase.tariff_date_id_1259,,0.0,Jinasena_MasterData_Common.res_company_jinasena_agricultural_machinery_pvt_ltd
tariff_rates_id_27032,10,1,0.0,NBT,Taxes,0.0,Jinasena_MasterData_Purchase.tariff_date_id_1259,,0.0,Jinasena_MasterData_Common.res_company_jinasena_agricultural_machinery_pvt_ltd
tariff_rates_id_27033,10,1,0.0,NBT-N,Taxes,0.0,Jinasena_MasterData_Purchase.tariff_date_id_1259,,0.0,Jinasena_MasterData_Common.res_company_jinasena_agricultural_machinery_pvt_ltd
tariff_rates_id_27034,10,1,2.5,SSCL,Taxes,0.0,Jinasena_MasterData_Purchase.tariff_date_id_1259,,0.0,Jinasena_MasterData_Common.res_company_jinasena_agricultural_machinery_pvt_ltd
tariff_rates_id_27035,10,1,18.0,VAT-on-Item,Taxes,0.0,Jinasena_MasterData_Purchase.tariff_date_id_1259,,0.0,Jinasena_MasterData_Common.res_company_jinasena_agricultural_machinery_pvt_ltd
tariff_rates_id_27036,10,1,18.0,VAT-on-GL,Taxes,0.0,Jinasena_MasterData_Purchase.tariff_date_id_1259,,0.0,Jinasena_MasterData_Common.res_company_jinasena_agricultural_machinery_pvt_ltd
tariff_rates_id_27037,10,1,0.0,CID,Duty,0.0,Jinasena_MasterData_Purchase.tariff_date_id_1260,,0.0,Jinasena_MasterData_Common.res_company_jinasena_agricultural_machinery_pvt_ltd
tariff_rates_id_27038,10,1,0.0,EIC,Duty,0.0,Jinasena_MasterData_Purchase.tariff_date_id_1260,,0.0,Jinasena_MasterData_Common.res_company_jinasena_agricultural_machinery_pvt_ltd
tariff_rates_id_27039,10,1,0.0,ESC,Duty,0.0,Jinasena_MasterData_Purchase.tariff_date_id_1260,,0.0,Jinasena_MasterData_Common.res_company_jinasena_agricultural_machinery_pvt_ltd
tariff_rates_id_27040,10,1,0.0,Excise,Duty,0.0,Jinasena_MasterData_Purchase.tariff_date_id_1260,,0.0,Jinasena_MasterData_Common.res_company_jinasena_agricultural_machinery_pvt_ltd
tariff_rates_id_27041,10,1,5.0,PAL,Duty,0.0,Jinasena_MasterData_Purchase.tariff_date_id_1260,,0.0,Jinasena_MasterData_Common.res_company_jinasena_agricultural_machinery_pvt_ltd
tariff_rates_id_27042,10,1,0.0,RIDL,Duty,0.0,Jinasena_MasterData_Purchase.tariff_date_id_1260,,0.0,Jinasena_MasterData_Common.res_company_jinasena_agricultural_machinery_pvt_ltd
tariff_rates_id_27043,10,1,0.0,SRL,Duty,0.0,Jinasena_MasterData_Purchase.tariff_date_id_1260,,0.0,Jinasena_MasterData_Common.res_company_jinasena_agricultural_machinery_pvt_ltd
tariff_rates_id_27044,10,1,0.0,Surcharge,Duty,0.0,Jinasena_MasterData_Purchase.tariff_date_id_1260,,0.0,Jinasena_MasterData_Common.res_company_jinasena_agricultural_machinery_pvt_ltd
tariff_rates_id_27045,10,1,2.0,NBT,Taxes,0.0,Jinasena_MasterData_Purchase.tariff_date_id_1260,,0.0,Jinasena_MasterData_Common.res_company_jinasena_agricultural_machinery_pvt_ltd
tariff_rates_id_27046,10,1,2.0,NBT-N,Taxes,0.0,Jinasena_MasterData_Purchase.tariff_date_id_1260,,0.0,Jinasena_MasterData_Common.res_company_jinasena_agricultural_machinery_pvt_ltd
tariff_rates_id_27047,10,1,2.5,SSCL,Taxes,0.0,Jinasena_MasterData_Purchase.tariff_date_id_1260,,0.0,Jinasena_MasterData_Common.res_company_jinasena_agricultural_machinery_pvt_ltd
tariff_rates_id_27048,10,1,11.0,VAT-on-Item,Taxes,0.0,Jinasena_MasterData_Purchase.tariff_date_id_1260,,0.0,Jinasena_MasterData_Common.res_company_jinasena_agricultural_machinery_pvt_ltd
tariff_rates_id_27049,10,1,11.0,VAT-on-GL,Taxes,0.0,Jinasena_MasterData_Purchase.tariff_date_id_1260,,0.0,Jinasena_MasterData_Common.res_company_jinasena_agricultural_machinery_pvt_ltd
tariff_rates_id_27050,10,1,0.0,CID,Duty,0.0,Jinasena_MasterData_Purchase.tariff_date_id_1261,,0.0,Jinasena_MasterData_Common.res_company_jinasena_agricultural_machinery_pvt_ltd
tariff_rates_id_27051,10,1,0.0,EIC,Duty,0.0,Jinasena_MasterData_Purchase.tariff_date_id_1261,,0.0,Jinasena_MasterData_Common.res_company_jinasena_agricultural_machinery_pvt_ltd
tariff_rates_id_27052,10,1,0.0,ESC,Duty,0.0,Jinasena_MasterData_Purchase.tariff_date_id_1261,,0.0,Jinasena_MasterData_Common.res_company_jinasena_agricultural_machinery_pvt_ltd
tariff_rates_id_27053,10,1,0.0,Excise,Duty,0.0,Jinasena_MasterData_Purchase.tariff_date_id_1261,,0.0,Jinasena_MasterData_Common.res_company_jinasena_agricultural_machinery_pvt_ltd
tariff_rates_id_27054,10,1,5.0,PAL,Duty,0.0,Jinasena_MasterData_Purchase.tariff_date_id_1261,,0.0,Jinasena_MasterData_Common.res_company_jinasena_agricultural_machinery_pvt_ltd
tariff_rates_id_27055,10,1,0.0,RIDL,Duty,0.0,Jinasena_MasterData_Purchase.tariff_date_id_1261,,0.0,Jinasena_MasterData_Common.res_company_jinasena_agricultural_machinery_pvt_ltd
tariff_rates_id_27056,10,1,0.0,SRL,Duty,0.0,Jinasena_MasterData_Purchase.tariff_date_id_1261,,0.0,Jinasena_MasterData_Common.res_company_jinasena_agricultural_machinery_pvt_ltd
tariff_rates_id_27057,10,1,0.0,Surcharge,Duty,0.0,Jinasena_MasterData_Purchase.tariff_date_id_1261,,0.0,Jinasena_MasterData_Common.res_company_jinasena_agricultural_machinery_pvt_ltd
tariff_rates_id_27058,10,1,0.0,NBT,Taxes,0.0,Jinasena_MasterData_Purchase.tariff_date_id_1261,,0.0,Jinasena_MasterData_Common.res_company_jinasena_agricultural_machinery_pvt_ltd
tariff_rates_id_27059,10,1,0.0,NBT-N,Taxes,0.0,Jinasena_MasterData_Purchase.tariff_date_id_1261,,0.0,Jinasena_MasterData_Common.res_company_jinasena_agricultural_machinery_pvt_ltd
tariff_rates_id_27060,10,1,2.5,SSCL,Taxes,0.0,Jinasena_MasterData_Purchase.tariff_date_id_1261,,0.0,Jinasena_MasterData_Common.res_company_jinasena_agricultural_machinery_pvt_ltd
tariff_rates_id_27061,10,1,18.0,VAT-on-Item,Taxes,0.0,Jinasena_MasterData_Purchase.tariff_date_id_1261,,0.0,Jinasena_MasterData_Common.res_company_jinasena_agricultural_machinery_pvt_ltd
tariff_rates_id_27062,10,1,18.0,VAT-on-GL,Taxes,0.0,Jinasena_MasterData_Purchase.tariff_date_id_1261,,0.0,Jinasena_MasterData_Common.res_company_jinasena_agricultural_machinery_pvt_ltd
tariff_rates_id_27063,10,1,20.0,CID,Duty,0.0,Jinasena_MasterData_Purchase.tariff_date_id_1262,,0.0,Jinasena_MasterData_Common.res_company_jinasena_agricultural_machinery_pvt_ltd
tariff_rates_id_27064,10,1,0.0,EIC,Duty,0.0,Jinasena_MasterData_Purchase.tariff_date_id_1262,,0.0,Jinasena_MasterData_Common.res_company_jinasena_agricultural_machinery_pvt_ltd
tariff_rates_id_27065,10,1,0.0,ESC,Duty,0.0,Jinasena_MasterData_Purchase.tariff_date_id_1262,,0.0,Jinasena_MasterData_Common.res_company_jinasena_agricultural_machinery_pvt_ltd
tariff_rates_id_27066,10,1,0.0,Excise,Duty,0.0,Jinasena_MasterData_Purchase.tariff_date_id_1262,,0.0,Jinasena_MasterData_Common.res_company_jinasena_agricultural_machinery_pvt_ltd
tariff_rates_id_27067,10,1,5.0,PAL,Duty,0.0,Jinasena_MasterData_Purchase.tariff_date_id_1262,,0.0,Jinasena_MasterData_Common.res_company_jinasena_agricultural_machinery_pvt_ltd
tariff_rates_id_27068,10,1,0.0,RIDL,Duty,0.0,Jinasena_MasterData_Purchase.tariff_date_id_1262,,0.0,Jinasena_MasterData_Common.res_company_jinasena_agricultural_machinery_pvt_ltd
tariff_rates_id_27069,10,1,0.0,SRL,Duty,0.0,Jinasena_MasterData_Purchase.tariff_date_id_1262,,0.0,Jinasena_MasterData_Common.res_company_jinasena_agricultural_machinery_pvt_ltd
tariff_rates_id_27070,10,1,0.0,Surcharge,Duty,0.0,Jinasena_MasterData_Purchase.tariff_date_id_1262,,0.0,Jinasena_MasterData_Common.res_company_jinasena_agricultural_machinery_pvt_ltd
tariff_rates_id_27071,10,1,0.0,NBT,Taxes,0.0,Jinasena_MasterData_Purchase.tariff_date_id_1262,,0.0,Jinasena_MasterData_Common.res_company_jinasena_agricultural_machinery_pvt_ltd
tariff_rates_id_27072,10,1,0.0,NBT-N,Taxes,0.0,Jinasena_MasterData_Purchase.tariff_date_id_1262,,0.0,Jinasena_MasterData_Common.res_company_jinasena_agricultural_machinery_pvt_ltd
tariff_rates_id_27073,10,1,2.5,SSCL,Taxes,0.0,Jinasena_MasterData_Purchase.tariff_date_id_1262,,0.0,Jinasena_MasterData_Common.res_company_jinasena_agricultural_machinery_pvt_ltd
tariff_rates_id_27074,10,1,18.0,VAT-on-Item,Taxes,0.0,Jinasena_MasterData_Purchase.tariff_date_id_1262,,0.0,Jinasena_MasterData_Common.res_company_jinasena_agricultural_machinery_pvt_ltd
tariff_rates_id_27075,10,1,18.0,VAT-on-GL,Taxes,0.0,Jinasena_MasterData_Purchase.tariff_date_id_1262,,0.0,Jinasena_MasterData_Common.res_company_jinasena_agricultural_machinery_pvt_ltd
tariff_rates_id_27076,10,1,20.0,CID,Duty,0.0,Jinasena_MasterData_Purchase.tariff_date_id_1263,,0.0,Jinasena_MasterData_Common.res_company_jinasena_agricultural_machinery_pvt_ltd
tariff_rates_id_27077,10,1,0.0,EIC,Duty,0.0,Jinasena_MasterData_Purchase.tariff_date_id_1263,,0.0,Jinasena_MasterData_Common.res_company_jinasena_agricultural_machinery_pvt_ltd
tariff_rates_id_27078,10,1,0.0,ESC,Duty,0.0,Jinasena_MasterData_Purchase.tariff_date_id_1263,,0.0,Jinasena_MasterData_Common.res_company_jinasena_agricultural_machinery_pvt_ltd
tariff_rates_id_27079,10,1,0.0,Excise,Duty,0.0,Jinasena_MasterData_Purchase.tariff_date_id_1263,,0.0,Jinasena_MasterData_Common.res_company_jinasena_agricultural_machinery_pvt_ltd
tariff_rates_id_27080,10,1,5.0,PAL,Duty,0.0,Jinasena_MasterData_Purchase.tariff_date_id_1263,,0.0,Jinasena_MasterData_Common.res_company_jinasena_agricultural_machinery_pvt_ltd
tariff_rates_id_27081,10,1,0.0,RIDL,Duty,0.0,Jinasena_MasterData_Purchase.tariff_date_id_1263,,0.0,Jinasena_MasterData_Common.res_company_jinasena_agricultural_machinery_pvt_ltd
tariff_rates_id_27082,10,1,0.0,SRL,Duty,0.0,Jinasena_MasterData_Purchase.tariff_date_id_1263,,0.0,Jinasena_MasterData_Common.res_company_jinasena_agricultural_machinery_pvt_ltd
tariff_rates_id_27083,10,1,0.0,Surcharge,Duty,0.0,Jinasena_MasterData_Purchase.tariff_date_id_1263,,0.0,Jinasena_MasterData_Common.res_company_jinasena_agricultural_machinery_pvt_ltd
tariff_rates_id_27084,10,1,0.0,NBT,Taxes,0.0,Jinasena_MasterData_Purchase.tariff_date_id_1263,,0.0,Jinasena_MasterData_Common.res_company_jinasena_agricultural_machinery_pvt_ltd
tariff_rates_id_27085,10,1,0.0,NBT-N,Taxes,0.0,Jinasena_MasterData_Purchase.tariff_date_id_1263,,0.0,Jinasena_MasterData_Common.res_company_jinasena_agricultural_machinery_pvt_ltd
tariff_rates_id_27086,10,1,2.5,SSCL,Taxes,0.0,Jinasena_MasterData_Purchase.tariff_date_id_1263,,0.0,Jinasena_MasterData_Common.res_company_jinasena_agricultural_machinery_pvt_ltd
tariff_rates_id_27087,10,1,18.0,VAT-on-Item,Taxes,0.0,Jinasena_MasterData_Purchase.tariff_date_id_1263,,0.0,Jinasena_MasterData_Common.res_company_jinasena_agricultural_machinery_pvt_ltd
tariff_rates_id_27088,10,1,18.0,VAT-on-GL,Taxes,0.0,Jinasena_MasterData_Purchase.tariff_date_id_1263,,0.0,Jinasena_MasterData_Common.res_company_jinasena_agricultural_machinery_pvt_ltd
tariff_rates_id_27089,10,1,0.0,CID,Duty,0.0,Jinasena_MasterData_Purchase.tariff_date_id_1264,,0.0,Jinasena_MasterData_Common.res_company_jinasena_agricultural_machinery_pvt_ltd
tariff_rates_id_27090,10,1,0.0,EIC,Duty,0.0,Jinasena_MasterData_Purchase.tariff_date_id_1264,,0.0,Jinasena_MasterData_Common.res_company_jinasena_agricultural_machinery_pvt_ltd
tariff_rates_id_27091,10,1,0.0,ESC,Duty,0.0,Jinasena_MasterData_Purchase.tariff_date_id_1264,,0.0,Jinasena_MasterData_Common.res_company_jinasena_agricultural_machinery_pvt_ltd
tariff_rates_id_27092,10,1,0.0,Excise,Duty,0.0,Jinasena_MasterData_Purchase.tariff_date_id_1264,,0.0,Jinasena_MasterData_Common.res_company_jinasena_agricultural_machinery_pvt_ltd
tariff_rates_id_27093,10,1,5.0,PAL,Duty,0.0,Jinasena_MasterData_Purchase.tariff_date_id_1264,,0.0,Jinasena_MasterData_Common.res_company_jinasena_agricultural_machinery_pvt_ltd
tariff_rates_id_27094,10,1,0.0,RIDL,Duty,0.0,Jinasena_MasterData_Purchase.tariff_date_id_1264,,0.0,Jinasena_MasterData_Common.res_company_jinasena_agricultural_machinery_pvt_ltd
tariff_rates_id_27095,10,1,0.0,SRL,Duty,0.0,Jinasena_MasterData_Purchase.tariff_date_id_1264,,0.0,Jinasena_MasterData_Common.res_company_jinasena_agricultural_machinery_pvt_ltd
tariff_rates_id_27096,10,1,0.0,Surcharge,Duty,0.0,Jinasena_MasterData_Purchase.tariff_date_id_1264,,0.0,Jinasena_MasterData_Common.res_company_jinasena_agricultural_machinery_pvt_ltd
tariff_rates_id_27097,10,1,0.0,NBT,Taxes,0.0,Jinasena_MasterData_Purchase.tariff_date_id_1264,,0.0,Jinasena_MasterData_Common.res_company_jinasena_agricultural_machinery_pvt_ltd
tariff_rates_id_27098,10,1,0.0,NBT-N,Taxes,0.0,Jinasena_MasterData_Purchase.tariff_date_id_1264,,0.0,Jinasena_MasterData_Common.res_company_jinasena_agricultural_machinery_pvt_ltd
tariff_rates_id_27099,10,1,2.5,SSCL,Taxes,0.0,Jinasena_MasterData_Purchase.tariff_date_id_1264,,0.0,Jinasena_MasterData_Common.res_company_jinasena_agricultural_machinery_pvt_ltd
tariff_rates_id_27100,10,1,18.0,VAT-on-Item,Taxes,0.0,Jinasena_MasterData_Purchase.tariff_date_id_1264,,0.0,Jinasena_MasterData_Common.res_company_jinasena_agricultural_machinery_pvt_ltd
tariff_rates_id_27101,10,1,18.0,VAT-on-GL,Taxes,0.0,Jinasena_MasterData_Purchase.tariff_date_id_1264,,0.0,Jinasena_MasterData_Common.res_company_jinasena_agricultural_machinery_pvt_ltd
tariff_rates_id_27102,10,1,20.0,CID,Duty,0.0,Jinasena_MasterData_Purchase.tariff_date_id_1265,,0.0,Jinasena_MasterData_Common.res_company_jinasena_agricultural_machinery_pvt_ltd
tariff_rates_id_27103,10,1,0.0,EIC,Duty,0.0,Jinasena_MasterData_Purchase.tariff_date_id_1265,,0.0,Jinasena_MasterData_Common.res_company_jinasena_agricultural_machinery_pvt_ltd
tariff_rates_id_27104,10,1,0.0,ESC,Duty,0.0,Jinasena_MasterData_Purchase.tariff_date_id_1265,,0.0,Jinasena_MasterData_Common.res_company_jinasena_agricultural_machinery_pvt_ltd
tariff_rates_id_27105,10,1,0.0,Excise,Duty,0.0,Jinasena_MasterData_Purchase.tariff_date_id_1265,,0.0,Jinasena_MasterData_Common.res_company_jinasena_agricultural_machinery_pvt_ltd
tariff_rates_id_27106,10,1,5.0,PAL,Duty,0.0,Jinasena_MasterData_Purchase.tariff_date_id_1265,,0.0,Jinasena_MasterData_Common.res_company_jinasena_agricultural_machinery_pvt_ltd
tariff_rates_id_27107,10,1,0.0,RIDL,Duty,0.0,Jinasena_MasterData_Purchase.tariff_date_id_1265,,0.0,Jinasena_MasterData_Common.res_company_jinasena_agricultural_machinery_pvt_ltd
tariff_rates_id_27108,10,1,0.0,SRL,Duty,0.0,Jinasena_MasterData_Purchase.tariff_date_id_1265,,0.0,Jinasena_MasterData_Common.res_company_jinasena_agricultural_machinery_pvt_ltd
tariff_rates_id_27109,10,1,0.0,Surcharge,Duty,0.0,Jinasena_MasterData_Purchase.tariff_date_id_1265,,0.0,Jinasena_MasterData_Common.res_company_jinasena_agricultural_machinery_pvt_ltd
tariff_rates_id_27110,10,1,0.0,NBT,Taxes,0.0,Jinasena_MasterData_Purchase.tariff_date_id_1265,,0.0,Jinasena_MasterData_Common.res_company_jinasena_agricultural_machinery_pvt_ltd
tariff_rates_id_27111,10,1,0.0,NBT-N,Taxes,0.0,Jinasena_MasterData_Purchase.tariff_date_id_1265,,0.0,Jinasena_MasterData_Common.res_company_jinasena_agricultural_machinery_pvt_ltd
tariff_rates_id_27112,10,1,2.5,SSCL,Taxes,0.0,Jinasena_MasterData_Purchase.tariff_date_id_1265,,0.0,Jinasena_MasterData_Common.res_company_jinasena_agricultural_machinery_pvt_ltd
tariff_rates_id_27113,10,1,18.0,VAT-on-Item,Taxes,0.0,Jinasena_MasterData_Purchase.tariff_date_id_1265,,0.0,Jinasena_MasterData_Common.res_company_jinasena_agricultural_machinery_pvt_ltd
tariff_rates_id_27114,10,1,18.0,VAT-on-GL,Taxes,0.0,Jinasena_MasterData_Purchase.tariff_date_id_1265,,0.0,Jinasena_MasterData_Common.res_company_jinasena_agricultural_machinery_pvt_ltd
tariff_rates_id_27115,10,1,0.0,CID,Duty,0.0,Jinasena_MasterData_Purchase.tariff_date_id_1266,,0.0,Jinasena_MasterData_Common.res_company_jinasena_agricultural_machinery_pvt_ltd
tariff_rates_id_27116,10,1,0.0,EIC,Duty,0.0,Jinasena_MasterData_Purchase.tariff_date_id_1266,,0.0,Jinasena_MasterData_Common.res_company_jinasena_agricultural_machinery_pvt_ltd
tariff_rates_id_27117,10,1,0.0,ESC,Duty,0.0,Jinasena_MasterData_Purchase.tariff_date_id_1266,,0.0,Jinasena_MasterData_Common.res_company_jinasena_agricultural_machinery_pvt_ltd
tariff_rates_id_27118,10,1,0.0,Excise,Duty,0.0,Jinasena_MasterData_Purchase.tariff_date_id_1266,,0.0,Jinasena_MasterData_Common.res_company_jinasena_agricultural_machinery_pvt_ltd
tariff_rates_id_27119,10,1,5.0,PAL,Duty,0.0,Jinasena_MasterData_Purchase.tariff_date_id_1266,,0.0,Jinasena_MasterData_Common.res_company_jinasena_agricultural_machinery_pvt_ltd
tariff_rates_id_27120,10,1,0.0,RIDL,Duty,0.0,Jinasena_MasterData_Purchase.tariff_date_id_1266,,0.0,Jinasena_MasterData_Common.res_company_jinasena_agricultural_machinery_pvt_ltd
tariff_rates_id_27121,10,1,0.0,SRL,Duty,0.0,Jinasena_MasterData_Purchase.tariff_date_id_1266,,0.0,Jinasena_MasterData_Common.res_company_jinasena_agricultural_machinery_pvt_ltd
tariff_rates_id_27122,10,1,0.0,Surcharge,Duty,0.0,Jinasena_MasterData_Purchase.tariff_date_id_1266,,0.0,Jinasena_MasterData_Common.res_company_jinasena_agricultural_machinery_pvt_ltd
tariff_rates_id_27123,10,1,0.0,NBT,Taxes,0.0,Jinasena_MasterData_Purchase.tariff_date_id_1266,,0.0,Jinasena_MasterData_Common.res_company_jinasena_agricultural_machinery_pvt_ltd
tariff_rates_id_27124,10,1,0.0,NBT-N,Taxes,0.0,Jinasena_MasterData_Purchase.tariff_date_id_1266,,0.0,Jinasena_MasterData_Common.res_company_jinasena_agricultural_machinery_pvt_ltd
tariff_rates_id_27125,10,1,2.5,SSCL,Taxes,0.0,Jinasena_MasterData_Purchase.tariff_date_id_1266,,0.0,Jinasena_MasterData_Common.res_company_jinasena_agricultural_machinery_pvt_ltd
tariff_rates_id_27126,10,1,18.0,VAT-on-Item,Taxes,0.0,Jinasena_MasterData_Purchase.tariff_date_id_1266,,0.0,Jinasena_MasterData_Common.res_company_jinasena_agricultural_machinery_pvt_ltd
tariff_rates_id_27127,10,1,18.0,VAT-on-GL,Taxes,0.0,Jinasena_MasterData_Purchase.tariff_date_id_1266,,0.0,Jinasena_MasterData_Common.res_company_jinasena_agricultural_machinery_pvt_ltd
tariff_rates_id_27128,10,1,0.0,CID,Duty,0.0,Jinasena_MasterData_Purchase.tariff_date_id_1267,,0.0,Jinasena_MasterData_Common.res_company_jinasena_agricultural_machinery_pvt_ltd
tariff_rates_id_27129,10,1,0.0,EIC,Duty,0.0,Jinasena_MasterData_Purchase.tariff_date_id_1267,,0.0,Jinasena_MasterData_Common.res_company_jinasena_agricultural_machinery_pvt_ltd
tariff_rates_id_27130,10,1,0.0,ESC,Duty,0.0,Jinasena_MasterData_Purchase.tariff_date_id_1267,,0.0,Jinasena_MasterData_Common.res_company_jinasena_agricultural_machinery_pvt_ltd
tariff_rates_id_27131,10,1,0.0,Excise,Duty,0.0,Jinasena_MasterData_Purchase.tariff_date_id_1267,,0.0,Jinasena_MasterData_Common.res_company_jinasena_agricultural_machinery_pvt_ltd
tariff_rates_id_27132,10,1,10.0,PAL,Duty,0.0,Jinasena_MasterData_Purchase.tariff_date_id_1267,,0.0,Jinasena_MasterData_Common.res_company_jinasena_agricultural_machinery_pvt_ltd
tariff_rates_id_27133,10,1,0.0,RIDL,Duty,0.0,Jinasena_MasterData_Purchase.tariff_date_id_1267,,0.0,Jinasena_MasterData_Common.res_company_jinasena_agricultural_machinery_pvt_ltd
tariff_rates_id_27134,10,1,0.0,SRL,Duty,0.0,Jinasena_MasterData_Purchase.tariff_date_id_1267,,0.0,Jinasena_MasterData_Common.res_company_jinasena_agricultural_machinery_pvt_ltd
tariff_rates_id_27135,10,1,0.0,Surcharge,Duty,0.0,Jinasena_MasterData_Purchase.tariff_date_id_1267,,0.0,Jinasena_MasterData_Common.res_company_jinasena_agricultural_machinery_pvt_ltd
tariff_rates_id_27136,10,1,0.0,NBT,Taxes,0.0,Jinasena_MasterData_Purchase.tariff_date_id_1267,,0.0,Jinasena_MasterData_Common.res_company_jinasena_agricultural_machinery_pvt_ltd
tariff_rates_id_27137,10,1,0.0,NBT-N,Taxes,0.0,Jinasena_MasterData_Purchase.tariff_date_id_1267,,0.0,Jinasena_MasterData_Common.res_company_jinasena_agricultural_machinery_pvt_ltd
tariff_rates_id_27138,10,1,0.0,SSCL,Taxes,0.0,Jinasena_MasterData_Purchase.tariff_date_id_1267,,0.0,Jinasena_MasterData_Common.res_company_jinasena_agricultural_machinery_pvt_ltd
tariff_rates_id_27139,10,1,0.0,VAT-on-Item,Taxes,0.0,Jinasena_MasterData_Purchase.tariff_date_id_1267,,0.0,Jinasena_MasterData_Common.res_company_jinasena_agricultural_machinery_pvt_ltd
tariff_rates_id_27140,10,1,0.0,VAT-on-GL,Taxes,0.0,Jinasena_MasterData_Purchase.tariff_date_id_1267,,0.0,Jinasena_MasterData_Common.res_company_jinasena_agricultural_machinery_pvt_ltd
tariff_rates_id_27141,10,1,0.0,CID,Duty,0.0,Jinasena_MasterData_Purchase.tariff_date_id_1268,,0.0,Jinasena_MasterData_Common.res_company_jinasena_agricultural_machinery_pvt_ltd
tariff_rates_id_27142,10,1,0.0,EIC,Duty,0.0,Jinasena_MasterData_Purchase.tariff_date_id_1268,,0.0,Jinasena_MasterData_Common.res_company_jinasena_agricultural_machinery_pvt_ltd
tariff_rates_id_27143,10,1,0.0,ESC,Duty,0.0,Jinasena_MasterData_Purchase.tariff_date_id_1268,,0.0,Jinasena_MasterData_Common.res_company_jinasena_agricultural_machinery_pvt_ltd
tariff_rates_id_27144,10,1,0.0,Excise,Duty,0.0,Jinasena_MasterData_Purchase.tariff_date_id_1268,,0.0,Jinasena_MasterData_Common.res_company_jinasena_agricultural_machinery_pvt_ltd
tariff_rates_id_27145,10,1,5.0,PAL,Duty,0.0,Jinasena_MasterData_Purchase.tariff_date_id_1268,,0.0,Jinasena_MasterData_Common.res_company_jinasena_agricultural_machinery_pvt_ltd
tariff_rates_id_27146,10,1,0.0,RIDL,Duty,0.0,Jinasena_MasterData_Purchase.tariff_date_id_1268,,0.0,Jinasena_MasterData_Common.res_company_jinasena_agricultural_machinery_pvt_ltd
tariff_rates_id_27147,10,1,0.0,SRL,Duty,0.0,Jinasena_MasterData_Purchase.tariff_date_id_1268,,0.0,Jinasena_MasterData_Common.res_company_jinasena_agricultural_machinery_pvt_ltd
tariff_rates_id_27148,10,1,0.0,Surcharge,Duty,0.0,Jinasena_MasterData_Purchase.tariff_date_id_1268,,0.0,Jinasena_MasterData_Common.res_company_jinasena_agricultural_machinery_pvt_ltd
tariff_rates_id_27149,10,1,0.0,NBT,Taxes,0.0,Jinasena_MasterData_Purchase.tariff_date_id_1268,,0.0,Jinasena_MasterData_Common.res_company_jinasena_agricultural_machinery_pvt_ltd
tariff_rates_id_27150,10,1,0.0,NBT-N,Taxes,0.0,Jinasena_MasterData_Purchase.tariff_date_id_1268,,0.0,Jinasena_MasterData_Common.res_company_jinasena_agricultural_machinery_pvt_ltd
tariff_rates_id_27151,10,1,2.5,SSCL,Taxes,0.0,Jinasena_MasterData_Purchase.tariff_date_id_1268,,0.0,Jinasena_MasterData_Common.res_company_jinasena_agricultural_machinery_pvt_ltd
tariff_rates_id_27152,10,1,15.0,VAT-on-Item,Taxes,0.0,Jinasena_MasterData_Purchase.tariff_date_id_1268,,0.0,Jinasena_MasterData_Common.res_company_jinasena_agricultural_machinery_pvt_ltd
tariff_rates_id_27153,10,1,15.0,VAT-on-GL,Taxes,0.0,Jinasena_MasterData_Purchase.tariff_date_id_1268,,0.0,Jinasena_MasterData_Common.res_company_jinasena_agricultural_machinery_pvt_ltd
tariff_rates_id_27154,10,1,10.0,CID,Duty,0.0,Jinasena_MasterData_Purchase.tariff_date_id_1269,,0.0,Jinasena_MasterData_Common.res_company_jinasena_agricultural_machinery_pvt_ltd
tariff_rates_id_27155,10,1,0.0,EIC,Duty,0.0,Jinasena_MasterData_Purchase.tariff_date_id_1269,,0.0,Jinasena_MasterData_Common.res_company_jinasena_agricultural_machinery_pvt_ltd
tariff_rates_id_27156,10,1,0.0,ESC,Duty,0.0,Jinasena_MasterData_Purchase.tariff_date_id_1269,,0.0,Jinasena_MasterData_Common.res_company_jinasena_agricultural_machinery_pvt_ltd
tariff_rates_id_27157,10,1,0.0,Excise,Duty,0.0,Jinasena_MasterData_Purchase.tariff_date_id_1269,,0.0,Jinasena_MasterData_Common.res_company_jinasena_agricultural_machinery_pvt_ltd
tariff_rates_id_27158,10,1,10.0,PAL,Duty,0.0,Jinasena_MasterData_Purchase.tariff_date_id_1269,,0.0,Jinasena_MasterData_Common.res_company_jinasena_agricultural_machinery_pvt_ltd
tariff_rates_id_27159,10,1,0.0,RIDL,Duty,0.0,Jinasena_MasterData_Purchase.tariff_date_id_1269,,0.0,Jinasena_MasterData_Common.res_company_jinasena_agricultural_machinery_pvt_ltd
tariff_rates_id_27160,10,1,0.0,SRL,Duty,0.0,Jinasena_MasterData_Purchase.tariff_date_id_1269,,0.0,Jinasena_MasterData_Common.res_company_jinasena_agricultural_machinery_pvt_ltd
tariff_rates_id_27161,10,1,0.0,Surcharge,Duty,0.0,Jinasena_MasterData_Purchase.tariff_date_id_1269,,0.0,Jinasena_MasterData_Common.res_company_jinasena_agricultural_machinery_pvt_ltd
tariff_rates_id_27162,10,1,0.0,NBT,Taxes,0.0,Jinasena_MasterData_Purchase.tariff_date_id_1269,,0.0,Jinasena_MasterData_Common.res_company_jinasena_agricultural_machinery_pvt_ltd
tariff_rates_id_27163,10,1,0.0,NBT-N,Taxes,0.0,Jinasena_MasterData_Purchase.tariff_date_id_1269,,0.0,Jinasena_MasterData_Common.res_company_jinasena_agricultural_machinery_pvt_ltd
tariff_rates_id_27164,10,1,0.0,SSCL,Taxes,0.0,Jinasena_MasterData_Purchase.tariff_date_id_1269,,0.0,Jinasena_MasterData_Common.res_company_jinasena_agricultural_machinery_pvt_ltd
tariff_rates_id_27165,10,1,12.0,VAT-on-Item,Taxes,0.0,Jinasena_MasterData_Purchase.tariff_date_id_1269,,0.0,Jinasena_MasterData_Common.res_company_jinasena_agricultural_machinery_pvt_ltd
tariff_rates_id_27166,10,1,12.0,VAT-on-GL,Taxes,0.0,Jinasena_MasterData_Purchase.tariff_date_id_1269,,0.0,Jinasena_MasterData_Common.res_company_jinasena_agricultural_machinery_pvt_ltd
tariff_rates_id_27167,10,1,15.0,CID,Duty,0.0,Jinasena_MasterData_Purchase.tariff_date_id_1270,,0.0,Jinasena_MasterData_Common.res_company_jinasena_agricultural_machinery_pvt_ltd
tariff_rates_id_27168,10,1,0.0,EIC,Duty,0.0,Jinasena_MasterData_Purchase.tariff_date_id_1270,,0.0,Jinasena_MasterData_Common.res_company_jinasena_agricultural_machinery_pvt_ltd
tariff_rates_id_27169,10,1,0.0,ESC,Duty,0.0,Jinasena_MasterData_Purchase.tariff_date_id_1270,,0.0,Jinasena_MasterData_Common.res_company_jinasena_agricultural_machinery_pvt_ltd
tariff_rates_id_27170,10,1,0.0,Excise,Duty,0.0,Jinasena_MasterData_Purchase.tariff_date_id_1270,,0.0,Jinasena_MasterData_Common.res_company_jinasena_agricultural_machinery_pvt_ltd
tariff_rates_id_27171,10,1,10.0,PAL,Duty,0.0,Jinasena_MasterData_Purchase.tariff_date_id_1270,,0.0,Jinasena_MasterData_Common.res_company_jinasena_agricultural_machinery_pvt_ltd
tariff_rates_id_27172,10,1,0.0,RIDL,Duty,0.0,Jinasena_MasterData_Purchase.tariff_date_id_1270,,0.0,Jinasena_MasterData_Common.res_company_jinasena_agricultural_machinery_pvt_ltd
tariff_rates_id_27173,10,1,0.0,SRL,Duty,0.0,Jinasena_MasterData_Purchase.tariff_date_id_1270,,0.0,Jinasena_MasterData_Common.res_company_jinasena_agricultural_machinery_pvt_ltd
tariff_rates_id_27174,10,1,0.0,Surcharge,Duty,0.0,Jinasena_MasterData_Purchase.tariff_date_id_1270,,0.0,Jinasena_MasterData_Common.res_company_jinasena_agricultural_machinery_pvt_ltd
tariff_rates_id_27175,10,1,0.0,NBT,Taxes,0.0,Jinasena_MasterData_Purchase.tariff_date_id_1270,,0.0,Jinasena_MasterData_Common.res_company_jinasena_agricultural_machinery_pvt_ltd
tariff_rates_id_27176,10,1,0.0,NBT-N,Taxes,0.0,Jinasena_MasterData_Purchase.tariff_date_id_1270,,0.0,Jinasena_MasterData_Common.res_company_jinasena_agricultural_machinery_pvt_ltd
tariff_rates_id_27177,10,1,2.5,SSCL,Taxes,0.0,Jinasena_MasterData_Purchase.tariff_date_id_1270,,0.0,Jinasena_MasterData_Common.res_company_jinasena_agricultural_machinery_pvt_ltd
tariff_rates_id_27178,10,1,18.0,VAT-on-Item,Taxes,0.0,Jinasena_MasterData_Purchase.tariff_date_id_1270,,0.0,Jinasena_MasterData_Common.res_company_jinasena_agricultural_machinery_pvt_ltd
tariff_rates_id_27179,10,1,18.0,VAT-on-GL,Taxes,0.0,Jinasena_MasterData_Purchase.tariff_date_id_1270,,0.0,Jinasena_MasterData_Common.res_company_jinasena_agricultural_machinery_pvt_ltd
tariff_rates_id_27180,10,1,0.0,CID,Duty,0.0,Jinasena_MasterData_Purchase.tariff_date_id_1271,,0.0,Jinasena_MasterData_Common.res_company_jinasena_agricultural_machinery_pvt_ltd
tariff_rates_id_27181,10,1,0.0,EIC,Duty,0.0,Jinasena_MasterData_Purchase.tariff_date_id_1271,,0.0,Jinasena_MasterData_Common.res_company_jinasena_agricultural_machinery_pvt_ltd
tariff_rates_id_27182,10,1,0.0,ESC,Duty,0.0,Jinasena_MasterData_Purchase.tariff_date_id_1271,,0.0,Jinasena_MasterData_Common.res_company_jinasena_agricultural_machinery_pvt_ltd
tariff_rates_id_27183,10,1,0.0,Excise,Duty,0.0,Jinasena_MasterData_Purchase.tariff_date_id_1271,,0.0,Jinasena_MasterData_Common.res_company_jinasena_agricultural_machinery_pvt_ltd
tariff_rates_id_27184,10,1,5.0,PAL,Duty,0.0,Jinasena_MasterData_Purchase.tariff_date_id_1271,,0.0,Jinasena_MasterData_Common.res_company_jinasena_agricultural_machinery_pvt_ltd
tariff_rates_id_27185,10,1,0.0,RIDL,Duty,0.0,Jinasena_MasterData_Purchase.tariff_date_id_1271,,0.0,Jinasena_MasterData_Common.res_company_jinasena_agricultural_machinery_pvt_ltd
tariff_rates_id_27186,10,1,0.0,SRL,Duty,0.0,Jinasena_MasterData_Purchase.tariff_date_id_1271,,0.0,Jinasena_MasterData_Common.res_company_jinasena_agricultural_machinery_pvt_ltd
tariff_rates_id_27187,10,1,0.0,Surcharge,Duty,0.0,Jinasena_MasterData_Purchase.tariff_date_id_1271,,0.0,Jinasena_MasterData_Common.res_company_jinasena_agricultural_machinery_pvt_ltd
tariff_rates_id_27188,10,1,0.0,NBT,Taxes,0.0,Jinasena_MasterData_Purchase.tariff_date_id_1271,,0.0,Jinasena_MasterData_Common.res_company_jinasena_agricultural_machinery_pvt_ltd
tariff_rates_id_27189,10,1,0.0,NBT-N,Taxes,0.0,Jinasena_MasterData_Purchase.tariff_date_id_1271,,0.0,Jinasena_MasterData_Common.res_company_jinasena_agricultural_machinery_pvt_ltd
tariff_rates_id_27190,10,1,2.5,SSCL,Taxes,0.0,Jinasena_MasterData_Purchase.tariff_date_id_1271,,0.0,Jinasena_MasterData_Common.res_company_jinasena_agricultural_machinery_pvt_ltd
tariff_rates_id_27191,10,1,18.0,VAT-on-Item,Taxes,0.0,Jinasena_MasterData_Purchase.tariff_date_id_1271,,0.0,Jinasena_MasterData_Common.res_company_jinasena_agricultural_machinery_pvt_ltd
tariff_rates_id_27192,10,1,18.0,VAT-on-GL,Taxes,0.0,Jinasena_MasterData_Purchase.tariff_date_id_1271,,0.0,Jinasena_MasterData_Common.res_company_jinasena_agricultural_machinery_pvt_ltd
tariff_rates_id_27193,10,1,0.0,CID,Duty,0.0,Jinasena_MasterData_Purchase.tariff_date_id_1272,,0.0,Jinasena_MasterData_Common.res_company_jinasena_agricultural_machinery_pvt_ltd
tariff_rates_id_27194,10,1,0.0,EIC,Duty,0.0,Jinasena_MasterData_Purchase.tariff_date_id_1272,,0.0,Jinasena_MasterData_Common.res_company_jinasena_agricultural_machinery_pvt_ltd
tariff_rates_id_27195,10,1,0.0,ESC,Duty,0.0,Jinasena_MasterData_Purchase.tariff_date_id_1272,,0.0,Jinasena_MasterData_Common.res_company_jinasena_agricultural_machinery_pvt_ltd
tariff_rates_id_27196,10,1,0.0,Excise,Duty,0.0,Jinasena_MasterData_Purchase.tariff_date_id_1272,,0.0,Jinasena_MasterData_Common.res_company_jinasena_agricultural_machinery_pvt_ltd
tariff_rates_id_27197,10,1,5.0,PAL,Duty,0.0,Jinasena_MasterData_Purchase.tariff_date_id_1272,,0.0,Jinasena_MasterData_Common.res_company_jinasena_agricultural_machinery_pvt_ltd
tariff_rates_id_27198,10,1,0.0,RIDL,Duty,0.0,Jinasena_MasterData_Purchase.tariff_date_id_1272,,0.0,Jinasena_MasterData_Common.res_company_jinasena_agricultural_machinery_pvt_ltd
tariff_rates_id_27199,10,1,0.0,SRL,Duty,0.0,Jinasena_MasterData_Purchase.tariff_date_id_1272,,0.0,Jinasena_MasterData_Common.res_company_jinasena_agricultural_machinery_pvt_ltd
tariff_rates_id_27200,10,1,0.0,Surcharge,Duty,0.0,Jinasena_MasterData_Purchase.tariff_date_id_1272,,0.0,Jinasena_MasterData_Common.res_company_jinasena_agricultural_machinery_pvt_ltd
tariff_rates_id_27201,10,1,0.0,NBT,Taxes,0.0,Jinasena_MasterData_Purchase.tariff_date_id_1272,,0.0,Jinasena_MasterData_Common.res_company_jinasena_agricultural_machinery_pvt_ltd
tariff_rates_id_27202,10,1,0.0,NBT-N,Taxes,0.0,Jinasena_MasterData_Purchase.tariff_date_id_1272,,0.0,Jinasena_MasterData_Common.res_company_jinasena_agricultural_machinery_pvt_ltd
tariff_rates_id_27203,10,1,2.5,SSCL,Taxes,0.0,Jinasena_MasterData_Purchase.tariff_date_id_1272,,0.0,Jinasena_MasterData_Common.res_company_jinasena_agricultural_machinery_pvt_ltd
tariff_rates_id_27204,10,1,18.0,VAT-on-Item,Taxes,0.0,Jinasena_MasterData_Purchase.tariff_date_id_1272,,0.0,Jinasena_MasterData_Common.res_company_jinasena_agricultural_machinery_pvt_ltd
tariff_rates_id_27205,10,1,18.0,VAT-on-GL,Taxes,0.0,Jinasena_MasterData_Purchase.tariff_date_id_1272,,0.0,Jinasena_MasterData_Common.res_company_jinasena_agricultural_machinery_pvt_ltd
tariff_rates_id_27206,10,1,0.0,CID,Duty,0.0,Jinasena_MasterData_Purchase.tariff_date_id_1273,,0.0,Jinasena_MasterData_Common.res_company_jinasena_agricultural_machinery_pvt_ltd
tariff_rates_id_27207,10,1,0.0,EIC,Duty,0.0,Jinasena_MasterData_Purchase.tariff_date_id_1273,,0.0,Jinasena_MasterData_Common.res_company_jinasena_agricultural_machinery_pvt_ltd
tariff_rates_id_27208,10,1,0.0,ESC,Duty,0.0,Jinasena_MasterData_Purchase.tariff_date_id_1273,,0.0,Jinasena_MasterData_Common.res_company_jinasena_agricultural_machinery_pvt_ltd
tariff_rates_id_27209,10,1,0.0,Excise,Duty,0.0,Jinasena_MasterData_Purchase.tariff_date_id_1273,,0.0,Jinasena_MasterData_Common.res_company_jinasena_agricultural_machinery_pvt_ltd
tariff_rates_id_27210,10,1,7.5,PAL,Duty,0.0,Jinasena_MasterData_Purchase.tariff_date_id_1273,,0.0,Jinasena_MasterData_Common.res_company_jinasena_agricultural_machinery_pvt_ltd
tariff_rates_id_27211,10,1,0.0,RIDL,Duty,0.0,Jinasena_MasterData_Purchase.tariff_date_id_1273,,0.0,Jinasena_MasterData_Common.res_company_jinasena_agricultural_machinery_pvt_ltd
tariff_rates_id_27212,10,1,0.0,SRL,Duty,0.0,Jinasena_MasterData_Purchase.tariff_date_id_1273,,0.0,Jinasena_MasterData_Common.res_company_jinasena_agricultural_machinery_pvt_ltd
tariff_rates_id_27213,10,1,0.0,Surcharge,Duty,0.0,Jinasena_MasterData_Purchase.tariff_date_id_1273,,0.0,Jinasena_MasterData_Common.res_company_jinasena_agricultural_machinery_pvt_ltd
tariff_rates_id_27214,10,1,2.0,NBT,Taxes,0.0,Jinasena_MasterData_Purchase.tariff_date_id_1273,,0.0,Jinasena_MasterData_Common.res_company_jinasena_agricultural_machinery_pvt_ltd
tariff_rates_id_27215,10,1,2.0,NBT-N,Taxes,0.0,Jinasena_MasterData_Purchase.tariff_date_id_1273,,0.0,Jinasena_MasterData_Common.res_company_jinasena_agricultural_machinery_pvt_ltd
tariff_rates_id_27216,10,1,0.0,SSCL,Taxes,0.0,Jinasena_MasterData_Purchase.tariff_date_id_1273,,0.0,Jinasena_MasterData_Common.res_company_jinasena_agricultural_machinery_pvt_ltd
tariff_rates_id_27217,10,1,11.0,VAT-on-Item,Taxes,0.0,Jinasena_MasterData_Purchase.tariff_date_id_1273,,0.0,Jinasena_MasterData_Common.res_company_jinasena_agricultural_machinery_pvt_ltd
tariff_rates_id_27218,10,1,11.0,VAT-on-GL,Taxes,0.0,Jinasena_MasterData_Purchase.tariff_date_id_1273,,0.0,Jinasena_MasterData_Common.res_company_jinasena_agricultural_machinery_pvt_ltd
tariff_rates_id_27219,10,1,0.0,CID,Duty,0.0,Jinasena_MasterData_Purchase.tariff_date_id_1274,,0.0,Jinasena_MasterData_Common.res_company_jinasena_agricultural_machinery_pvt_ltd
tariff_rates_id_27220,10,1,0.0,EIC,Duty,0.0,Jinasena_MasterData_Purchase.tariff_date_id_1274,,0.0,Jinasena_MasterData_Common.res_company_jinasena_agricultural_machinery_pvt_ltd
tariff_rates_id_27221,10,1,0.0,ESC,Duty,0.0,Jinasena_MasterData_Purchase.tariff_date_id_1274,,0.0,Jinasena_MasterData_Common.res_company_jinasena_agricultural_machinery_pvt_ltd
tariff_rates_id_27222,10,1,0.0,Excise,Duty,0.0,Jinasena_MasterData_Purchase.tariff_date_id_1274,,0.0,Jinasena_MasterData_Common.res_company_jinasena_agricultural_machinery_pvt_ltd
tariff_rates_id_27223,10,1,7.5,PAL,Duty,0.0,Jinasena_MasterData_Purchase.tariff_date_id_1274,,0.0,Jinasena_MasterData_Common.res_company_jinasena_agricultural_machinery_pvt_ltd
tariff_rates_id_27224,10,1,0.0,RIDL,Duty,0.0,Jinasena_MasterData_Purchase.tariff_date_id_1274,,0.0,Jinasena_MasterData_Common.res_company_jinasena_agricultural_machinery_pvt_ltd
tariff_rates_id_27225,10,1,0.0,SRL,Duty,0.0,Jinasena_MasterData_Purchase.tariff_date_id_1274,,0.0,Jinasena_MasterData_Common.res_company_jinasena_agricultural_machinery_pvt_ltd
tariff_rates_id_27226,10,1,0.0,Surcharge,Duty,0.0,Jinasena_MasterData_Purchase.tariff_date_id_1274,,0.0,Jinasena_MasterData_Common.res_company_jinasena_agricultural_machinery_pvt_ltd
tariff_rates_id_27227,10,1,2.0,NBT,Taxes,0.0,Jinasena_MasterData_Purchase.tariff_date_id_1274,,0.0,Jinasena_MasterData_Common.res_company_jinasena_agricultural_machinery_pvt_ltd
tariff_rates_id_27228,10,1,2.0,NBT-N,Taxes,0.0,Jinasena_MasterData_Purchase.tariff_date_id_1274,,0.0,Jinasena_MasterData_Common.res_company_jinasena_agricultural_machinery_pvt_ltd
tariff_rates_id_27229,10,1,2.5,SSCL,Taxes,0.0,Jinasena_MasterData_Purchase.tariff_date_id_1274,,0.0,Jinasena_MasterData_Common.res_company_jinasena_agricultural_machinery_pvt_ltd
tariff_rates_id_27230,10,1,15.0,VAT-on-Item,Taxes,0.0,Jinasena_MasterData_Purchase.tariff_date_id_1274,,0.0,Jinasena_MasterData_Common.res_company_jinasena_agricultural_machinery_pvt_ltd
tariff_rates_id_27231,10,1,15.0,VAT-on-GL,Taxes,0.0,Jinasena_MasterData_Purchase.tariff_date_id_1274,,0.0,Jinasena_MasterData_Common.res_company_jinasena_agricultural_machinery_pvt_ltd
tariff_rates_id_27232,10,1,15.0,CID,Duty,0.0,Jinasena_MasterData_Purchase.tariff_date_id_1275,,0.0,Jinasena_MasterData_Common.res_company_jinasena_agricultural_machinery_pvt_ltd
tariff_rates_id_27233,10,1,0.0,EIC,Duty,0.0,Jinasena_MasterData_Purchase.tariff_date_id_1275,,0.0,Jinasena_MasterData_Common.res_company_jinasena_agricultural_machinery_pvt_ltd
tariff_rates_id_27234,10,1,0.0,ESC,Duty,0.0,Jinasena_MasterData_Purchase.tariff_date_id_1275,,0.0,Jinasena_MasterData_Common.res_company_jinasena_agricultural_machinery_pvt_ltd
tariff_rates_id_27235,10,1,0.0,Excise,Duty,0.0,Jinasena_MasterData_Purchase.tariff_date_id_1275,,0.0,Jinasena_MasterData_Common.res_company_jinasena_agricultural_machinery_pvt_ltd
tariff_rates_id_27236,10,1,10.0,PAL,Duty,0.0,Jinasena_MasterData_Purchase.tariff_date_id_1275,,0.0,Jinasena_MasterData_Common.res_company_jinasena_agricultural_machinery_pvt_ltd
tariff_rates_id_27237,10,1,0.0,RIDL,Duty,0.0,Jinasena_MasterData_Purchase.tariff_date_id_1275,,0.0,Jinasena_MasterData_Common.res_company_jinasena_agricultural_machinery_pvt_ltd
tariff_rates_id_27238,10,1,0.0,SRL,Duty,0.0,Jinasena_MasterData_Purchase.tariff_date_id_1275,,0.0,Jinasena_MasterData_Common.res_company_jinasena_agricultural_machinery_pvt_ltd
tariff_rates_id_27239,10,1,0.0,Surcharge,Duty,0.0,Jinasena_MasterData_Purchase.tariff_date_id_1275,,0.0,Jinasena_MasterData_Common.res_company_jinasena_agricultural_machinery_pvt_ltd
tariff_rates_id_27240,10,1,0.0,NBT,Taxes,0.0,Jinasena_MasterData_Purchase.tariff_date_id_1275,,0.0,Jinasena_MasterData_Common.res_company_jinasena_agricultural_machinery_pvt_ltd
tariff_rates_id_27241,10,1,0.0,NBT-N,Taxes,0.0,Jinasena_MasterData_Purchase.tariff_date_id_1275,,0.0,Jinasena_MasterData_Common.res_company_jinasena_agricultural_machinery_pvt_ltd
tariff_rates_id_27242,10,1,2.5,SSCL,Taxes,0.0,Jinasena_MasterData_Purchase.tariff_date_id_1275,,0.0,Jinasena_MasterData_Common.res_company_jinasena_agricultural_machinery_pvt_ltd
tariff_rates_id_27243,10,1,18.0,VAT-on-Item,Taxes,0.0,Jinasena_MasterData_Purchase.tariff_date_id_1275,,0.0,Jinasena_MasterData_Common.res_company_jinasena_agricultural_machinery_pvt_ltd
tariff_rates_id_27244,10,1,18.0,VAT-on-GL,Taxes,0.0,Jinasena_MasterData_Purchase.tariff_date_id_1275,,0.0,Jinasena_MasterData_Common.res_company_jinasena_agricultural_machinery_pvt_ltd
tariff_rates_id_27245,10,1,20.0,CID,Duty,0.0,Jinasena_MasterData_Purchase.tariff_date_id_1276,,0.0,Jinasena_MasterData_Common.res_company_jinasena_agricultural_machinery_pvt_ltd
tariff_rates_id_27246,10,1,0.0,EIC,Duty,0.0,Jinasena_MasterData_Purchase.tariff_date_id_1276,,0.0,Jinasena_MasterData_Common.res_company_jinasena_agricultural_machinery_pvt_ltd
tariff_rates_id_27247,10,1,0.0,ESC,Duty,0.0,Jinasena_MasterData_Purchase.tariff_date_id_1276,,0.0,Jinasena_MasterData_Common.res_company_jinasena_agricultural_machinery_pvt_ltd
tariff_rates_id_27248,10,1,0.0,Excise,Duty,0.0,Jinasena_MasterData_Purchase.tariff_date_id_1276,,0.0,Jinasena_MasterData_Common.res_company_jinasena_agricultural_machinery_pvt_ltd
tariff_rates_id_27249,10,1,10.0,PAL,Duty,0.0,Jinasena_MasterData_Purchase.tariff_date_id_1276,,0.0,Jinasena_MasterData_Common.res_company_jinasena_agricultural_machinery_pvt_ltd
tariff_rates_id_27250,10,1,0.0,RIDL,Duty,0.0,Jinasena_MasterData_Purchase.tariff_date_id_1276,,0.0,Jinasena_MasterData_Common.res_company_jinasena_agricultural_machinery_pvt_ltd
tariff_rates_id_27251,10,1,0.0,SRL,Duty,0.0,Jinasena_MasterData_Purchase.tariff_date_id_1276,,0.0,Jinasena_MasterData_Common.res_company_jinasena_agricultural_machinery_pvt_ltd
tariff_rates_id_27252,10,1,0.0,Surcharge,Duty,0.0,Jinasena_MasterData_Purchase.tariff_date_id_1276,,0.0,Jinasena_MasterData_Common.res_company_jinasena_agricultural_machinery_pvt_ltd
tariff_rates_id_27253,10,1,0.0,NBT,Taxes,0.0,Jinasena_MasterData_Purchase.tariff_date_id_1276,,0.0,Jinasena_MasterData_Common.res_company_jinasena_agricultural_machinery_pvt_ltd
tariff_rates_id_27254,10,1,0.0,NBT-N,Taxes,0.0,Jinasena_MasterData_Purchase.tariff_date_id_1276,,0.0,Jinasena_MasterData_Common.res_company_jinasena_agricultural_machinery_pvt_ltd
tariff_rates_id_27255,10,1,2.5,SSCL,Taxes,0.0,Jinasena_MasterData_Purchase.tariff_date_id_1276,,0.0,Jinasena_MasterData_Common.res_company_jinasena_agricultural_machinery_pvt_ltd
tariff_rates_id_27256,10,1,18.0,VAT-on-Item,Taxes,0.0,Jinasena_MasterData_Purchase.tariff_date_id_1276,,0.0,Jinasena_MasterData_Common.res_company_jinasena_agricultural_machinery_pvt_ltd
tariff_rates_id_27257,10,1,18.0,VAT-on-GL,Taxes,0.0,Jinasena_MasterData_Purchase.tariff_date_id_1276,,0.0,Jinasena_MasterData_Common.res_company_jinasena_agricultural_machinery_pvt_ltd
tariff_rates_id_27258,10,1,20.0,CID,Duty,0.0,Jinasena_MasterData_Purchase.tariff_date_id_1277,,0.0,Jinasena_MasterData_Common.res_company_jinasena_agricultural_machinery_pvt_ltd
tariff_rates_id_27259,10,1,0.0,EIC,Duty,0.0,Jinasena_MasterData_Purchase.tariff_date_id_1277,,0.0,Jinasena_MasterData_Common.res_company_jinasena_agricultural_machinery_pvt_ltd
tariff_rates_id_27260,10,1,0.0,ESC,Duty,0.0,Jinasena_MasterData_Purchase.tariff_date_id_1277,,0.0,Jinasena_MasterData_Common.res_company_jinasena_agricultural_machinery_pvt_ltd
tariff_rates_id_27261,10,1,0.0,Excise,Duty,0.0,Jinasena_MasterData_Purchase.tariff_date_id_1277,,0.0,Jinasena_MasterData_Common.res_company_jinasena_agricultural_machinery_pvt_ltd
tariff_rates_id_27262,10,1,10.0,PAL,Duty,0.0,Jinasena_MasterData_Purchase.tariff_date_id_1277,,0.0,Jinasena_MasterData_Common.res_company_jinasena_agricultural_machinery_pvt_ltd
tariff_rates_id_27263,10,1,0.0,RIDL,Duty,0.0,Jinasena_MasterData_Purchase.tariff_date_id_1277,,0.0,Jinasena_MasterData_Common.res_company_jinasena_agricultural_machinery_pvt_ltd
tariff_rates_id_27264,10,1,0.0,SRL,Duty,0.0,Jinasena_MasterData_Purchase.tariff_date_id_1277,,0.0,Jinasena_MasterData_Common.res_company_jinasena_agricultural_machinery_pvt_ltd
tariff_rates_id_27265,10,1,0.0,Surcharge,Duty,0.0,Jinasena_MasterData_Purchase.tariff_date_id_1277,,0.0,Jinasena_MasterData_Common.res_company_jinasena_agricultural_machinery_pvt_ltd
tariff_rates_id_27266,10,1,0.0,NBT,Taxes,0.0,Jinasena_MasterData_Purchase.tariff_date_id_1277,,0.0,Jinasena_MasterData_Common.res_company_jinasena_agricultural_machinery_pvt_ltd
tariff_rates_id_27267,10,1,0.0,NBT-N,Taxes,0.0,Jinasena_MasterData_Purchase.tariff_date_id_1277,,0.0,Jinasena_MasterData_Common.res_company_jinasena_agricultural_machinery_pvt_ltd
tariff_rates_id_27268,10,1,2.5,SSCL,Taxes,0.0,Jinasena_MasterData_Purchase.tariff_date_id_1277,,0.0,Jinasena_MasterData_Common.res_company_jinasena_agricultural_machinery_pvt_ltd
tariff_rates_id_27269,10,1,18.0,VAT-on-Item,Taxes,0.0,Jinasena_MasterData_Purchase.tariff_date_id_1277,,0.0,Jinasena_MasterData_Common.res_company_jinasena_agricultural_machinery_pvt_ltd
tariff_rates_id_27270,10,1,18.0,VAT-on-GL,Taxes,0.0,Jinasena_MasterData_Purchase.tariff_date_id_1277,,0.0,Jinasena_MasterData_Common.res_company_jinasena_agricultural_machinery_pvt_ltd
tariff_rates_id_27271,10,1,20.0,CID,Duty,0.0,Jinasena_MasterData_Purchase.tariff_date_id_1278,,0.0,Jinasena_MasterData_Common.res_company_jinasena_agricultural_machinery_pvt_ltd
tariff_rates_id_27272,10,1,0.0,EIC,Duty,0.0,Jinasena_MasterData_Purchase.tariff_date_id_1278,,0.0,Jinasena_MasterData_Common.res_company_jinasena_agricultural_machinery_pvt_ltd
tariff_rates_id_27273,10,1,0.0,ESC,Duty,0.0,Jinasena_MasterData_Purchase.tariff_date_id_1278,,0.0,Jinasena_MasterData_Common.res_company_jinasena_agricultural_machinery_pvt_ltd
tariff_rates_id_27274,10,1,0.0,Excise,Duty,0.0,Jinasena_MasterData_Purchase.tariff_date_id_1278,,0.0,Jinasena_MasterData_Common.res_company_jinasena_agricultural_machinery_pvt_ltd
tariff_rates_id_27275,10,1,5.0,PAL,Duty,0.0,Jinasena_MasterData_Purchase.tariff_date_id_1278,,0.0,Jinasena_MasterData_Common.res_company_jinasena_agricultural_machinery_pvt_ltd
tariff_rates_id_27276,10,1,0.0,RIDL,Duty,0.0,Jinasena_MasterData_Purchase.tariff_date_id_1278,,0.0,Jinasena_MasterData_Common.res_company_jinasena_agricultural_machinery_pvt_ltd
tariff_rates_id_27277,10,1,0.0,SRL,Duty,0.0,Jinasena_MasterData_Purchase.tariff_date_id_1278,,0.0,Jinasena_MasterData_Common.res_company_jinasena_agricultural_machinery_pvt_ltd
tariff_rates_id_27278,10,1,0.0,Surcharge,Duty,0.0,Jinasena_MasterData_Purchase.tariff_date_id_1278,,0.0,Jinasena_MasterData_Common.res_company_jinasena_agricultural_machinery_pvt_ltd
tariff_rates_id_27279,10,1,0.0,NBT,Taxes,0.0,Jinasena_MasterData_Purchase.tariff_date_id_1278,,0.0,Jinasena_MasterData_Common.res_company_jinasena_agricultural_machinery_pvt_ltd
tariff_rates_id_27280,10,1,0.0,NBT-N,Taxes,0.0,Jinasena_MasterData_Purchase.tariff_date_id_1278,,0.0,Jinasena_MasterData_Common.res_company_jinasena_agricultural_machinery_pvt_ltd
tariff_rates_id_27281,10,1,2.5,SSCL,Taxes,0.0,Jinasena_MasterData_Purchase.tariff_date_id_1278,,0.0,Jinasena_MasterData_Common.res_company_jinasena_agricultural_machinery_pvt_ltd
tariff_rates_id_27282,10,1,18.0,VAT-on-Item,Taxes,0.0,Jinasena_MasterData_Purchase.tariff_date_id_1278,,0.0,Jinasena_MasterData_Common.res_company_jinasena_agricultural_machinery_pvt_ltd
tariff_rates_id_27283,10,1,18.0,VAT-on-GL,Taxes,0.0,Jinasena_MasterData_Purchase.tariff_date_id_1278,,0.0,Jinasena_MasterData_Common.res_company_jinasena_agricultural_machinery_pvt_ltd
tariff_rates_id_27284,10,1,0.0,CID,Duty,0.0,Jinasena_MasterData_Purchase.tariff_date_id_1279,,0.0,Jinasena_MasterData_Common.res_company_jinasena_agricultural_machinery_pvt_ltd
tariff_rates_id_27285,10,1,0.0,EIC,Duty,0.0,Jinasena_MasterData_Purchase.tariff_date_id_1279,,0.0,Jinasena_MasterData_Common.res_company_jinasena_agricultural_machinery_pvt_ltd
tariff_rates_id_27286,10,1,0.0,ESC,Duty,0.0,Jinasena_MasterData_Purchase.tariff_date_id_1279,,0.0,Jinasena_MasterData_Common.res_company_jinasena_agricultural_machinery_pvt_ltd
tariff_rates_id_27287,10,1,0.0,Excise,Duty,0.0,Jinasena_MasterData_Purchase.tariff_date_id_1279,,0.0,Jinasena_MasterData_Common.res_company_jinasena_agricultural_machinery_pvt_ltd
tariff_rates_id_27288,10,1,5.0,PAL,Duty,0.0,Jinasena_MasterData_Purchase.tariff_date_id_1279,,0.0,Jinasena_MasterData_Common.res_company_jinasena_agricultural_machinery_pvt_ltd
tariff_rates_id_27289,10,1,0.0,RIDL,Duty,0.0,Jinasena_MasterData_Purchase.tariff_date_id_1279,,0.0,Jinasena_MasterData_Common.res_company_jinasena_agricultural_machinery_pvt_ltd
tariff_rates_id_27290,10,1,0.0,SRL,Duty,0.0,Jinasena_MasterData_Purchase.tariff_date_id_1279,,0.0,Jinasena_MasterData_Common.res_company_jinasena_agricultural_machinery_pvt_ltd
tariff_rates_id_27291,10,1,0.0,Surcharge,Duty,0.0,Jinasena_MasterData_Purchase.tariff_date_id_1279,,0.0,Jinasena_MasterData_Common.res_company_jinasena_agricultural_machinery_pvt_ltd
tariff_rates_id_27292,10,1,2.0,NBT,Taxes,0.0,Jinasena_MasterData_Purchase.tariff_date_id_1279,,0.0,Jinasena_MasterData_Common.res_company_jinasena_agricultural_machinery_pvt_ltd
tariff_rates_id_27293,10,1,2.0,NBT-N,Taxes,0.0,Jinasena_MasterData_Purchase.tariff_date_id_1279,,0.0,Jinasena_MasterData_Common.res_company_jinasena_agricultural_machinery_pvt_ltd
tariff_rates_id_27294,10,1,2.5,SSCL,Taxes,0.0,Jinasena_MasterData_Purchase.tariff_date_id_1279,,0.0,Jinasena_MasterData_Common.res_company_jinasena_agricultural_machinery_pvt_ltd
tariff_rates_id_27295,10,1,11.0,VAT-on-Item,Taxes,0.0,Jinasena_MasterData_Purchase.tariff_date_id_1279,,0.0,Jinasena_MasterData_Common.res_company_jinasena_agricultural_machinery_pvt_ltd
tariff_rates_id_27296,10,1,11.0,VAT-on-GL,Taxes,0.0,Jinasena_MasterData_Purchase.tariff_date_id_1279,,0.0,Jinasena_MasterData_Common.res_company_jinasena_agricultural_machinery_pvt_ltd
tariff_rates_id_27297,10,1,15.0,CID,Duty,0.0,Jinasena_MasterData_Purchase.tariff_date_id_1280,,0.0,Jinasena_MasterData_Common.res_company_jinasena_agricultural_machinery_pvt_ltd
tariff_rates_id_27298,10,1,15.0,EIC,Duty,0.0,Jinasena_MasterData_Purchase.tariff_date_id_1280,,0.0,Jinasena_MasterData_Common.res_company_jinasena_agricultural_machinery_pvt_ltd
tariff_rates_id_27299,10,1,0.0,ESC,Duty,0.0,Jinasena_MasterData_Purchase.tariff_date_id_1280,,0.0,Jinasena_MasterData_Common.res_company_jinasena_agricultural_machinery_pvt_ltd
tariff_rates_id_27300,10,1,0.0,Excise,Duty,0.0,Jinasena_MasterData_Purchase.tariff_date_id_1280,,0.0,Jinasena_MasterData_Common.res_company_jinasena_agricultural_machinery_pvt_ltd
tariff_rates_id_27301,10,1,10.0,PAL,Duty,0.0,Jinasena_MasterData_Purchase.tariff_date_id_1280,,0.0,Jinasena_MasterData_Common.res_company_jinasena_agricultural_machinery_pvt_ltd
tariff_rates_id_27302,10,1,0.0,RIDL,Duty,0.0,Jinasena_MasterData_Purchase.tariff_date_id_1280,,0.0,Jinasena_MasterData_Common.res_company_jinasena_agricultural_machinery_pvt_ltd
tariff_rates_id_27303,10,1,0.0,SRL,Duty,0.0,Jinasena_MasterData_Purchase.tariff_date_id_1280,,0.0,Jinasena_MasterData_Common.res_company_jinasena_agricultural_machinery_pvt_ltd
tariff_rates_id_27304,10,1,0.0,Surcharge,Duty,0.0,Jinasena_MasterData_Purchase.tariff_date_id_1280,,0.0,Jinasena_MasterData_Common.res_company_jinasena_agricultural_machinery_pvt_ltd
tariff_rates_id_27305,10,1,0.0,NBT,Taxes,0.0,Jinasena_MasterData_Purchase.tariff_date_id_1280,,0.0,Jinasena_MasterData_Common.res_company_jinasena_agricultural_machinery_pvt_ltd
tariff_rates_id_27306,10,1,0.0,NBT-N,Taxes,0.0,Jinasena_MasterData_Purchase.tariff_date_id_1280,,0.0,Jinasena_MasterData_Common.res_company_jinasena_agricultural_machinery_pvt_ltd
tariff_rates_id_27307,10,1,0.0,SSCL,Taxes,0.0,Jinasena_MasterData_Purchase.tariff_date_id_1280,,0.0,Jinasena_MasterData_Common.res_company_jinasena_agricultural_machinery_pvt_ltd
tariff_rates_id_27308,10,1,12.0,VAT-on-Item,Taxes,0.0,Jinasena_MasterData_Purchase.tariff_date_id_1280,,0.0,Jinasena_MasterData_Common.res_company_jinasena_agricultural_machinery_pvt_ltd
tariff_rates_id_27309,10,1,12.0,VAT-on-GL,Taxes,0.0,Jinasena_MasterData_Purchase.tariff_date_id_1280,,0.0,Jinasena_MasterData_Common.res_company_jinasena_agricultural_machinery_pvt_ltd
tariff_rates_id_27310,10,1,15.0,CID,Duty,0.0,Jinasena_MasterData_Purchase.tariff_date_id_1281,,0.0,Jinasena_MasterData_Common.res_company_jinasena_agricultural_machinery_pvt_ltd
tariff_rates_id_27311,10,1,15.0,EIC,Duty,0.0,Jinasena_MasterData_Purchase.tariff_date_id_1281,,0.0,Jinasena_MasterData_Common.res_company_jinasena_agricultural_machinery_pvt_ltd
tariff_rates_id_27312,10,1,0.0,ESC,Duty,0.0,Jinasena_MasterData_Purchase.tariff_date_id_1281,,0.0,Jinasena_MasterData_Common.res_company_jinasena_agricultural_machinery_pvt_ltd
tariff_rates_id_27313,10,1,0.0,Excise,Duty,0.0,Jinasena_MasterData_Purchase.tariff_date_id_1281,,0.0,Jinasena_MasterData_Common.res_company_jinasena_agricultural_machinery_pvt_ltd
tariff_rates_id_27314,10,1,10.0,PAL,Duty,0.0,Jinasena_MasterData_Purchase.tariff_date_id_1281,,0.0,Jinasena_MasterData_Common.res_company_jinasena_agricultural_machinery_pvt_ltd
tariff_rates_id_27315,10,1,0.0,RIDL,Duty,0.0,Jinasena_MasterData_Purchase.tariff_date_id_1281,,0.0,Jinasena_MasterData_Common.res_company_jinasena_agricultural_machinery_pvt_ltd
tariff_rates_id_27316,10,1,0.0,SRL,Duty,0.0,Jinasena_MasterData_Purchase.tariff_date_id_1281,,0.0,Jinasena_MasterData_Common.res_company_jinasena_agricultural_machinery_pvt_ltd
tariff_rates_id_27317,10,1,0.0,Surcharge,Duty,0.0,Jinasena_MasterData_Purchase.tariff_date_id_1281,,0.0,Jinasena_MasterData_Common.res_company_jinasena_agricultural_machinery_pvt_ltd
tariff_rates_id_27318,10,1,0.0,NBT,Taxes,0.0,Jinasena_MasterData_Purchase.tariff_date_id_1281,,0.0,Jinasena_MasterData_Common.res_company_jinasena_agricultural_machinery_pvt_ltd
tariff_rates_id_27319,10,1,0.0,NBT-N,Taxes,0.0,Jinasena_MasterData_Purchase.tariff_date_id_1281,,0.0,Jinasena_MasterData_Common.res_company_jinasena_agricultural_machinery_pvt_ltd
tariff_rates_id_27320,10,1,0.0,SSCL,Taxes,0.0,Jinasena_MasterData_Purchase.tariff_date_id_1281,,0.0,Jinasena_MasterData_Common.res_company_jinasena_agricultural_machinery_pvt_ltd
tariff_rates_id_27321,10,1,12.0,VAT-on-Item,Taxes,0.0,Jinasena_MasterData_Purchase.tariff_date_id_1281,,0.0,Jinasena_MasterData_Common.res_company_jinasena_agricultural_machinery_pvt_ltd
tariff_rates_id_27322,10,1,12.0,VAT-on-GL,Taxes,0.0,Jinasena_MasterData_Purchase.tariff_date_id_1281,,0.0,Jinasena_MasterData_Common.res_company_jinasena_agricultural_machinery_pvt_ltd
tariff_rates_id_27323,10,1,15.0,CID,Duty,0.0,Jinasena_MasterData_Purchase.tariff_date_id_1282,,0.0,Jinasena_MasterData_Common.res_company_jinasena_agricultural_machinery_pvt_ltd
tariff_rates_id_27324,10,1,0.0,EIC,Duty,0.0,Jinasena_MasterData_Purchase.tariff_date_id_1282,,0.0,Jinasena_MasterData_Common.res_company_jinasena_agricultural_machinery_pvt_ltd
tariff_rates_id_27325,10,1,15.0,ESC,Duty,0.0,Jinasena_MasterData_Purchase.tariff_date_id_1282,,0.0,Jinasena_MasterData_Common.res_company_jinasena_agricultural_machinery_pvt_ltd
tariff_rates_id_27326,10,1,0.0,Excise,Duty,0.0,Jinasena_MasterData_Purchase.tariff_date_id_1282,,0.0,Jinasena_MasterData_Common.res_company_jinasena_agricultural_machinery_pvt_ltd
tariff_rates_id_27327,10,1,10.0,PAL,Duty,0.0,Jinasena_MasterData_Purchase.tariff_date_id_1282,,0.0,Jinasena_MasterData_Common.res_company_jinasena_agricultural_machinery_pvt_ltd
tariff_rates_id_27328,10,1,0.0,RIDL,Duty,0.0,Jinasena_MasterData_Purchase.tariff_date_id_1282,,0.0,Jinasena_MasterData_Common.res_company_jinasena_agricultural_machinery_pvt_ltd
tariff_rates_id_27329,10,1,0.0,SRL,Duty,0.0,Jinasena_MasterData_Purchase.tariff_date_id_1282,,0.0,Jinasena_MasterData_Common.res_company_jinasena_agricultural_machinery_pvt_ltd
tariff_rates_id_27330,10,1,0.0,Surcharge,Duty,0.0,Jinasena_MasterData_Purchase.tariff_date_id_1282,,0.0,Jinasena_MasterData_Common.res_company_jinasena_agricultural_machinery_pvt_ltd
tariff_rates_id_27331,10,1,0.0,NBT,Taxes,0.0,Jinasena_MasterData_Purchase.tariff_date_id_1282,,0.0,Jinasena_MasterData_Common.res_company_jinasena_agricultural_machinery_pvt_ltd
tariff_rates_id_27332,10,1,0.0,NBT-N,Taxes,0.0,Jinasena_MasterData_Purchase.tariff_date_id_1282,,0.0,Jinasena_MasterData_Common.res_company_jinasena_agricultural_machinery_pvt_ltd
tariff_rates_id_27333,10,1,0.0,SSCL,Taxes,0.0,Jinasena_MasterData_Purchase.tariff_date_id_1282,,0.0,Jinasena_MasterData_Common.res_company_jinasena_agricultural_machinery_pvt_ltd
tariff_rates_id_27334,10,1,12.0,VAT-on-Item,Taxes,0.0,Jinasena_MasterData_Purchase.tariff_date_id_1282,,0.0,Jinasena_MasterData_Common.res_company_jinasena_agricultural_machinery_pvt_ltd
tariff_rates_id_27335,10,1,12.0,VAT-on-GL,Taxes,0.0,Jinasena_MasterData_Purchase.tariff_date_id_1282,,0.0,Jinasena_MasterData_Common.res_company_jinasena_agricultural_machinery_pvt_ltd
tariff_rates_id_27336,10,1,0.0,CID,Duty,0.0,Jinasena_MasterData_Purchase.tariff_date_id_1283,,0.0,Jinasena_MasterData_Common.res_company_jinasena_agricultural_machinery_pvt_ltd
tariff_rates_id_27337,10,1,0.0,EIC,Duty,0.0,Jinasena_MasterData_Purchase.tariff_date_id_1283,,0.0,Jinasena_MasterData_Common.res_company_jinasena_agricultural_machinery_pvt_ltd
tariff_rates_id_27338,10,1,0.0,ESC,Duty,0.0,Jinasena_MasterData_Purchase.tariff_date_id_1283,,0.0,Jinasena_MasterData_Common.res_company_jinasena_agricultural_machinery_pvt_ltd
tariff_rates_id_27339,10,1,0.0,Excise,Duty,0.0,Jinasena_MasterData_Purchase.tariff_date_id_1283,,0.0,Jinasena_MasterData_Common.res_company_jinasena_agricultural_machinery_pvt_ltd
tariff_rates_id_27340,10,1,10.0,PAL,Duty,0.0,Jinasena_MasterData_Purchase.tariff_date_id_1283,,0.0,Jinasena_MasterData_Common.res_company_jinasena_agricultural_machinery_pvt_ltd
tariff_rates_id_27341,10,1,0.0,RIDL,Duty,0.0,Jinasena_MasterData_Purchase.tariff_date_id_1283,,0.0,Jinasena_MasterData_Common.res_company_jinasena_agricultural_machinery_pvt_ltd
tariff_rates_id_27342,10,1,0.0,SRL,Duty,0.0,Jinasena_MasterData_Purchase.tariff_date_id_1283,,0.0,Jinasena_MasterData_Common.res_company_jinasena_agricultural_machinery_pvt_ltd
tariff_rates_id_27343,10,1,0.0,Surcharge,Duty,0.0,Jinasena_MasterData_Purchase.tariff_date_id_1283,,0.0,Jinasena_MasterData_Common.res_company_jinasena_agricultural_machinery_pvt_ltd
tariff_rates_id_27344,10,1,0.0,NBT,Taxes,0.0,Jinasena_MasterData_Purchase.tariff_date_id_1283,,0.0,Jinasena_MasterData_Common.res_company_jinasena_agricultural_machinery_pvt_ltd
tariff_rates_id_27345,10,1,0.0,NBT-N,Taxes,0.0,Jinasena_MasterData_Purchase.tariff_date_id_1283,,0.0,Jinasena_MasterData_Common.res_company_jinasena_agricultural_machinery_pvt_ltd
tariff_rates_id_27346,10,1,2.5,SSCL,Taxes,0.0,Jinasena_MasterData_Purchase.tariff_date_id_1283,,0.0,Jinasena_MasterData_Common.res_company_jinasena_agricultural_machinery_pvt_ltd
tariff_rates_id_27347,10,1,0.0,VAT-on-Item,Taxes,0.0,Jinasena_MasterData_Purchase.tariff_date_id_1283,,0.0,Jinasena_MasterData_Common.res_company_jinasena_agricultural_machinery_pvt_ltd
tariff_rates_id_27348,10,1,0.0,VAT-on-GL,Taxes,0.0,Jinasena_MasterData_Purchase.tariff_date_id_1283,,0.0,Jinasena_MasterData_Common.res_company_jinasena_agricultural_machinery_pvt_ltd
tariff_rates_id_27349,10,1,0.0,CID,Duty,0.0,Jinasena_MasterData_Purchase.tariff_date_id_1284,,0.0,Jinasena_MasterData_Common.res_company_jinasena_agricultural_machinery_pvt_ltd
tariff_rates_id_27350,10,1,0.0,EIC,Duty,0.0,Jinasena_MasterData_Purchase.tariff_date_id_1284,,0.0,Jinasena_MasterData_Common.res_company_jinasena_agricultural_machinery_pvt_ltd
tariff_rates_id_27351,10,1,0.0,ESC,Duty,0.0,Jinasena_MasterData_Purchase.tariff_date_id_1284,,0.0,Jinasena_MasterData_Common.res_company_jinasena_agricultural_machinery_pvt_ltd
tariff_rates_id_27352,10,1,0.0,Excise,Duty,0.0,Jinasena_MasterData_Purchase.tariff_date_id_1284,,0.0,Jinasena_MasterData_Common.res_company_jinasena_agricultural_machinery_pvt_ltd
tariff_rates_id_27353,10,1,10.0,PAL,Duty,0.0,Jinasena_MasterData_Purchase.tariff_date_id_1284,,0.0,Jinasena_MasterData_Common.res_company_jinasena_agricultural_machinery_pvt_ltd
tariff_rates_id_27354,10,1,0.0,RIDL,Duty,0.0,Jinasena_MasterData_Purchase.tariff_date_id_1284,,0.0,Jinasena_MasterData_Common.res_company_jinasena_agricultural_machinery_pvt_ltd
tariff_rates_id_27355,10,1,0.0,SRL,Duty,0.0,Jinasena_MasterData_Purchase.tariff_date_id_1284,,0.0,Jinasena_MasterData_Common.res_company_jinasena_agricultural_machinery_pvt_ltd
tariff_rates_id_27356,10,1,0.0,Surcharge,Duty,0.0,Jinasena_MasterData_Purchase.tariff_date_id_1284,,0.0,Jinasena_MasterData_Common.res_company_jinasena_agricultural_machinery_pvt_ltd
tariff_rates_id_27357,10,1,0.0,NBT,Taxes,0.0,Jinasena_MasterData_Purchase.tariff_date_id_1284,,0.0,Jinasena_MasterData_Common.res_company_jinasena_agricultural_machinery_pvt_ltd
tariff_rates_id_27358,10,1,0.0,NBT-N,Taxes,0.0,Jinasena_MasterData_Purchase.tariff_date_id_1284,,0.0,Jinasena_MasterData_Common.res_company_jinasena_agricultural_machinery_pvt_ltd
tariff_rates_id_27359,10,1,0.0,SSCL,Taxes,0.0,Jinasena_MasterData_Purchase.tariff_date_id_1284,,0.0,Jinasena_MasterData_Common.res_company_jinasena_agricultural_machinery_pvt_ltd
tariff_rates_id_27360,10,1,0.0,VAT-on-Item,Taxes,0.0,Jinasena_MasterData_Purchase.tariff_date_id_1284,,0.0,Jinasena_MasterData_Common.res_company_jinasena_agricultural_machinery_pvt_ltd
tariff_rates_id_27361,10,1,0.0,VAT-on-GL,Taxes,0.0,Jinasena_MasterData_Purchase.tariff_date_id_1284,,0.0,Jinasena_MasterData_Common.res_company_jinasena_agricultural_machinery_pvt_ltd
tariff_rates_id_27362,10,1,0.0,CID,Duty,0.0,Jinasena_MasterData_Purchase.tariff_date_id_1285,,0.0,Jinasena_MasterData_Common.res_company_jinasena_agricultural_machinery_pvt_ltd
tariff_rates_id_27363,10,1,0.0,EIC,Duty,0.0,Jinasena_MasterData_Purchase.tariff_date_id_1285,,0.0,Jinasena_MasterData_Common.res_company_jinasena_agricultural_machinery_pvt_ltd
tariff_rates_id_27364,10,1,0.0,ESC,Duty,0.0,Jinasena_MasterData_Purchase.tariff_date_id_1285,,0.0,Jinasena_MasterData_Common.res_company_jinasena_agricultural_machinery_pvt_ltd
tariff_rates_id_27365,10,1,0.0,Excise,Duty,0.0,Jinasena_MasterData_Purchase.tariff_date_id_1285,,0.0,Jinasena_MasterData_Common.res_company_jinasena_agricultural_machinery_pvt_ltd
tariff_rates_id_27366,10,1,10.0,PAL,Duty,0.0,Jinasena_MasterData_Purchase.tariff_date_id_1285,,0.0,Jinasena_MasterData_Common.res_company_jinasena_agricultural_machinery_pvt_ltd
tariff_rates_id_27367,10,1,0.0,RIDL,Duty,0.0,Jinasena_MasterData_Purchase.tariff_date_id_1285,,0.0,Jinasena_MasterData_Common.res_company_jinasena_agricultural_machinery_pvt_ltd
tariff_rates_id_27368,10,1,0.0,SRL,Duty,0.0,Jinasena_MasterData_Purchase.tariff_date_id_1285,,0.0,Jinasena_MasterData_Common.res_company_jinasena_agricultural_machinery_pvt_ltd
tariff_rates_id_27369,10,1,0.0,Surcharge,Duty,0.0,Jinasena_MasterData_Purchase.tariff_date_id_1285,,0.0,Jinasena_MasterData_Common.res_company_jinasena_agricultural_machinery_pvt_ltd
tariff_rates_id_27370,10,1,0.0,NBT,Taxes,0.0,Jinasena_MasterData_Purchase.tariff_date_id_1285,,0.0,Jinasena_MasterData_Common.res_company_jinasena_agricultural_machinery_pvt_ltd
tariff_rates_id_27371,10,1,0.0,NBT-N,Taxes,0.0,Jinasena_MasterData_Purchase.tariff_date_id_1285,,0.0,Jinasena_MasterData_Common.res_company_jinasena_agricultural_machinery_pvt_ltd
tariff_rates_id_27372,10,1,2.5,SSCL,Taxes,0.0,Jinasena_MasterData_Purchase.tariff_date_id_1285,,0.0,Jinasena_MasterData_Common.res_company_jinasena_agricultural_machinery_pvt_ltd
tariff_rates_id_27373,10,1,18.0,VAT-on-Item,Taxes,0.0,Jinasena_MasterData_Purchase.tariff_date_id_1285,,0.0,Jinasena_MasterData_Common.res_company_jinasena_agricultural_machinery_pvt_ltd
tariff_rates_id_27374,10,1,18.0,VAT-on-GL,Taxes,0.0,Jinasena_MasterData_Purchase.tariff_date_id_1285,,0.0,Jinasena_MasterData_Common.res_company_jinasena_agricultural_machinery_pvt_ltd
tariff_rates_id_27375,10,1,0.0,CID,Duty,0.0,Jinasena_MasterData_Purchase.tariff_date_id_1286,,0.0,Jinasena_MasterData_Common.res_company_jinasena_agricultural_machinery_pvt_ltd
tariff_rates_id_27376,10,1,0.0,EIC,Duty,0.0,Jinasena_MasterData_Purchase.tariff_date_id_1286,,0.0,Jinasena_MasterData_Common.res_company_jinasena_agricultural_machinery_pvt_ltd
tariff_rates_id_27377,10,1,0.0,ESC,Duty,0.0,Jinasena_MasterData_Purchase.tariff_date_id_1286,,0.0,Jinasena_MasterData_Common.res_company_jinasena_agricultural_machinery_pvt_ltd
tariff_rates_id_27378,10,1,0.0,Excise,Duty,0.0,Jinasena_MasterData_Purchase.tariff_date_id_1286,,0.0,Jinasena_MasterData_Common.res_company_jinasena_agricultural_machinery_pvt_ltd
tariff_rates_id_27379,10,1,10.0,PAL,Duty,0.0,Jinasena_MasterData_Purchase.tariff_date_id_1286,,0.0,Jinasena_MasterData_Common.res_company_jinasena_agricultural_machinery_pvt_ltd
tariff_rates_id_27380,10,1,0.0,RIDL,Duty,0.0,Jinasena_MasterData_Purchase.tariff_date_id_1286,,0.0,Jinasena_MasterData_Common.res_company_jinasena_agricultural_machinery_pvt_ltd
tariff_rates_id_27381,10,1,0.0,SRL,Duty,0.0,Jinasena_MasterData_Purchase.tariff_date_id_1286,,0.0,Jinasena_MasterData_Common.res_company_jinasena_agricultural_machinery_pvt_ltd
tariff_rates_id_27382,10,1,0.0,Surcharge,Duty,0.0,Jinasena_MasterData_Purchase.tariff_date_id_1286,,0.0,Jinasena_MasterData_Common.res_company_jinasena_agricultural_machinery_pvt_ltd
tariff_rates_id_27383,10,1,0.0,NBT,Taxes,0.0,Jinasena_MasterData_Purchase.tariff_date_id_1286,,0.0,Jinasena_MasterData_Common.res_company_jinasena_agricultural_machinery_pvt_ltd
tariff_rates_id_27384,10,1,0.0,NBT-N,Taxes,0.0,Jinasena_MasterData_Purchase.tariff_date_id_1286,,0.0,Jinasena_MasterData_Common.res_company_jinasena_agricultural_machinery_pvt_ltd
tariff_rates_id_27385,10,1,2.5,SSCL,Taxes,0.0,Jinasena_MasterData_Purchase.tariff_date_id_1286,,0.0,Jinasena_MasterData_Common.res_company_jinasena_agricultural_machinery_pvt_ltd
tariff_rates_id_27386,10,1,18.0,VAT-on-Item,Taxes,0.0,Jinasena_MasterData_Purchase.tariff_date_id_1286,,0.0,Jinasena_MasterData_Common.res_company_jinasena_agricultural_machinery_pvt_ltd
tariff_rates_id_27387,10,1,18.0,VAT-on-GL,Taxes,0.0,Jinasena_MasterData_Purchase.tariff_date_id_1286,,0.0,Jinasena_MasterData_Common.res_company_jinasena_agricultural_machinery_pvt_ltd
tariff_rates_id_27388,10,1,0.0,CID,Duty,0.0,Jinasena_MasterData_Purchase.tariff_date_id_1287,,0.0,Jinasena_MasterData_Common.res_company_jinasena_agricultural_machinery_pvt_ltd
tariff_rates_id_27389,10,1,0.0,EIC,Duty,0.0,Jinasena_MasterData_Purchase.tariff_date_id_1287,,0.0,Jinasena_MasterData_Common.res_company_jinasena_agricultural_machinery_pvt_ltd
tariff_rates_id_27390,10,1,0.0,ESC,Duty,0.0,Jinasena_MasterData_Purchase.tariff_date_id_1287,,0.0,Jinasena_MasterData_Common.res_company_jinasena_agricultural_machinery_pvt_ltd
tariff_rates_id_27391,10,1,0.0,Excise,Duty,0.0,Jinasena_MasterData_Purchase.tariff_date_id_1287,,0.0,Jinasena_MasterData_Common.res_company_jinasena_agricultural_machinery_pvt_ltd
tariff_rates_id_27392,10,1,5.0,PAL,Duty,0.0,Jinasena_MasterData_Purchase.tariff_date_id_1287,,0.0,Jinasena_MasterData_Common.res_company_jinasena_agricultural_machinery_pvt_ltd
tariff_rates_id_27393,10,1,0.0,RIDL,Duty,0.0,Jinasena_MasterData_Purchase.tariff_date_id_1287,,0.0,Jinasena_MasterData_Common.res_company_jinasena_agricultural_machinery_pvt_ltd
tariff_rates_id_27394,10,1,0.0,SRL,Duty,0.0,Jinasena_MasterData_Purchase.tariff_date_id_1287,,0.0,Jinasena_MasterData_Common.res_company_jinasena_agricultural_machinery_pvt_ltd
tariff_rates_id_27395,10,1,0.0,Surcharge,Duty,0.0,Jinasena_MasterData_Purchase.tariff_date_id_1287,,0.0,Jinasena_MasterData_Common.res_company_jinasena_agricultural_machinery_pvt_ltd
tariff_rates_id_27396,10,1,0.0,NBT,Taxes,0.0,Jinasena_MasterData_Purchase.tariff_date_id_1287,,0.0,Jinasena_MasterData_Common.res_company_jinasena_agricultural_machinery_pvt_ltd
tariff_rates_id_27397,10,1,0.0,NBT-N,Taxes,0.0,Jinasena_MasterData_Purchase.tariff_date_id_1287,,0.0,Jinasena_MasterData_Common.res_company_jinasena_agricultural_machinery_pvt_ltd
tariff_rates_id_27398,10,1,2.5,SSCL,Taxes,0.0,Jinasena_MasterData_Purchase.tariff_date_id_1287,,0.0,Jinasena_MasterData_Common.res_company_jinasena_agricultural_machinery_pvt_ltd
tariff_rates_id_27399,10,1,18.0,VAT-on-Item,Taxes,0.0,Jinasena_MasterData_Purchase.tariff_date_id_1287,,0.0,Jinasena_MasterData_Common.res_company_jinasena_agricultural_machinery_pvt_ltd
tariff_rates_id_27400,10,1,18.0,VAT-on-GL,Taxes,0.0,Jinasena_MasterData_Purchase.tariff_date_id_1287,,0.0,Jinasena_MasterData_Common.res_company_jinasena_agricultural_machinery_pvt_ltd
tariff_rates_id_27401,10,1,0.0,CID,Duty,0.0,Jinasena_MasterData_Purchase.tariff_date_id_1288,,0.0,Jinasena_MasterData_Common.res_company_jinasena_agricultural_machinery_pvt_ltd
tariff_rates_id_27402,10,1,0.0,EIC,Duty,0.0,Jinasena_MasterData_Purchase.tariff_date_id_1288,,0.0,Jinasena_MasterData_Common.res_company_jinasena_agricultural_machinery_pvt_ltd
tariff_rates_id_27403,10,1,0.0,ESC,Duty,0.0,Jinasena_MasterData_Purchase.tariff_date_id_1288,,0.0,Jinasena_MasterData_Common.res_company_jinasena_agricultural_machinery_pvt_ltd
tariff_rates_id_27404,10,1,0.0,Excise,Duty,0.0,Jinasena_MasterData_Purchase.tariff_date_id_1288,,0.0,Jinasena_MasterData_Common.res_company_jinasena_agricultural_machinery_pvt_ltd
tariff_rates_id_27405,10,1,5.0,PAL,Duty,0.0,Jinasena_MasterData_Purchase.tariff_date_id_1288,,0.0,Jinasena_MasterData_Common.res_company_jinasena_agricultural_machinery_pvt_ltd
tariff_rates_id_27406,10,1,0.0,RIDL,Duty,0.0,Jinasena_MasterData_Purchase.tariff_date_id_1288,,0.0,Jinasena_MasterData_Common.res_company_jinasena_agricultural_machinery_pvt_ltd
tariff_rates_id_27407,10,1,0.0,SRL,Duty,0.0,Jinasena_MasterData_Purchase.tariff_date_id_1288,,0.0,Jinasena_MasterData_Common.res_company_jinasena_agricultural_machinery_pvt_ltd
tariff_rates_id_27408,10,1,0.0,Surcharge,Duty,0.0,Jinasena_MasterData_Purchase.tariff_date_id_1288,,0.0,Jinasena_MasterData_Common.res_company_jinasena_agricultural_machinery_pvt_ltd
tariff_rates_id_27409,10,1,0.0,NBT,Taxes,0.0,Jinasena_MasterData_Purchase.tariff_date_id_1288,,0.0,Jinasena_MasterData_Common.res_company_jinasena_agricultural_machinery_pvt_ltd
tariff_rates_id_27410,10,1,0.0,NBT-N,Taxes,0.0,Jinasena_MasterData_Purchase.tariff_date_id_1288,,0.0,Jinasena_MasterData_Common.res_company_jinasena_agricultural_machinery_pvt_ltd
tariff_rates_id_27411,10,1,2.5,SSCL,Taxes,0.0,Jinasena_MasterData_Purchase.tariff_date_id_1288,,0.0,Jinasena_MasterData_Common.res_company_jinasena_agricultural_machinery_pvt_ltd
tariff_rates_id_27412,10,1,18.0,VAT-on-Item,Taxes,0.0,Jinasena_MasterData_Purchase.tariff_date_id_1288,,0.0,Jinasena_MasterData_Common.res_company_jinasena_agricultural_machinery_pvt_ltd
tariff_rates_id_27413,10,1,18.0,VAT-on-GL,Taxes,0.0,Jinasena_MasterData_Purchase.tariff_date_id_1288,,0.0,Jinasena_MasterData_Common.res_company_jinasena_agricultural_machinery_pvt_ltd
tariff_rates_id_27414,10,1,0.0,CID,Duty,0.0,Jinasena_MasterData_Purchase.tariff_date_id_1289,,0.0,Jinasena_MasterData_Common.res_company_jinasena_agricultural_machinery_pvt_ltd
tariff_rates_id_27415,10,1,0.0,EIC,Duty,0.0,Jinasena_MasterData_Purchase.tariff_date_id_1289,,0.0,Jinasena_MasterData_Common.res_company_jinasena_agricultural_machinery_pvt_ltd
tariff_rates_id_27416,10,1,0.0,ESC,Duty,0.0,Jinasena_MasterData_Purchase.tariff_date_id_1289,,0.0,Jinasena_MasterData_Common.res_company_jinasena_agricultural_machinery_pvt_ltd
tariff_rates_id_27417,10,1,0.0,Excise,Duty,0.0,Jinasena_MasterData_Purchase.tariff_date_id_1289,,0.0,Jinasena_MasterData_Common.res_company_jinasena_agricultural_machinery_pvt_ltd
tariff_rates_id_27418,10,1,5.0,PAL,Duty,0.0,Jinasena_MasterData_Purchase.tariff_date_id_1289,,0.0,Jinasena_MasterData_Common.res_company_jinasena_agricultural_machinery_pvt_ltd
tariff_rates_id_27419,10,1,0.0,RIDL,Duty,0.0,Jinasena_MasterData_Purchase.tariff_date_id_1289,,0.0,Jinasena_MasterData_Common.res_company_jinasena_agricultural_machinery_pvt_ltd
tariff_rates_id_27420,10,1,0.0,SRL,Duty,0.0,Jinasena_MasterData_Purchase.tariff_date_id_1289,,0.0,Jinasena_MasterData_Common.res_company_jinasena_agricultural_machinery_pvt_ltd
tariff_rates_id_27421,10,1,0.0,Surcharge,Duty,0.0,Jinasena_MasterData_Purchase.tariff_date_id_1289,,0.0,Jinasena_MasterData_Common.res_company_jinasena_agricultural_machinery_pvt_ltd
tariff_rates_id_27422,10,1,0.0,NBT,Taxes,0.0,Jinasena_MasterData_Purchase.tariff_date_id_1289,,0.0,Jinasena_MasterData_Common.res_company_jinasena_agricultural_machinery_pvt_ltd
tariff_rates_id_27423,10,1,0.0,NBT-N,Taxes,0.0,Jinasena_MasterData_Purchase.tariff_date_id_1289,,0.0,Jinasena_MasterData_Common.res_company_jinasena_agricultural_machinery_pvt_ltd
tariff_rates_id_27424,10,1,2.5,SSCL,Taxes,0.0,Jinasena_MasterData_Purchase.tariff_date_id_1289,,0.0,Jinasena_MasterData_Common.res_company_jinasena_agricultural_machinery_pvt_ltd
tariff_rates_id_27425,10,1,18.0,VAT-on-Item,Taxes,0.0,Jinasena_MasterData_Purchase.tariff_date_id_1289,,0.0,Jinasena_MasterData_Common.res_company_jinasena_agricultural_machinery_pvt_ltd
tariff_rates_id_27426,10,1,18.0,VAT-on-GL,Taxes,0.0,Jinasena_MasterData_Purchase.tariff_date_id_1289,,0.0,Jinasena_MasterData_Common.res_company_jinasena_agricultural_machinery_pvt_ltd
